[2026-10-10 03:27:53.319] [INFO] NFSMW Free Roam Rivals v0.0.41-dev loaded.
[2026-10-10 03:27:53.319] [INFO] Running executable compatibility check.
[2026-10-10 03:27:53.340] [INFO] Executable path: D:\Need For Speed Most Wanted Black Edition\speed.exe
[2026-10-10 03:27:53.340] [INFO] Executable size: 6029312
[2026-10-10 03:27:53.340] [INFO] Executable MD5: C0516B485065FABDD69579816B5DF763
[2026-10-10 03:27:53.340] [INFO] Supported NFSMW v1.3 executable.
[2026-10-10 03:27:53.340] [INFO] Executable guard passed.
[2026-10-10 03:27:53.340] [INFO] Runtime stack: nfsmw-2005-sdk + MWSDK verified live registry + NFSPluginSDK typed gameplay structures.
[2026-10-10 03:27:53.340] [INFO] Configuration file: D:\Need For Speed Most Wanted Black Edition\scripts\FreeRoamRivals\FreeRoamRivals.ini
[2026-10-10 03:27:53.353] [INFO] Diagnostic bundle preset enabled: verified observation probes; F9 manual audit; native prototype flags unchanged.
[2026-10-10 03:27:53.356] [INFO] Native exception observer installed: scripts/FreeRoamRivals/NativeExceptions.log; first-chance only, context unchanged, continue-search; process-lifetime ASI.
[2026-10-10 03:27:53.356] [INFO] Loaded diagnostics: render=1 diagnosticBundle=1 input=1 frameTick=1 motionCapture=1 camera=1 worldCollision=1 nativePrototype=1 nativePrototypeNearPlayer=1 sampleEveryFrames=30
[2026-10-10 03:27:53.367] [WARN] NativePrototype near-player debug enabled: visible creation allowed at 20-120m; road, ground, clearance and pursuit checks retained; cleanup still hidden/300m.
[2026-10-10 03:27:53.367] [INFO] NativePrototype armed: F8 requests one stock Golf GTI; F8 again requests safe cleanup. Experimental engine integration; in-game validation pending.
[2026-10-10 03:27:53.367] [INFO] Challenge fallback input configured: virtualKey=0x47 (edge-triggered, read-only).
[2026-10-10 03:27:53.367] [INFO] World-collision diagnostics armed. Queries require verified gameplay-loop source, completed calls and a consistent FrameTick/gameplay thread.
[2026-10-10 03:27:53.367] [WARN] UseHornToChallenge requested, but the verified MW05 action map exposes no native HORN/HONK action yet. The configured fallback key remains the only active challenge input.
[2026-10-10 03:27:53.367] [INFO] Post-race racer diagnostics armed: gameplay-thread snapshots only; identity correlation does not prove lifetime or authorize mutation.
[2026-10-10 03:27:53.372] [INFO] Gameplay-loop discovery: match=3 callSite=0x66667d target=0x7180cf60 expectedRva=0x263d30 source=WFP_MW05_cdecl_float
[2026-10-10 03:27:53.372] [INFO] Gameplay-loop route: targetOwner=nfsmostwanted.widescreenfix.asi authorization=known_widescreenfix_chain
[2026-10-10 03:27:53.372] [INFO] Main-loop CALL is already chained through the recognized NFSMostWanted.WidescreenFix.asi wrapper; observing that wrapper entry preserves the existing chain.
[2026-10-10 03:27:53.402] [INFO] Gameplay-loop hook installation: MH_OK
[2026-10-10 03:27:53.402] [INFO] Verified main-loop observation installed; fallback input uses post-update callback. No native input-poll count is fabricated.
[2026-10-10 03:27:53.402] [INFO] Guarded D3D9 EndScene/Present observation worker armed; installation and callback delivery are logged separately.
[2026-10-10 03:27:53.402] [INFO] v0.0.41-dev checks full-fleet preservation synchronously at construction, then confirms player and GTI identity/pursuits on two completed frames without freezing unrelated traffic. Native driving and retirement still require game validation. Exception tracing remains enabled.
[2026-10-10 03:27:53.407] [INFO] Render device global resolved: source=pinned_SDK_fallback address=0x982bdc
[2026-10-10 03:27:53.444] [INFO] Render method hook: method=EndScene target=0x73b06720 enabled=1 status=MH_OK module=C:\WINDOWS\SYSTEM32\d3d9.dll
[2026-10-10 03:27:53.473] [INFO] Render method hook: method=Present target=0x73b805d0 enabled=1 status=MH_OK module=C:\WINDOWS\SYSTEM32\d3d9.dll
[2026-10-10 03:27:53.473] [INFO] Render device observation: device=0x95fd800 vtable=0x960075c hooked=1
[2026-10-10 03:27:54.333] [INFO] First render observation reached RuntimeProbe; runtime sampling is active.
[2026-10-10 03:27:54.334] [INFO] FRR_MOTION_V1 capture=707000 cohort=1 generation=0 model=0 timeMs=707968 dt=0 valid=0 safe=0 grounded=0 x=0 y=0 z=0 speed=0 speedometer=0 absolute=0 local=0 linear=0 vx=0 vy=0 vz=0 slip=0 accepted=0 window=0 ratio=0 cv=0 stable=0 metricVerified=0 worldUnitsPerMeter=0
[2026-10-10 03:27:54.334] [INFO] Runtime state changed: mode=NoWorld inWorld=0 raceMode=Unknown loading=0 inNIS=0 fade=0 flow=0 IVehicle=0x0 PVehicle=0x0 raceStatus=0x0 roadNetwork=0x0 pvehicleCount=0 playerCrossCheck=0 vehicles=0 human=0 traffic=0 cops=0 racers=0 none=0 nisCars=0 remote=0 unknown=0 career=unavailable caps=[world:0,player:0,freeroam:0,road:0,roadNav:0,careerRead:0,spawnWrite:0,economyWrite:0,garageWrite:0] motion=unavailable roadNav=unavailable
[2026-10-10 03:27:55.090] [INFO] First verified gameplay-loop callback delivered after original update; native inputPolls remains separate.
[2026-10-10 03:27:55.091] [INFO] DiagnosticBundle module: name=speed.exe base=0x400000 bytes=6786638
[2026-10-10 03:27:55.091] [INFO] DiagnosticBundle module: name=ntdll.dll base=0x76f60000 bytes=1830912
[2026-10-10 03:27:55.091] [INFO] DiagnosticBundle module: name=KERNEL32.DLL base=0x75f10000 bytes=983040
[2026-10-10 03:27:55.091] [INFO] DiagnosticBundle module: name=KERNELBASE.dll base=0x76450000 bytes=2990080
[2026-10-10 03:27:55.091] [INFO] DiagnosticBundle module: name=USER32.dll base=0x76730000 bytes=1994752
[2026-10-10 03:27:55.091] [INFO] DiagnosticBundle module: name=win32u.dll base=0x76920000 bytes=114688
[2026-10-10 03:27:55.091] [INFO] DiagnosticBundle module: name=GDI32.dll base=0x75140000 bytes=139264
[2026-10-10 03:27:55.091] [INFO] DiagnosticBundle module: name=gdi32full.dll base=0x75050000 bytes=958464
[2026-10-10 03:27:55.091] [INFO] DiagnosticBundle module: name=msvcp_win.dll base=0x76290000 bytes=544768
[2026-10-10 03:27:55.091] [INFO] DiagnosticBundle module: name=ucrtbase.dll base=0x759b0000 bytes=1114112
[2026-10-10 03:27:55.091] [INFO] DiagnosticBundle module: name=ADVAPI32.dll base=0x76200000 bytes=544768
[2026-10-10 03:27:55.091] [INFO] DiagnosticBundle module: name=msvcrt.dll base=0x75de0000 bytes=815104
[2026-10-10 03:27:55.091] [INFO] DiagnosticBundle module: name=sechost.dll base=0x75b50000 bytes=544768
[2026-10-10 03:27:55.091] [INFO] DiagnosticBundle module: name=RPCRT4.dll base=0x76960000 bytes=770048
[2026-10-10 03:27:55.091] [INFO] DiagnosticBundle module: name=SHELL32.dll base=0x752d0000 bytes=6705152
[2026-10-10 03:27:55.091] [INFO] DiagnosticBundle module: name=WS2_32.dll base=0x75940000 bytes=434176
[2026-10-10 03:27:55.091] [INFO] DiagnosticBundle module: name=SHFOLDER.dll base=0x73a90000 bytes=24576
[2026-10-10 03:27:55.091] [INFO] DiagnosticBundle module: name=WINMM.dll base=0x731e0000 bytes=208896
[2026-10-10 03:27:55.091] [INFO] DiagnosticBundle module: name=DSOUND.dll base=0x73a10000 bytes=483328
[2026-10-10 03:27:55.091] [INFO] DiagnosticBundle module: name=d3d9.dll base=0x73aa0000 bytes=1548288
[2026-10-10 03:27:55.091] [INFO] DiagnosticBundle module: name=combase.dll base=0x74a20000 bytes=2699264
[2026-10-10 03:27:55.091] [INFO] DiagnosticBundle module: name=TAPI32.dll base=0x739d0000 bytes=225280
[2026-10-10 03:27:55.091] [INFO] DiagnosticBundle module: name=NETAPI32.dll base=0x74040000 bytes=86016
[2026-10-10 03:27:55.091] [INFO] DiagnosticBundle module: name=powrprof.dll base=0x73970000 bytes=348160
[2026-10-10 03:27:55.091] [INFO] DiagnosticBundle module: name=dwmapi.dll base=0x73940000 bytes=155648
[2026-10-10 03:27:55.091] [INFO] DiagnosticBundle module: name=ResampleDmo.DLL base=0x73890000 bytes=651264
[2026-10-10 03:27:55.091] [INFO] DiagnosticBundle module: name=VERSION.dll base=0x74030000 bytes=32768
[2026-10-10 03:27:55.091] [INFO] DiagnosticBundle module: name=OLEAUT32.dll base=0x76a30000 bytes=651264
[2026-10-10 03:27:55.091] [INFO] DiagnosticBundle module: name=shcore.dll base=0x74d80000 bytes=876544
[2026-10-10 03:27:55.091] [INFO] DiagnosticBundle module: name=msdmo.dll base=0x73840000 bytes=36864
[2026-10-10 03:27:55.091] [INFO] DiagnosticBundle module: name=dxcore.dll base=0x73850000 bytes=225280
[2026-10-10 03:27:55.091] [INFO] DiagnosticBundle module: name=winmmbase.dll base=0x73810000 bytes=151552
[2026-10-10 03:27:55.091] [INFO] DiagnosticBundle module: name=cfgmgr32.dll base=0x737c0000 bytes=262144
[2026-10-10 03:27:55.091] [INFO] DiagnosticBundle module: name=DINPUT8.dll base=0x72150000 bytes=3014656
[2026-10-10 03:27:55.091] [INFO] DiagnosticBundle module: name=ole32.dll base=0x75170000 bytes=1404928
[2026-10-10 03:27:55.091] [INFO] DiagnosticBundle module: name=dbghelp.dll base=0x71f60000 bytes=1998848
[2026-10-10 03:27:55.091] [INFO] DiagnosticBundle module: name=dbgcore.DLL base=0x73780000 bytes=196608
[2026-10-10 03:27:55.091] [INFO] DiagnosticBundle module: name=d3dx9_26.dll base=0x1220000 bytes=2400256
[2026-10-10 03:27:55.091] [INFO] DiagnosticBundle module: name=IMM32.DLL base=0x75ed0000 bytes=151552
[2026-10-10 03:27:55.091] [INFO] DiagnosticBundle module: name=Comctl32.dll base=0x71d30000 bytes=2256896
[2026-10-10 03:27:55.092] [INFO] DiagnosticBundle module: name=UMPDC.dll base=0x72670000 bytes=61440
[2026-10-10 03:27:55.092] [INFO] DiagnosticBundle module: name=windows.storage.dll base=0x74300000 bytes=7442432
[2026-10-10 03:27:55.092] [INFO] DiagnosticBundle module: name=shlwapi.dll base=0x74ed0000 bytes=335872
[2026-10-10 03:27:55.092] [INFO] DiagnosticBundle module: name=DINPUT8.dll base=0x72630000 bytes=229376
[2026-10-10 03:27:55.092] [INFO] DiagnosticBundle module: name=inputhost.dll base=0x71bb0000 bytes=1515520
[2026-10-10 03:27:55.092] [INFO] DiagnosticBundle module: name=CoreMessaging.dll base=0x72540000 bytes=917504
[2026-10-10 03:27:55.092] [INFO] DiagnosticBundle module: name=bcryptPrimitives.dll base=0x75ad0000 bytes=499712
[2026-10-10 03:27:55.092] [INFO] DiagnosticBundle module: name=CRYPTBASE.DLL base=0x73c40000 bytes=40960
[2026-10-10 03:27:55.092] [INFO] DiagnosticBundle module: name=kernel.appcore.dll base=0x73e00000 bytes=86016
[2026-10-10 03:27:55.092] [INFO] DiagnosticBundle module: name=FreeRoamRivals.asi base=0x71b50000 bytes=348160
[2026-10-10 03:27:55.092] [INFO] DiagnosticBundle module: name=VCRUNTIME140.dll base=0x72520000 bytes=118784
[2026-10-10 03:27:55.092] [INFO] DiagnosticBundle module: name=MSVCP140.dll base=0x71ab0000 bytes=614400
[2026-10-10 03:27:55.092] [INFO] DiagnosticBundle module: name=MSVCP140_2.dll base=0x71a70000 bytes=253952
[2026-10-10 03:27:55.092] [INFO] DiagnosticBundle module: name=HelicopterOptions.asi base=0x71a20000 bytes=311296
[2026-10-10 03:27:55.092] [INFO] DiagnosticBundle module: name=NFSMostWanted.WidescreenFix.asi base=0x717e0000 bytes=2314240
[2026-10-10 03:27:55.092] [INFO] DiagnosticBundle module: name=d3dx9_43.dll base=0x715e0000 bytes=2093056
[2026-10-10 03:27:55.092] [INFO] DiagnosticBundle module: name=profapi.dll base=0x73e20000 bytes=122880
[2026-10-10 03:27:55.092] [INFO] DiagnosticBundle module: name=nfsmw-rpc.asi base=0x71570000 bytes=454656
[2026-10-10 03:27:55.092] [INFO] DiagnosticBundle module: name=discord-rpc.dll base=0x714e0000 bytes=540672
[2026-10-10 03:27:55.092] [INFO] DiagnosticBundle module: name=NFSMWExtraOptions.asi base=0x71490000 bytes=294912
[2026-10-10 03:27:55.092] [INFO] DiagnosticBundle module: name=NFSMWHDContentSupport.asi base=0x71450000 bytes=212992
[2026-10-10 03:27:55.092] [INFO] DiagnosticBundle module: name=NFSMWHDReflections.asi base=0x71400000 bytes=278528
[2026-10-10 03:27:55.092] [INFO] DiagnosticBundle module: name=NFSMW_XenonEffects.asi base=0x72500000 bytes=90112
[2026-10-10 03:27:55.092] [INFO] DiagnosticBundle module: name=NFS_XtendedInput.asi base=0x713e0000 bytes=106496
[2026-10-10 03:27:55.092] [INFO] DiagnosticBundle module: name=XINPUT1_4.dll base=0x713c0000 bytes=86016
[2026-10-10 03:27:55.092] [INFO] DiagnosticBundle module: name=DEVOBJ.dll base=0x71390000 bytes=151552
[2026-10-10 03:27:55.092] [INFO] DiagnosticBundle module: name=SpeedReflect.asi base=0x71370000 bytes=90112
[2026-10-10 03:27:55.092] [INFO] DiagnosticBundle module: name=TexWizard.asi base=0x71310000 bytes=339968
[2026-10-10 03:27:55.092] [INFO] DiagnosticBundle module: name=uxtheme.dll base=0x730e0000 bytes=516096
[2026-10-10 03:27:55.092] [INFO] DiagnosticBundle module: name=nvldumd.dll base=0x71260000 bytes=659456
[2026-10-10 03:27:55.092] [INFO] DiagnosticBundle module: name=msasn1.dll base=0x72ae0000 bytes=57344
[2026-10-10 03:27:55.092] [INFO] DiagnosticBundle module: name=cryptnet.dll base=0x72430000 bytes=176128
[2026-10-10 03:27:55.092] [INFO] DiagnosticBundle module: name=CRYPT32.dll base=0x760e0000 bytes=1105920
[2026-10-10 03:27:55.092] [INFO] DiagnosticBundle module: name=wldp.dll base=0x711f0000 bytes=376832
[2026-10-10 03:27:55.092] [INFO] DiagnosticBundle module: name=drvstore.dll base=0x710c0000 bytes=1224704
[2026-10-10 03:27:55.092] [INFO] DiagnosticBundle module: name=wintrust.dll base=0x74e60000 bytes=421888
[2026-10-10 03:27:55.092] [INFO] DiagnosticBundle module: name=imagehlp.dll base=0x75eb0000 bytes=110592
[2026-10-10 03:27:55.092] [INFO] DiagnosticBundle module: name=CRYPTSP.dll base=0x72ac0000 bytes=81920
[2026-10-10 03:27:55.092] [INFO] DiagnosticBundle module: name=rsaenh.dll base=0x72a80000 bytes=204800
[2026-10-10 03:27:55.092] [INFO] DiagnosticBundle module: name=bcrypt.dll base=0x73550000 bytes=114688
[2026-10-10 03:27:55.092] [INFO] DiagnosticBundle module: name=nvgpucomp32.dll base=0x6bb70000 bytes=89407488
[2026-10-10 03:27:55.092] [INFO] DiagnosticBundle module: name=NvMemMapStorage.dll base=0x6ba50000 bytes=1118208
[2026-10-10 03:27:55.092] [INFO] DiagnosticBundle module: name=nvd3dum.dll base=0x68e90000 bytes=45862912
[2026-10-10 03:27:55.092] [INFO] DiagnosticBundle module: name=directxdatabasehelper.dll base=0x68e30000 bytes=315392
[2026-10-10 03:27:55.092] [INFO] DiagnosticBundle module: name=MSCTF.dll base=0x74f30000 bytes=1142784
[2026-10-10 03:27:55.092] [INFO] DiagnosticBundle module: name=textinputframework.dll base=0x68d20000 bytes=1044480
[2026-10-10 03:27:55.092] [INFO] DiagnosticBundle module: name=CoreUIComponents.dll base=0x68a80000 bytes=2699264
[2026-10-10 03:27:55.092] [INFO] DiagnosticBundle module: name=wintypes.dll base=0x68980000 bytes=1019904
[2026-10-10 03:27:55.092] [INFO] DiagnosticBundle module: name=nvspcap.dll base=0x68840000 bytes=1282048
[2026-10-10 03:27:55.092] [INFO] DiagnosticBundle module: name=ntmarta.dll base=0x73170000 bytes=167936
[2026-10-10 03:27:55.092] [INFO] DiagnosticBundle module: name=gpapi.dll base=0x68810000 bytes=126976
[2026-10-10 03:27:55.092] [INFO] DiagnosticBundle module: name=nvppe.dll base=0x686c0000 bytes=1314816
[2026-10-10 03:27:55.092] [INFO] DiagnosticBundle module: name=dcomp.dll base=0x68520000 bytes=1630208
[2026-10-10 03:27:55.092] [INFO] DiagnosticBundle module: name=Microsoft.Internal.WarpPal.dll base=0x68500000 bytes=73728
[2026-10-10 03:27:55.092] [INFO] DiagnosticBundle module: name=clbcatq.dll base=0x763c0000 bytes=548864
[2026-10-10 03:27:55.092] [INFO] DiagnosticBundle module: name=MMDevApi.dll base=0x68470000 bytes=552960
[2026-10-10 03:27:55.092] [INFO] DiagnosticBundle module: name=AUDIOSES.DLL base=0x682f0000 bytes=1511424
[2026-10-10 03:27:55.092] [INFO] DiagnosticBundle module: name=resourcepolicyclient.dll base=0x682d0000 bytes=65536
[2026-10-10 03:27:55.092] [INFO] DiagnosticBundle module: name=Windows.UI.dll base=0x681b0000 bytes=1118208
[2026-10-10 03:27:55.092] [INFO] DiagnosticBundle module: name=avrt.dll base=0x73770000 bytes=36864
[2026-10-10 03:27:55.092] [INFO] DiagnosticBundle module inventory: reason=first_gameplay_callback count=100 truncated=0 complete=1
[2026-10-10 03:27:55.092] [INFO] DiagnosticBundle ready: F9 requests bounded code/module/world audit; F8 prototype is a separate opt-in.
[2026-10-10 03:27:55.092] [INFO] PostRace observation revoked: inWorld=0 nis=0 fade=0 loading=0 playerCrossCheck=0 raceEvidenceRetained=0 capturedRaceCount=0 readOnly=1 lifetimeProven=0
[2026-10-10 03:27:55.232] [INFO] FRR_MOTION_V1 capture=707000 cohort=2 generation=0 model=0 timeMs=708875 dt=0 valid=0 safe=0 grounded=0 x=0 y=0 z=0 speed=0 speedometer=0 absolute=0 local=0 linear=0 vx=0 vy=0 vz=0 slip=0 accepted=0 window=0 ratio=0 cv=0 stable=0 metricVerified=0 worldUnitsPerMeter=0
[2026-10-10 03:27:55.232] [INFO] Underground Blacklist diagnostic: unlocked=0 completed=0 currentRank=0 targetSpawnEligible=0 persistence=pending.
[2026-10-10 03:27:55.232] [INFO] Runtime state changed: mode=NoWorld inWorld=0 raceMode=Unknown loading=0 inNIS=0 fade=0 flow=1 IVehicle=0x0 PVehicle=0x0 raceStatus=0x0 roadNetwork=0x0 pvehicleCount=0 playerCrossCheck=0 vehicles=0 human=0 traffic=0 cops=0 racers=0 none=0 nisCars=0 remote=0 unknown=0 cash=0 careerCars=0 currentCarHandle=305419896 careerCompleted=0 profileKey=unavailable caps=[world:0,player:0,freeroam:0,road:0,roadNav:0,careerRead:1,spawnWrite:0,economyWrite:0,garageWrite:0] motion=unavailable roadNav=unavailable
[2026-10-10 03:27:55.346] [INFO] FRR_MOTION_V1 capture=707000 cohort=3 generation=0 model=0 timeMs=708984 dt=0 valid=0 safe=0 grounded=0 x=0 y=0 z=0 speed=0 speedometer=0 absolute=0 local=0 linear=0 vx=0 vy=0 vz=0 slip=0 accepted=0 window=0 ratio=0 cv=0 stable=0 metricVerified=0 worldUnitsPerMeter=0
[2026-10-10 03:27:55.346] [INFO] Runtime state changed: mode=NoWorld inWorld=0 raceMode=Unknown loading=0 inNIS=0 fade=0 flow=3 IVehicle=0x0 PVehicle=0x0 raceStatus=0x0 roadNetwork=0x0 pvehicleCount=0 playerCrossCheck=0 vehicles=0 human=0 traffic=0 cops=0 racers=0 none=0 nisCars=0 remote=0 unknown=0 cash=0 careerCars=0 currentCarHandle=305419896 careerCompleted=0 profileKey=unavailable caps=[world:0,player:0,freeroam:0,road:0,roadNav:0,careerRead:1,spawnWrite:0,economyWrite:0,garageWrite:0] motion=unavailable roadNav=unavailable
[2026-10-10 03:27:55.471] [INFO] FRR_MOTION_V1 capture=707000 cohort=4 generation=0 model=0 timeMs=709109 dt=0 valid=0 safe=0 grounded=0 x=0 y=0 z=0 speed=0 speedometer=0 absolute=0 local=0 linear=0 vx=0 vy=0 vz=0 slip=0 accepted=0 window=0 ratio=0 cv=0 stable=0 metricVerified=0 worldUnitsPerMeter=0
[2026-10-10 03:27:55.619] [INFO] PostRace observation revoked: inWorld=0 nis=0 fade=0 loading=0 playerCrossCheck=0 raceEvidenceRetained=0 capturedRaceCount=0 readOnly=1 lifetimeProven=0
[2026-10-10 03:27:55.647] [INFO] FRR_MOTION_V1 capture=707000 cohort=5 generation=0 model=0 timeMs=709281 dt=0 valid=0 safe=0 grounded=0 x=0 y=0 z=0 speed=0 speedometer=0 absolute=0 local=0 linear=0 vx=0 vy=0 vz=0 slip=0 accepted=0 window=0 ratio=0 cv=0 stable=0 metricVerified=0 worldUnitsPerMeter=0
[2026-10-10 03:27:55.771] [INFO] FRR_MOTION_V1 capture=707000 cohort=6 generation=0 model=0 timeMs=709406 dt=0 valid=0 safe=0 grounded=0 x=0 y=0 z=0 speed=0 speedometer=0 absolute=0 local=0 linear=0 vx=0 vy=0 vz=0 slip=0 accepted=0 window=0 ratio=0 cv=0 stable=0 metricVerified=0 worldUnitsPerMeter=0
[2026-10-10 03:27:55.897] [INFO] FRR_MOTION_V1 capture=707000 cohort=7 generation=0 model=0 timeMs=709531 dt=0 valid=0 safe=0 grounded=0 x=0 y=0 z=0 speed=0 speedometer=0 absolute=0 local=0 linear=0 vx=0 vy=0 vz=0 slip=0 accepted=0 window=0 ratio=0 cv=0 stable=0 metricVerified=0 worldUnitsPerMeter=0
[2026-10-10 03:27:56.022] [INFO] FRR_MOTION_V1 capture=707000 cohort=8 generation=0 model=0 timeMs=709656 dt=0 valid=0 safe=0 grounded=0 x=0 y=0 z=0 speed=0 speedometer=0 absolute=0 local=0 linear=0 vx=0 vy=0 vz=0 slip=0 accepted=0 window=0 ratio=0 cv=0 stable=0 metricVerified=0 worldUnitsPerMeter=0
[2026-10-10 03:27:56.121] [INFO] PostRace observation revoked: inWorld=0 nis=0 fade=0 loading=0 playerCrossCheck=0 raceEvidenceRetained=0 capturedRaceCount=0 readOnly=1 lifetimeProven=0
[2026-10-10 03:27:56.146] [INFO] FRR_MOTION_V1 capture=707000 cohort=9 generation=0 model=0 timeMs=709781 dt=0 valid=0 safe=0 grounded=0 x=0 y=0 z=0 speed=0 speedometer=0 absolute=0 local=0 linear=0 vx=0 vy=0 vz=0 slip=0 accepted=0 window=0 ratio=0 cv=0 stable=0 metricVerified=0 worldUnitsPerMeter=0
[2026-10-10 03:27:56.271] [INFO] FRR_MOTION_V1 capture=707000 cohort=10 generation=0 model=0 timeMs=709906 dt=0 valid=0 safe=0 grounded=0 x=0 y=0 z=0 speed=0 speedometer=0 absolute=0 local=0 linear=0 vx=0 vy=0 vz=0 slip=0 accepted=0 window=0 ratio=0 cv=0 stable=0 metricVerified=0 worldUnitsPerMeter=0
[2026-10-10 03:27:56.397] [INFO] FRR_MOTION_V1 capture=707000 cohort=11 generation=0 model=0 timeMs=710031 dt=0 valid=0 safe=0 grounded=0 x=0 y=0 z=0 speed=0 speedometer=0 absolute=0 local=0 linear=0 vx=0 vy=0 vz=0 slip=0 accepted=0 window=0 ratio=0 cv=0 stable=0 metricVerified=0 worldUnitsPerMeter=0
[2026-10-10 03:27:56.521] [INFO] FRR_MOTION_V1 capture=707000 cohort=12 generation=0 model=0 timeMs=710156 dt=0 valid=0 safe=0 grounded=0 x=0 y=0 z=0 speed=0 speedometer=0 absolute=0 local=0 linear=0 vx=0 vy=0 vz=0 slip=0 accepted=0 window=0 ratio=0 cv=0 stable=0 metricVerified=0 worldUnitsPerMeter=0
[2026-10-10 03:27:56.621] [INFO] PostRace observation revoked: inWorld=0 nis=0 fade=0 loading=0 playerCrossCheck=0 raceEvidenceRetained=0 capturedRaceCount=0 readOnly=1 lifetimeProven=0
[2026-10-10 03:27:56.647] [INFO] FRR_MOTION_V1 capture=707000 cohort=13 generation=0 model=0 timeMs=710281 dt=0 valid=0 safe=0 grounded=0 x=0 y=0 z=0 speed=0 speedometer=0 absolute=0 local=0 linear=0 vx=0 vy=0 vz=0 slip=0 accepted=0 window=0 ratio=0 cv=0 stable=0 metricVerified=0 worldUnitsPerMeter=0
[2026-10-10 03:27:56.772] [INFO] FRR_MOTION_V1 capture=707000 cohort=14 generation=0 model=0 timeMs=710406 dt=0 valid=0 safe=0 grounded=0 x=0 y=0 z=0 speed=0 speedometer=0 absolute=0 local=0 linear=0 vx=0 vy=0 vz=0 slip=0 accepted=0 window=0 ratio=0 cv=0 stable=0 metricVerified=0 worldUnitsPerMeter=0
[2026-10-10 03:27:56.896] [INFO] FRR_MOTION_V1 capture=707000 cohort=15 generation=0 model=0 timeMs=710531 dt=0 valid=0 safe=0 grounded=0 x=0 y=0 z=0 speed=0 speedometer=0 absolute=0 local=0 linear=0 vx=0 vy=0 vz=0 slip=0 accepted=0 window=0 ratio=0 cv=0 stable=0 metricVerified=0 worldUnitsPerMeter=0
[2026-10-10 03:27:57.022] [INFO] FRR_MOTION_V1 capture=707000 cohort=16 generation=0 model=0 timeMs=710656 dt=0 valid=0 safe=0 grounded=0 x=0 y=0 z=0 speed=0 speedometer=0 absolute=0 local=0 linear=0 vx=0 vy=0 vz=0 slip=0 accepted=0 window=0 ratio=0 cv=0 stable=0 metricVerified=0 worldUnitsPerMeter=0
[2026-10-10 03:27:57.121] [INFO] PostRace observation revoked: inWorld=0 nis=0 fade=0 loading=0 playerCrossCheck=0 raceEvidenceRetained=0 capturedRaceCount=0 readOnly=1 lifetimeProven=0
[2026-10-10 03:27:57.146] [INFO] FRR_MOTION_V1 capture=707000 cohort=17 generation=0 model=0 timeMs=710781 dt=0 valid=0 safe=0 grounded=0 x=0 y=0 z=0 speed=0 speedometer=0 absolute=0 local=0 linear=0 vx=0 vy=0 vz=0 slip=0 accepted=0 window=0 ratio=0 cv=0 stable=0 metricVerified=0 worldUnitsPerMeter=0
[2026-10-10 03:27:57.271] [INFO] FRR_MOTION_V1 capture=707000 cohort=18 generation=0 model=0 timeMs=710906 dt=0 valid=0 safe=0 grounded=0 x=0 y=0 z=0 speed=0 speedometer=0 absolute=0 local=0 linear=0 vx=0 vy=0 vz=0 slip=0 accepted=0 window=0 ratio=0 cv=0 stable=0 metricVerified=0 worldUnitsPerMeter=0
[2026-10-10 03:27:57.397] [INFO] FRR_MOTION_V1 capture=707000 cohort=19 generation=0 model=0 timeMs=711031 dt=0 valid=0 safe=0 grounded=0 x=0 y=0 z=0 speed=0 speedometer=0 absolute=0 local=0 linear=0 vx=0 vy=0 vz=0 slip=0 accepted=0 window=0 ratio=0 cv=0 stable=0 metricVerified=0 worldUnitsPerMeter=0
[2026-10-10 03:27:57.522] [INFO] FRR_MOTION_V1 capture=707000 cohort=20 generation=0 model=0 timeMs=711156 dt=0 valid=0 safe=0 grounded=0 x=0 y=0 z=0 speed=0 speedometer=0 absolute=0 local=0 linear=0 vx=0 vy=0 vz=0 slip=0 accepted=0 window=0 ratio=0 cv=0 stable=0 metricVerified=0 worldUnitsPerMeter=0
[2026-10-10 03:27:57.621] [INFO] PostRace observation revoked: inWorld=0 nis=0 fade=0 loading=0 playerCrossCheck=0 raceEvidenceRetained=0 capturedRaceCount=0 readOnly=1 lifetimeProven=0
[2026-10-10 03:27:57.647] [INFO] FRR_MOTION_V1 capture=707000 cohort=21 generation=0 model=0 timeMs=711281 dt=0 valid=0 safe=0 grounded=0 x=0 y=0 z=0 speed=0 speedometer=0 absolute=0 local=0 linear=0 vx=0 vy=0 vz=0 slip=0 accepted=0 window=0 ratio=0 cv=0 stable=0 metricVerified=0 worldUnitsPerMeter=0
[2026-10-10 03:27:57.647] [INFO] Runtime heartbeat: mode=NoWorld inWorld=0 raceMode=Unknown loading=0 inNIS=0 fade=0 flow=3 IVehicle=0x0 PVehicle=0x0 raceStatus=0x0 roadNetwork=0x0 pvehicleCount=0 playerCrossCheck=0 vehicles=0 human=0 traffic=0 cops=0 racers=0 none=0 nisCars=0 remote=0 unknown=0 cash=0 careerCars=0 currentCarHandle=305419896 careerCompleted=0 profileKey=unavailable caps=[world:0,player:0,freeroam:0,road:0,roadNav:0,careerRead:1,spawnWrite:0,economyWrite:0,garageWrite:0] motion=unavailable roadNav=unavailable
[2026-10-10 03:27:57.647] [INFO] Primary-camera observation: coherent=0 viewId=0 coordinateMapping=sim(z,-x,y)_to_render fullPlayerViewCoverageVerified=0 renderEnvelopeVerified=0 spawnVisibilityVerified=0
[2026-10-10 03:27:57.647] [INFO] World-collision evidence: addressAvailable=1 gameplayThreadConfirmed=1 result=pending_or_unavailable cameraVisibilityVerified=0 streamingVerified=0
[2026-10-10 03:27:57.772] [INFO] FRR_MOTION_V1 capture=707000 cohort=22 generation=0 model=0 timeMs=711406 dt=0 valid=0 safe=0 grounded=0 x=0 y=0 z=0 speed=0 speedometer=0 absolute=0 local=0 linear=0 vx=0 vy=0 vz=0 slip=0 accepted=0 window=0 ratio=0 cv=0 stable=0 metricVerified=0 worldUnitsPerMeter=0
[2026-10-10 03:27:57.897] [INFO] FRR_MOTION_V1 capture=707000 cohort=23 generation=0 model=0 timeMs=711531 dt=0 valid=0 safe=0 grounded=0 x=0 y=0 z=0 speed=0 speedometer=0 absolute=0 local=0 linear=0 vx=0 vy=0 vz=0 slip=0 accepted=0 window=0 ratio=0 cv=0 stable=0 metricVerified=0 worldUnitsPerMeter=0
[2026-10-10 03:27:58.021] [INFO] FRR_MOTION_V1 capture=707000 cohort=24 generation=0 model=0 timeMs=711656 dt=0 valid=0 safe=0 grounded=0 x=0 y=0 z=0 speed=0 speedometer=0 absolute=0 local=0 linear=0 vx=0 vy=0 vz=0 slip=0 accepted=0 window=0 ratio=0 cv=0 stable=0 metricVerified=0 worldUnitsPerMeter=0
[2026-10-10 03:27:58.121] [INFO] PostRace observation revoked: inWorld=0 nis=0 fade=0 loading=0 playerCrossCheck=0 raceEvidenceRetained=0 capturedRaceCount=0 readOnly=1 lifetimeProven=0
[2026-10-10 03:27:58.147] [INFO] FRR_MOTION_V1 capture=707000 cohort=25 generation=0 model=0 timeMs=711781 dt=0 valid=0 safe=0 grounded=0 x=0 y=0 z=0 speed=0 speedometer=0 absolute=0 local=0 linear=0 vx=0 vy=0 vz=0 slip=0 accepted=0 window=0 ratio=0 cv=0 stable=0 metricVerified=0 worldUnitsPerMeter=0
[2026-10-10 03:27:58.272] [INFO] FRR_MOTION_V1 capture=707000 cohort=26 generation=0 model=0 timeMs=711906 dt=0 valid=0 safe=0 grounded=0 x=0 y=0 z=0 speed=0 speedometer=0 absolute=0 local=0 linear=0 vx=0 vy=0 vz=0 slip=0 accepted=0 window=0 ratio=0 cv=0 stable=0 metricVerified=0 worldUnitsPerMeter=0
[2026-10-10 03:27:58.397] [INFO] FRR_MOTION_V1 capture=707000 cohort=27 generation=0 model=0 timeMs=712031 dt=0 valid=0 safe=0 grounded=0 x=0 y=0 z=0 speed=0 speedometer=0 absolute=0 local=0 linear=0 vx=0 vy=0 vz=0 slip=0 accepted=0 window=0 ratio=0 cv=0 stable=0 metricVerified=0 worldUnitsPerMeter=0
[2026-10-10 03:27:58.521] [INFO] FRR_MOTION_V1 capture=707000 cohort=28 generation=0 model=0 timeMs=712156 dt=0 valid=0 safe=0 grounded=0 x=0 y=0 z=0 speed=0 speedometer=0 absolute=0 local=0 linear=0 vx=0 vy=0 vz=0 slip=0 accepted=0 window=0 ratio=0 cv=0 stable=0 metricVerified=0 worldUnitsPerMeter=0
[2026-10-10 03:27:58.621] [INFO] PostRace observation revoked: inWorld=0 nis=0 fade=0 loading=0 playerCrossCheck=0 raceEvidenceRetained=0 capturedRaceCount=0 readOnly=1 lifetimeProven=0
[2026-10-10 03:27:58.646] [INFO] FRR_MOTION_V1 capture=707000 cohort=29 generation=0 model=0 timeMs=712281 dt=0 valid=0 safe=0 grounded=0 x=0 y=0 z=0 speed=0 speedometer=0 absolute=0 local=0 linear=0 vx=0 vy=0 vz=0 slip=0 accepted=0 window=0 ratio=0 cv=0 stable=0 metricVerified=0 worldUnitsPerMeter=0
[2026-10-10 03:27:58.772] [INFO] FRR_MOTION_V1 capture=707000 cohort=30 generation=0 model=0 timeMs=712406 dt=0 valid=0 safe=0 grounded=0 x=0 y=0 z=0 speed=0 speedometer=0 absolute=0 local=0 linear=0 vx=0 vy=0 vz=0 slip=0 accepted=0 window=0 ratio=0 cv=0 stable=0 metricVerified=0 worldUnitsPerMeter=0
[2026-10-10 03:27:58.896] [INFO] FRR_MOTION_V1 capture=707000 cohort=31 generation=0 model=0 timeMs=712531 dt=0 valid=0 safe=0 grounded=0 x=0 y=0 z=0 speed=0 speedometer=0 absolute=0 local=0 linear=0 vx=0 vy=0 vz=0 slip=0 accepted=0 window=0 ratio=0 cv=0 stable=0 metricVerified=0 worldUnitsPerMeter=0
[2026-10-10 03:27:59.021] [INFO] FRR_MOTION_V1 capture=707000 cohort=32 generation=0 model=0 timeMs=712656 dt=0 valid=0 safe=0 grounded=0 x=0 y=0 z=0 speed=0 speedometer=0 absolute=0 local=0 linear=0 vx=0 vy=0 vz=0 slip=0 accepted=0 window=0 ratio=0 cv=0 stable=0 metricVerified=0 worldUnitsPerMeter=0
[2026-10-10 03:27:59.121] [INFO] PostRace observation revoked: inWorld=0 nis=0 fade=0 loading=0 playerCrossCheck=0 raceEvidenceRetained=0 capturedRaceCount=0 readOnly=1 lifetimeProven=0
[2026-10-10 03:27:59.147] [INFO] FRR_MOTION_V1 capture=707000 cohort=33 generation=0 model=0 timeMs=712781 dt=0 valid=0 safe=0 grounded=0 x=0 y=0 z=0 speed=0 speedometer=0 absolute=0 local=0 linear=0 vx=0 vy=0 vz=0 slip=0 accepted=0 window=0 ratio=0 cv=0 stable=0 metricVerified=0 worldUnitsPerMeter=0
[2026-10-10 03:27:59.272] [INFO] FRR_MOTION_V1 capture=707000 cohort=34 generation=0 model=0 timeMs=712906 dt=0 valid=0 safe=0 grounded=0 x=0 y=0 z=0 speed=0 speedometer=0 absolute=0 local=0 linear=0 vx=0 vy=0 vz=0 slip=0 accepted=0 window=0 ratio=0 cv=0 stable=0 metricVerified=0 worldUnitsPerMeter=0
[2026-10-10 03:27:59.397] [INFO] FRR_MOTION_V1 capture=707000 cohort=35 generation=0 model=0 timeMs=713031 dt=0 valid=0 safe=0 grounded=0 x=0 y=0 z=0 speed=0 speedometer=0 absolute=0 local=0 linear=0 vx=0 vy=0 vz=0 slip=0 accepted=0 window=0 ratio=0 cv=0 stable=0 metricVerified=0 worldUnitsPerMeter=0
[2026-10-10 03:27:59.522] [INFO] FRR_MOTION_V1 capture=707000 cohort=36 generation=0 model=0 timeMs=713156 dt=0 valid=0 safe=0 grounded=0 x=0 y=0 z=0 speed=0 speedometer=0 absolute=0 local=0 linear=0 vx=0 vy=0 vz=0 slip=0 accepted=0 window=0 ratio=0 cv=0 stable=0 metricVerified=0 worldUnitsPerMeter=0
[2026-10-10 03:27:59.621] [INFO] PostRace observation revoked: inWorld=0 nis=0 fade=0 loading=0 playerCrossCheck=0 raceEvidenceRetained=0 capturedRaceCount=0 readOnly=1 lifetimeProven=0
[2026-10-10 03:27:59.647] [INFO] FRR_MOTION_V1 capture=707000 cohort=37 generation=0 model=0 timeMs=713281 dt=0 valid=0 safe=0 grounded=0 x=0 y=0 z=0 speed=0 speedometer=0 absolute=0 local=0 linear=0 vx=0 vy=0 vz=0 slip=0 accepted=0 window=0 ratio=0 cv=0 stable=0 metricVerified=0 worldUnitsPerMeter=0
[2026-10-10 03:27:59.771] [INFO] FRR_MOTION_V1 capture=707000 cohort=38 generation=0 model=0 timeMs=713406 dt=0 valid=0 safe=0 grounded=0 x=0 y=0 z=0 speed=0 speedometer=0 absolute=0 local=0 linear=0 vx=0 vy=0 vz=0 slip=0 accepted=0 window=0 ratio=0 cv=0 stable=0 metricVerified=0 worldUnitsPerMeter=0
[2026-10-10 03:27:59.897] [INFO] FRR_MOTION_V1 capture=707000 cohort=39 generation=0 model=0 timeMs=713531 dt=0 valid=0 safe=0 grounded=0 x=0 y=0 z=0 speed=0 speedometer=0 absolute=0 local=0 linear=0 vx=0 vy=0 vz=0 slip=0 accepted=0 window=0 ratio=0 cv=0 stable=0 metricVerified=0 worldUnitsPerMeter=0
[2026-10-10 03:28:00.022] [INFO] FRR_MOTION_V1 capture=707000 cohort=40 generation=0 model=0 timeMs=713656 dt=0 valid=0 safe=0 grounded=0 x=0 y=0 z=0 speed=0 speedometer=0 absolute=0 local=0 linear=0 vx=0 vy=0 vz=0 slip=0 accepted=0 window=0 ratio=0 cv=0 stable=0 metricVerified=0 worldUnitsPerMeter=0
[2026-10-10 03:28:00.121] [INFO] PostRace observation revoked: inWorld=0 nis=0 fade=0 loading=0 playerCrossCheck=0 raceEvidenceRetained=0 capturedRaceCount=0 readOnly=1 lifetimeProven=0
[2026-10-10 03:28:00.146] [INFO] FRR_MOTION_V1 capture=707000 cohort=41 generation=0 model=0 timeMs=713781 dt=0 valid=0 safe=0 grounded=0 x=0 y=0 z=0 speed=0 speedometer=0 absolute=0 local=0 linear=0 vx=0 vy=0 vz=0 slip=0 accepted=0 window=0 ratio=0 cv=0 stable=0 metricVerified=0 worldUnitsPerMeter=0
[2026-10-10 03:28:00.146] [INFO] Runtime heartbeat: mode=NoWorld inWorld=0 raceMode=Unknown loading=0 inNIS=0 fade=0 flow=3 IVehicle=0x0 PVehicle=0x0 raceStatus=0x0 roadNetwork=0x0 pvehicleCount=0 playerCrossCheck=0 vehicles=0 human=0 traffic=0 cops=0 racers=0 none=0 nisCars=0 remote=0 unknown=0 cash=0 careerCars=0 currentCarHandle=305419896 careerCompleted=0 profileKey=unavailable caps=[world:0,player:0,freeroam:0,road:0,roadNav:0,careerRead:1,spawnWrite:0,economyWrite:0,garageWrite:0] motion=unavailable roadNav=unavailable
[2026-10-10 03:28:00.146] [INFO] Primary-camera observation: coherent=0 viewId=0 coordinateMapping=sim(z,-x,y)_to_render fullPlayerViewCoverageVerified=0 renderEnvelopeVerified=0 spawnVisibilityVerified=0
[2026-10-10 03:28:00.146] [INFO] World-collision evidence: addressAvailable=1 gameplayThreadConfirmed=1 result=pending_or_unavailable cameraVisibilityVerified=0 streamingVerified=0
[2026-10-10 03:28:00.271] [INFO] FRR_MOTION_V1 capture=707000 cohort=42 generation=0 model=0 timeMs=713906 dt=0 valid=0 safe=0 grounded=0 x=0 y=0 z=0 speed=0 speedometer=0 absolute=0 local=0 linear=0 vx=0 vy=0 vz=0 slip=0 accepted=0 window=0 ratio=0 cv=0 stable=0 metricVerified=0 worldUnitsPerMeter=0
[2026-10-10 03:28:00.396] [INFO] FRR_MOTION_V1 capture=707000 cohort=43 generation=0 model=0 timeMs=714031 dt=0 valid=0 safe=0 grounded=0 x=0 y=0 z=0 speed=0 speedometer=0 absolute=0 local=0 linear=0 vx=0 vy=0 vz=0 slip=0 accepted=0 window=0 ratio=0 cv=0 stable=0 metricVerified=0 worldUnitsPerMeter=0
[2026-10-10 03:28:00.522] [INFO] FRR_MOTION_V1 capture=707000 cohort=44 generation=0 model=0 timeMs=714156 dt=0 valid=0 safe=0 grounded=0 x=0 y=0 z=0 speed=0 speedometer=0 absolute=0 local=0 linear=0 vx=0 vy=0 vz=0 slip=0 accepted=0 window=0 ratio=0 cv=0 stable=0 metricVerified=0 worldUnitsPerMeter=0
[2026-10-10 03:28:00.621] [INFO] PostRace observation revoked: inWorld=0 nis=0 fade=0 loading=0 playerCrossCheck=0 raceEvidenceRetained=0 capturedRaceCount=0 readOnly=1 lifetimeProven=0
[2026-10-10 03:28:00.647] [INFO] FRR_MOTION_V1 capture=707000 cohort=45 generation=0 model=0 timeMs=714281 dt=0 valid=0 safe=0 grounded=0 x=0 y=0 z=0 speed=0 speedometer=0 absolute=0 local=0 linear=0 vx=0 vy=0 vz=0 slip=0 accepted=0 window=0 ratio=0 cv=0 stable=0 metricVerified=0 worldUnitsPerMeter=0
[2026-10-10 03:28:00.772] [INFO] FRR_MOTION_V1 capture=707000 cohort=46 generation=0 model=0 timeMs=714406 dt=0 valid=0 safe=0 grounded=0 x=0 y=0 z=0 speed=0 speedometer=0 absolute=0 local=0 linear=0 vx=0 vy=0 vz=0 slip=0 accepted=0 window=0 ratio=0 cv=0 stable=0 metricVerified=0 worldUnitsPerMeter=0
[2026-10-10 03:28:00.896] [INFO] FRR_MOTION_V1 capture=707000 cohort=47 generation=0 model=0 timeMs=714531 dt=0 valid=0 safe=0 grounded=0 x=0 y=0 z=0 speed=0 speedometer=0 absolute=0 local=0 linear=0 vx=0 vy=0 vz=0 slip=0 accepted=0 window=0 ratio=0 cv=0 stable=0 metricVerified=0 worldUnitsPerMeter=0
[2026-10-10 03:28:01.022] [INFO] FRR_MOTION_V1 capture=707000 cohort=48 generation=0 model=0 timeMs=714656 dt=0 valid=0 safe=0 grounded=0 x=0 y=0 z=0 speed=0 speedometer=0 absolute=0 local=0 linear=0 vx=0 vy=0 vz=0 slip=0 accepted=0 window=0 ratio=0 cv=0 stable=0 metricVerified=0 worldUnitsPerMeter=0
[2026-10-10 03:28:01.121] [INFO] PostRace observation revoked: inWorld=0 nis=0 fade=0 loading=0 playerCrossCheck=0 raceEvidenceRetained=0 capturedRaceCount=0 readOnly=1 lifetimeProven=0
[2026-10-10 03:28:01.146] [INFO] FRR_MOTION_V1 capture=707000 cohort=49 generation=0 model=0 timeMs=714781 dt=0 valid=0 safe=0 grounded=0 x=0 y=0 z=0 speed=0 speedometer=0 absolute=0 local=0 linear=0 vx=0 vy=0 vz=0 slip=0 accepted=0 window=0 ratio=0 cv=0 stable=0 metricVerified=0 worldUnitsPerMeter=0
[2026-10-10 03:28:01.272] [INFO] FRR_MOTION_V1 capture=707000 cohort=50 generation=0 model=0 timeMs=714906 dt=0 valid=0 safe=0 grounded=0 x=0 y=0 z=0 speed=0 speedometer=0 absolute=0 local=0 linear=0 vx=0 vy=0 vz=0 slip=0 accepted=0 window=0 ratio=0 cv=0 stable=0 metricVerified=0 worldUnitsPerMeter=0
[2026-10-10 03:28:01.396] [INFO] FRR_MOTION_V1 capture=707000 cohort=51 generation=0 model=0 timeMs=715031 dt=0 valid=0 safe=0 grounded=0 x=0 y=0 z=0 speed=0 speedometer=0 absolute=0 local=0 linear=0 vx=0 vy=0 vz=0 slip=0 accepted=0 window=0 ratio=0 cv=0 stable=0 metricVerified=0 worldUnitsPerMeter=0
[2026-10-10 03:28:01.413] [INFO] Runtime hook health after 8s: renderFrames=1503 inputPolls=0 gameplayLoopCalls=1501 gameplayLoopCompleted=1500 gameplayCallbacks=1500 gameplayLoopInstalled=1 gameplayLoopSourceVerified=1 gameplayLoopThreadConsistent=1 gameplayLoopThread=3548 frameTicks=1501 samples=51 challengeFallbackPresses=0 renderThread=3548 inputThread=0 frameTickThread=3548 renderWorkerStarted=1 endSceneInstalled=1 presentInstalled=1 endSceneCalls=1503 presentCalls=1503 deviceGlobal=0x982bdc device=0x95fd800 vtable=0x960075c frameTickEqualsGameplayLoop=1 frameTickEqualsRender=1
[2026-10-10 03:28:01.413] [INFO] Construction readiness after 8s: BLOCKED blocker=FreeRoamNotObserved gameplayThreadConfirmed=1 freeRoamObserved=0 roadLookaheadObserved=0 exactRoadCandidateObserved=0 vehicleSpatialEvidenceObserved=0 vehicleFootprintVerified=0 verifiedFootprintVehicleKey=0x0 groundEvidenceVerified=0 worldOcclusionEvidenceObserved=0 metricCalibrationVerified=0 worldUnitsPerMeter=0 spawnCandidateVerified=0
[2026-10-10 03:28:01.522] [INFO] FRR_MOTION_V1 capture=707000 cohort=52 generation=0 model=0 timeMs=715156 dt=0 valid=0 safe=0 grounded=0 x=0 y=0 z=0 speed=0 speedometer=0 absolute=0 local=0 linear=0 vx=0 vy=0 vz=0 slip=0 accepted=0 window=0 ratio=0 cv=0 stable=0 metricVerified=0 worldUnitsPerMeter=0
[2026-10-10 03:28:01.621] [INFO] PostRace observation revoked: inWorld=0 nis=0 fade=0 loading=0 playerCrossCheck=0 raceEvidenceRetained=0 capturedRaceCount=0 readOnly=1 lifetimeProven=0
[2026-10-10 03:28:01.647] [INFO] FRR_MOTION_V1 capture=707000 cohort=53 generation=0 model=0 timeMs=715281 dt=0 valid=0 safe=0 grounded=0 x=0 y=0 z=0 speed=0 speedometer=0 absolute=0 local=0 linear=0 vx=0 vy=0 vz=0 slip=0 accepted=0 window=0 ratio=0 cv=0 stable=0 metricVerified=0 worldUnitsPerMeter=0
[2026-10-10 03:28:01.772] [INFO] FRR_MOTION_V1 capture=707000 cohort=54 generation=0 model=0 timeMs=715406 dt=0 valid=0 safe=0 grounded=0 x=0 y=0 z=0 speed=0 speedometer=0 absolute=0 local=0 linear=0 vx=0 vy=0 vz=0 slip=0 accepted=0 window=0 ratio=0 cv=0 stable=0 metricVerified=0 worldUnitsPerMeter=0
[2026-10-10 03:28:01.897] [INFO] FRR_MOTION_V1 capture=707000 cohort=55 generation=0 model=0 timeMs=715531 dt=0 valid=0 safe=0 grounded=0 x=0 y=0 z=0 speed=0 speedometer=0 absolute=0 local=0 linear=0 vx=0 vy=0 vz=0 slip=0 accepted=0 window=0 ratio=0 cv=0 stable=0 metricVerified=0 worldUnitsPerMeter=0
[2026-10-10 03:28:02.068] [INFO] FRR_MOTION_V1 capture=707000 cohort=56 generation=0 model=0 timeMs=715703 dt=0 valid=0 safe=0 grounded=0 x=0 y=0 z=0 speed=0 speedometer=0 absolute=0 local=0 linear=0 vx=0 vy=0 vz=0 slip=0 accepted=0 window=0 ratio=0 cv=0 stable=0 metricVerified=0 worldUnitsPerMeter=0
[2026-10-10 03:28:02.121] [INFO] PostRace observation revoked: inWorld=0 nis=0 fade=0 loading=0 playerCrossCheck=0 raceEvidenceRetained=0 capturedRaceCount=0 readOnly=1 lifetimeProven=0
[2026-10-10 03:28:02.188] [INFO] FRR_MOTION_V1 capture=707000 cohort=57 generation=0 model=0 timeMs=715828 dt=0 valid=0 safe=0 grounded=0 x=0 y=0 z=0 speed=0 speedometer=0 absolute=0 local=0 linear=0 vx=0 vy=0 vz=0 slip=0 accepted=0 window=0 ratio=0 cv=0 stable=0 metricVerified=0 worldUnitsPerMeter=0
[2026-10-10 03:28:02.314] [INFO] FRR_MOTION_V1 capture=707000 cohort=58 generation=0 model=0 timeMs=715953 dt=0 valid=0 safe=0 grounded=0 x=0 y=0 z=0 speed=0 speedometer=0 absolute=0 local=0 linear=0 vx=0 vy=0 vz=0 slip=0 accepted=0 window=0 ratio=0 cv=0 stable=0 metricVerified=0 worldUnitsPerMeter=0
[2026-10-10 03:28:02.438] [INFO] FRR_MOTION_V1 capture=707000 cohort=59 generation=0 model=0 timeMs=716078 dt=0 valid=0 safe=0 grounded=0 x=0 y=0 z=0 speed=0 speedometer=0 absolute=0 local=0 linear=0 vx=0 vy=0 vz=0 slip=0 accepted=0 window=0 ratio=0 cv=0 stable=0 metricVerified=0 worldUnitsPerMeter=0
[2026-10-10 03:28:02.564] [INFO] FRR_MOTION_V1 capture=707000 cohort=60 generation=0 model=0 timeMs=716203 dt=0 valid=0 safe=0 grounded=0 x=0 y=0 z=0 speed=0 speedometer=0 absolute=0 local=0 linear=0 vx=0 vy=0 vz=0 slip=0 accepted=0 window=0 ratio=0 cv=0 stable=0 metricVerified=0 worldUnitsPerMeter=0
[2026-10-10 03:28:02.621] [INFO] PostRace observation revoked: inWorld=0 nis=0 fade=0 loading=0 playerCrossCheck=0 raceEvidenceRetained=0 capturedRaceCount=0 readOnly=1 lifetimeProven=0
[2026-10-10 03:28:02.689] [INFO] FRR_MOTION_V1 capture=707000 cohort=61 generation=0 model=0 timeMs=716328 dt=0 valid=0 safe=0 grounded=0 x=0 y=0 z=0 speed=0 speedometer=0 absolute=0 local=0 linear=0 vx=0 vy=0 vz=0 slip=0 accepted=0 window=0 ratio=0 cv=0 stable=0 metricVerified=0 worldUnitsPerMeter=0
[2026-10-10 03:28:02.689] [INFO] Runtime heartbeat: mode=NoWorld inWorld=0 raceMode=Unknown loading=0 inNIS=0 fade=0 flow=3 IVehicle=0x0 PVehicle=0x0 raceStatus=0x0 roadNetwork=0x0 pvehicleCount=0 playerCrossCheck=0 vehicles=0 human=0 traffic=0 cops=0 racers=0 none=0 nisCars=0 remote=0 unknown=0 cash=0 careerCars=0 currentCarHandle=305419896 careerCompleted=0 profileKey=unavailable caps=[world:0,player:0,freeroam:0,road:0,roadNav:0,careerRead:1,spawnWrite:0,economyWrite:0,garageWrite:0] motion=unavailable roadNav=unavailable
[2026-10-10 03:28:02.689] [INFO] Primary-camera observation: coherent=0 viewId=0 coordinateMapping=sim(z,-x,y)_to_render fullPlayerViewCoverageVerified=0 renderEnvelopeVerified=0 spawnVisibilityVerified=0
[2026-10-10 03:28:02.689] [INFO] World-collision evidence: addressAvailable=1 gameplayThreadConfirmed=1 result=pending_or_unavailable cameraVisibilityVerified=0 streamingVerified=0
[2026-10-10 03:28:02.813] [INFO] Pending first-spawn rival selected: rivalId=18331059014694192571 name=Rico vehicle=gti. Selection is retained; missing footprint never rerolls the vehicle. No construction enabled.
[2026-10-10 03:28:02.813] [INFO] FRR_MOTION_V1 capture=707000 cohort=62 generation=0 model=0 timeMs=716453 dt=0 valid=0 safe=0 grounded=0 x=0 y=0 z=0 speed=0 speedometer=0 absolute=0 local=0 linear=0 vx=0 vy=0 vz=0 slip=0 accepted=0 window=0 ratio=0 cv=0 stable=0 metricVerified=0 worldUnitsPerMeter=0
[2026-10-10 03:28:02.813] [INFO] Underground Blacklist has no mod-side progress file for current profile yet.
[2026-10-10 03:28:02.813] [INFO] Underground Blacklist diagnostic: unlocked=0 completed=0 currentRank=0 targetSpawnEligible=0 persistence=pending.
[2026-10-10 03:28:02.813] [INFO] Runtime state changed: mode=NoWorld inWorld=0 raceMode=Unknown loading=0 inNIS=0 fade=0 flow=3 IVehicle=0x0 PVehicle=0x0 raceStatus=0x0 roadNetwork=0x0 pvehicleCount=0 playerCrossCheck=0 vehicles=0 human=0 traffic=0 cops=0 racers=0 none=0 nisCars=0 remote=0 unknown=0 cash=335950 careerCars=3 currentCarHandle=89 careerCompleted=0 profileKey=pseudonymous caps=[world:0,player:0,freeroam:0,road:0,roadNav:0,careerRead:1,spawnWrite:0,economyWrite:0,garageWrite:0] motion=unavailable roadNav=unavailable
[2026-10-10 03:28:02.939] [INFO] FRR_MOTION_V1 capture=707000 cohort=63 generation=0 model=0 timeMs=716578 dt=0 valid=0 safe=0 grounded=0 x=0 y=0 z=0 speed=0 speedometer=0 absolute=0 local=0 linear=0 vx=0 vy=0 vz=0 slip=0 accepted=0 window=0 ratio=0 cv=0 stable=0 metricVerified=0 worldUnitsPerMeter=0
[2026-10-10 03:28:03.132] [INFO] PostRace observation revoked: inWorld=0 nis=0 fade=0 loading=0 playerCrossCheck=0 raceEvidenceRetained=0 capturedRaceCount=0 readOnly=1 lifetimeProven=0
[2026-10-10 03:28:03.145] [INFO] FRR_MOTION_V1 capture=707000 cohort=64 generation=0 model=0 timeMs=716781 dt=0 valid=0 safe=0 grounded=0 x=0 y=0 z=0 speed=0 speedometer=0 absolute=0 local=0 linear=0 vx=0 vy=0 vz=0 slip=0 accepted=0 window=0 ratio=0 cv=0 stable=0 metricVerified=0 worldUnitsPerMeter=0
[2026-10-10 03:28:03.263] [INFO] FRR_MOTION_V1 capture=707000 cohort=65 generation=0 model=0 timeMs=716906 dt=0 valid=0 safe=0 grounded=0 x=0 y=0 z=0 speed=0 speedometer=0 absolute=0 local=0 linear=0 vx=0 vy=0 vz=0 slip=0 accepted=0 window=0 ratio=0 cv=0 stable=0 metricVerified=0 worldUnitsPerMeter=0
[2026-10-10 03:28:03.388] [INFO] FRR_MOTION_V1 capture=707000 cohort=66 generation=0 model=0 timeMs=717031 dt=0 valid=0 safe=0 grounded=0 x=0 y=0 z=0 speed=0 speedometer=0 absolute=0 local=0 linear=0 vx=0 vy=0 vz=0 slip=0 accepted=0 window=0 ratio=0 cv=0 stable=0 metricVerified=0 worldUnitsPerMeter=0
[2026-10-10 03:28:03.514] [INFO] FRR_MOTION_V1 capture=707000 cohort=67 generation=0 model=0 timeMs=717156 dt=0 valid=0 safe=0 grounded=0 x=0 y=0 z=0 speed=0 speedometer=0 absolute=0 local=0 linear=0 vx=0 vy=0 vz=0 slip=0 accepted=0 window=0 ratio=0 cv=0 stable=0 metricVerified=0 worldUnitsPerMeter=0
[2026-10-10 03:28:03.621] [INFO] PostRace observation revoked: inWorld=0 nis=0 fade=0 loading=0 playerCrossCheck=0 raceEvidenceRetained=0 capturedRaceCount=0 readOnly=1 lifetimeProven=0
[2026-10-10 03:28:03.639] [INFO] FRR_MOTION_V1 capture=707000 cohort=68 generation=0 model=0 timeMs=717281 dt=0 valid=0 safe=0 grounded=0 x=0 y=0 z=0 speed=0 speedometer=0 absolute=0 local=0 linear=0 vx=0 vy=0 vz=0 slip=0 accepted=0 window=0 ratio=0 cv=0 stable=0 metricVerified=0 worldUnitsPerMeter=0
[2026-10-10 03:28:03.764] [INFO] FRR_MOTION_V1 capture=707000 cohort=69 generation=0 model=0 timeMs=717406 dt=0 valid=0 safe=0 grounded=0 x=0 y=0 z=0 speed=0 speedometer=0 absolute=0 local=0 linear=0 vx=0 vy=0 vz=0 slip=0 accepted=0 window=0 ratio=0 cv=0 stable=0 metricVerified=0 worldUnitsPerMeter=0
[2026-10-10 03:28:03.889] [INFO] FRR_MOTION_V1 capture=707000 cohort=70 generation=0 model=0 timeMs=717531 dt=0 valid=0 safe=0 grounded=0 x=0 y=0 z=0 speed=0 speedometer=0 absolute=0 local=0 linear=0 vx=0 vy=0 vz=0 slip=0 accepted=0 window=0 ratio=0 cv=0 stable=0 metricVerified=0 worldUnitsPerMeter=0
[2026-10-10 03:28:04.014] [INFO] FRR_MOTION_V1 capture=707000 cohort=71 generation=0 model=0 timeMs=717656 dt=0 valid=0 safe=0 grounded=0 x=0 y=0 z=0 speed=0 speedometer=0 absolute=0 local=0 linear=0 vx=0 vy=0 vz=0 slip=0 accepted=0 window=0 ratio=0 cv=0 stable=0 metricVerified=0 worldUnitsPerMeter=0
[2026-10-10 03:28:04.121] [INFO] PostRace observation revoked: inWorld=0 nis=0 fade=0 loading=0 playerCrossCheck=0 raceEvidenceRetained=0 capturedRaceCount=0 readOnly=1 lifetimeProven=0
[2026-10-10 03:28:04.139] [INFO] FRR_MOTION_V1 capture=707000 cohort=72 generation=0 model=0 timeMs=717781 dt=0 valid=0 safe=0 grounded=0 x=0 y=0 z=0 speed=0 speedometer=0 absolute=0 local=0 linear=0 vx=0 vy=0 vz=0 slip=0 accepted=0 window=0 ratio=0 cv=0 stable=0 metricVerified=0 worldUnitsPerMeter=0
[2026-10-10 03:28:04.264] [INFO] FRR_MOTION_V1 capture=707000 cohort=73 generation=0 model=0 timeMs=717906 dt=0 valid=0 safe=0 grounded=0 x=0 y=0 z=0 speed=0 speedometer=0 absolute=0 local=0 linear=0 vx=0 vy=0 vz=0 slip=0 accepted=0 window=0 ratio=0 cv=0 stable=0 metricVerified=0 worldUnitsPerMeter=0
[2026-10-10 03:28:04.389] [INFO] FRR_MOTION_V1 capture=707000 cohort=74 generation=0 model=0 timeMs=718031 dt=0 valid=0 safe=0 grounded=0 x=0 y=0 z=0 speed=0 speedometer=0 absolute=0 local=0 linear=0 vx=0 vy=0 vz=0 slip=0 accepted=0 window=0 ratio=0 cv=0 stable=0 metricVerified=0 worldUnitsPerMeter=0
[2026-10-10 03:28:04.513] [INFO] FRR_MOTION_V1 capture=707000 cohort=75 generation=0 model=0 timeMs=718156 dt=0 valid=0 safe=0 grounded=0 x=0 y=0 z=0 speed=0 speedometer=0 absolute=0 local=0 linear=0 vx=0 vy=0 vz=0 slip=0 accepted=0 window=0 ratio=0 cv=0 stable=0 metricVerified=0 worldUnitsPerMeter=0
[2026-10-10 03:28:04.621] [INFO] PostRace observation revoked: inWorld=0 nis=0 fade=0 loading=0 playerCrossCheck=0 raceEvidenceRetained=0 capturedRaceCount=0 readOnly=1 lifetimeProven=0
[2026-10-10 03:28:04.639] [INFO] FRR_MOTION_V1 capture=707000 cohort=76 generation=0 model=0 timeMs=718281 dt=0 valid=0 safe=0 grounded=0 x=0 y=0 z=0 speed=0 speedometer=0 absolute=0 local=0 linear=0 vx=0 vy=0 vz=0 slip=0 accepted=0 window=0 ratio=0 cv=0 stable=0 metricVerified=0 worldUnitsPerMeter=0
[2026-10-10 03:28:04.764] [INFO] FRR_MOTION_V1 capture=707000 cohort=77 generation=0 model=0 timeMs=718406 dt=0 valid=0 safe=0 grounded=0 x=0 y=0 z=0 speed=0 speedometer=0 absolute=0 local=0 linear=0 vx=0 vy=0 vz=0 slip=0 accepted=0 window=0 ratio=0 cv=0 stable=0 metricVerified=0 worldUnitsPerMeter=0
[2026-10-10 03:28:04.889] [INFO] FRR_MOTION_V1 capture=707000 cohort=78 generation=0 model=0 timeMs=718531 dt=0 valid=0 safe=0 grounded=0 x=0 y=0 z=0 speed=0 speedometer=0 absolute=0 local=0 linear=0 vx=0 vy=0 vz=0 slip=0 accepted=0 window=0 ratio=0 cv=0 stable=0 metricVerified=0 worldUnitsPerMeter=0
[2026-10-10 03:28:05.013] [INFO] FRR_MOTION_V1 capture=707000 cohort=79 generation=0 model=0 timeMs=718656 dt=0 valid=0 safe=0 grounded=0 x=0 y=0 z=0 speed=0 speedometer=0 absolute=0 local=0 linear=0 vx=0 vy=0 vz=0 slip=0 accepted=0 window=0 ratio=0 cv=0 stable=0 metricVerified=0 worldUnitsPerMeter=0
[2026-10-10 03:28:05.122] [INFO] PostRace observation revoked: inWorld=0 nis=0 fade=0 loading=0 playerCrossCheck=0 raceEvidenceRetained=0 capturedRaceCount=0 readOnly=1 lifetimeProven=0
[2026-10-10 03:28:05.139] [INFO] FRR_MOTION_V1 capture=707000 cohort=80 generation=0 model=0 timeMs=718781 dt=0 valid=0 safe=0 grounded=0 x=0 y=0 z=0 speed=0 speedometer=0 absolute=0 local=0 linear=0 vx=0 vy=0 vz=0 slip=0 accepted=0 window=0 ratio=0 cv=0 stable=0 metricVerified=0 worldUnitsPerMeter=0
[2026-10-10 03:28:05.264] [INFO] FRR_MOTION_V1 capture=707000 cohort=81 generation=0 model=0 timeMs=718906 dt=0 valid=0 safe=0 grounded=0 x=0 y=0 z=0 speed=0 speedometer=0 absolute=0 local=0 linear=0 vx=0 vy=0 vz=0 slip=0 accepted=0 window=0 ratio=0 cv=0 stable=0 metricVerified=0 worldUnitsPerMeter=0
[2026-10-10 03:28:05.265] [INFO] Runtime heartbeat: mode=NoWorld inWorld=0 raceMode=Unknown loading=0 inNIS=0 fade=0 flow=3 IVehicle=0x0 PVehicle=0x0 raceStatus=0x0 roadNetwork=0x0 pvehicleCount=0 playerCrossCheck=0 vehicles=0 human=0 traffic=0 cops=0 racers=0 none=0 nisCars=0 remote=0 unknown=0 cash=335950 careerCars=3 currentCarHandle=89 careerCompleted=0 profileKey=pseudonymous caps=[world:0,player:0,freeroam:0,road:0,roadNav:0,careerRead:1,spawnWrite:0,economyWrite:0,garageWrite:0] motion=unavailable roadNav=unavailable
[2026-10-10 03:28:05.265] [INFO] Primary-camera observation: coherent=0 viewId=0 coordinateMapping=sim(z,-x,y)_to_render fullPlayerViewCoverageVerified=0 renderEnvelopeVerified=0 spawnVisibilityVerified=0
[2026-10-10 03:28:05.265] [INFO] World-collision evidence: addressAvailable=1 gameplayThreadConfirmed=1 result=pending_or_unavailable cameraVisibilityVerified=0 streamingVerified=0
[2026-10-10 03:28:05.389] [INFO] FRR_MOTION_V1 capture=707000 cohort=82 generation=0 model=0 timeMs=719031 dt=0 valid=0 safe=0 grounded=0 x=0 y=0 z=0 speed=0 speedometer=0 absolute=0 local=0 linear=0 vx=0 vy=0 vz=0 slip=0 accepted=0 window=0 ratio=0 cv=0 stable=0 metricVerified=0 worldUnitsPerMeter=0
[2026-10-10 03:28:05.514] [INFO] FRR_MOTION_V1 capture=707000 cohort=83 generation=0 model=0 timeMs=719156 dt=0 valid=0 safe=0 grounded=0 x=0 y=0 z=0 speed=0 speedometer=0 absolute=0 local=0 linear=0 vx=0 vy=0 vz=0 slip=0 accepted=0 window=0 ratio=0 cv=0 stable=0 metricVerified=0 worldUnitsPerMeter=0
[2026-10-10 03:28:05.621] [INFO] PostRace observation revoked: inWorld=0 nis=0 fade=0 loading=0 playerCrossCheck=0 raceEvidenceRetained=0 capturedRaceCount=0 readOnly=1 lifetimeProven=0
[2026-10-10 03:28:05.639] [INFO] FRR_MOTION_V1 capture=707000 cohort=84 generation=0 model=0 timeMs=719281 dt=0 valid=0 safe=0 grounded=0 x=0 y=0 z=0 speed=0 speedometer=0 absolute=0 local=0 linear=0 vx=0 vy=0 vz=0 slip=0 accepted=0 window=0 ratio=0 cv=0 stable=0 metricVerified=0 worldUnitsPerMeter=0
[2026-10-10 03:28:05.764] [INFO] FRR_MOTION_V1 capture=707000 cohort=85 generation=0 model=0 timeMs=719406 dt=0 valid=0 safe=0 grounded=0 x=0 y=0 z=0 speed=0 speedometer=0 absolute=0 local=0 linear=0 vx=0 vy=0 vz=0 slip=0 accepted=0 window=0 ratio=0 cv=0 stable=0 metricVerified=0 worldUnitsPerMeter=0
[2026-10-10 03:28:05.889] [INFO] FRR_MOTION_V1 capture=707000 cohort=86 generation=0 model=0 timeMs=719531 dt=0 valid=0 safe=0 grounded=0 x=0 y=0 z=0 speed=0 speedometer=0 absolute=0 local=0 linear=0 vx=0 vy=0 vz=0 slip=0 accepted=0 window=0 ratio=0 cv=0 stable=0 metricVerified=0 worldUnitsPerMeter=0
[2026-10-10 03:28:06.014] [INFO] FRR_MOTION_V1 capture=707000 cohort=87 generation=0 model=0 timeMs=719656 dt=0 valid=0 safe=0 grounded=0 x=0 y=0 z=0 speed=0 speedometer=0 absolute=0 local=0 linear=0 vx=0 vy=0 vz=0 slip=0 accepted=0 window=0 ratio=0 cv=0 stable=0 metricVerified=0 worldUnitsPerMeter=0
[2026-10-10 03:28:06.122] [INFO] PostRace observation revoked: inWorld=0 nis=0 fade=0 loading=0 playerCrossCheck=0 raceEvidenceRetained=0 capturedRaceCount=0 readOnly=1 lifetimeProven=0
[2026-10-10 03:28:06.139] [INFO] FRR_MOTION_V1 capture=707000 cohort=88 generation=0 model=0 timeMs=719781 dt=0 valid=0 safe=0 grounded=0 x=0 y=0 z=0 speed=0 speedometer=0 absolute=0 local=0 linear=0 vx=0 vy=0 vz=0 slip=0 accepted=0 window=0 ratio=0 cv=0 stable=0 metricVerified=0 worldUnitsPerMeter=0
[2026-10-10 03:28:06.264] [INFO] FRR_MOTION_V1 capture=707000 cohort=89 generation=0 model=0 timeMs=719906 dt=0 valid=0 safe=0 grounded=0 x=0 y=0 z=0 speed=0 speedometer=0 absolute=0 local=0 linear=0 vx=0 vy=0 vz=0 slip=0 accepted=0 window=0 ratio=0 cv=0 stable=0 metricVerified=0 worldUnitsPerMeter=0
[2026-10-10 03:28:06.389] [INFO] FRR_MOTION_V1 capture=707000 cohort=90 generation=0 model=0 timeMs=720031 dt=0 valid=0 safe=0 grounded=0 x=0 y=0 z=0 speed=0 speedometer=0 absolute=0 local=0 linear=0 vx=0 vy=0 vz=0 slip=0 accepted=0 window=0 ratio=0 cv=0 stable=0 metricVerified=0 worldUnitsPerMeter=0
[2026-10-10 03:28:06.518] [INFO] FRR_MOTION_V1 capture=707000 cohort=91 generation=0 model=0 timeMs=720156 dt=0 valid=0 safe=0 grounded=0 x=0 y=0 z=0 speed=0 speedometer=0 absolute=0 local=0 linear=0 vx=0 vy=0 vz=0 slip=0 accepted=0 window=0 ratio=0 cv=0 stable=0 metricVerified=0 worldUnitsPerMeter=0
[2026-10-10 03:28:06.622] [INFO] PostRace observation revoked: inWorld=0 nis=0 fade=0 loading=0 playerCrossCheck=0 raceEvidenceRetained=0 capturedRaceCount=0 readOnly=1 lifetimeProven=0
[2026-10-10 03:28:06.639] [INFO] FRR_MOTION_V1 capture=707000 cohort=92 generation=0 model=0 timeMs=720281 dt=0 valid=0 safe=0 grounded=0 x=0 y=0 z=0 speed=0 speedometer=0 absolute=0 local=0 linear=0 vx=0 vy=0 vz=0 slip=0 accepted=0 window=0 ratio=0 cv=0 stable=0 metricVerified=0 worldUnitsPerMeter=0
[2026-10-10 03:28:06.764] [INFO] FRR_MOTION_V1 capture=707000 cohort=93 generation=0 model=0 timeMs=720406 dt=0 valid=0 safe=0 grounded=0 x=0 y=0 z=0 speed=0 speedometer=0 absolute=0 local=0 linear=0 vx=0 vy=0 vz=0 slip=0 accepted=0 window=0 ratio=0 cv=0 stable=0 metricVerified=0 worldUnitsPerMeter=0
[2026-10-10 03:28:06.889] [INFO] FRR_MOTION_V1 capture=707000 cohort=94 generation=0 model=0 timeMs=720531 dt=0 valid=0 safe=0 grounded=0 x=0 y=0 z=0 speed=0 speedometer=0 absolute=0 local=0 linear=0 vx=0 vy=0 vz=0 slip=0 accepted=0 window=0 ratio=0 cv=0 stable=0 metricVerified=0 worldUnitsPerMeter=0
[2026-10-10 03:28:07.014] [INFO] FRR_MOTION_V1 capture=707000 cohort=95 generation=0 model=0 timeMs=720656 dt=0 valid=0 safe=0 grounded=0 x=0 y=0 z=0 speed=0 speedometer=0 absolute=0 local=0 linear=0 vx=0 vy=0 vz=0 slip=0 accepted=0 window=0 ratio=0 cv=0 stable=0 metricVerified=0 worldUnitsPerMeter=0
[2026-10-10 03:28:07.121] [INFO] PostRace observation revoked: inWorld=0 nis=0 fade=0 loading=0 playerCrossCheck=0 raceEvidenceRetained=0 capturedRaceCount=0 readOnly=1 lifetimeProven=0
[2026-10-10 03:28:07.139] [INFO] FRR_MOTION_V1 capture=707000 cohort=96 generation=0 model=0 timeMs=720781 dt=0 valid=0 safe=0 grounded=0 x=0 y=0 z=0 speed=0 speedometer=0 absolute=0 local=0 linear=0 vx=0 vy=0 vz=0 slip=0 accepted=0 window=0 ratio=0 cv=0 stable=0 metricVerified=0 worldUnitsPerMeter=0
[2026-10-10 03:28:07.264] [INFO] FRR_MOTION_V1 capture=707000 cohort=97 generation=0 model=0 timeMs=720906 dt=0 valid=0 safe=0 grounded=0 x=0 y=0 z=0 speed=0 speedometer=0 absolute=0 local=0 linear=0 vx=0 vy=0 vz=0 slip=0 accepted=0 window=0 ratio=0 cv=0 stable=0 metricVerified=0 worldUnitsPerMeter=0
[2026-10-10 03:28:07.388] [INFO] FRR_MOTION_V1 capture=707000 cohort=98 generation=0 model=0 timeMs=721031 dt=0 valid=0 safe=0 grounded=0 x=0 y=0 z=0 speed=0 speedometer=0 absolute=0 local=0 linear=0 vx=0 vy=0 vz=0 slip=0 accepted=0 window=0 ratio=0 cv=0 stable=0 metricVerified=0 worldUnitsPerMeter=0
[2026-10-10 03:28:07.513] [INFO] FRR_MOTION_V1 capture=707000 cohort=99 generation=0 model=0 timeMs=721156 dt=0 valid=0 safe=0 grounded=0 x=0 y=0 z=0 speed=0 speedometer=0 absolute=0 local=0 linear=0 vx=0 vy=0 vz=0 slip=0 accepted=0 window=0 ratio=0 cv=0 stable=0 metricVerified=0 worldUnitsPerMeter=0
[2026-10-10 03:28:07.621] [INFO] PostRace observation revoked: inWorld=0 nis=0 fade=0 loading=0 playerCrossCheck=0 raceEvidenceRetained=0 capturedRaceCount=0 readOnly=1 lifetimeProven=0
[2026-10-10 03:28:07.639] [INFO] FRR_MOTION_V1 capture=707000 cohort=100 generation=0 model=0 timeMs=721281 dt=0 valid=0 safe=0 grounded=0 x=0 y=0 z=0 speed=0 speedometer=0 absolute=0 local=0 linear=0 vx=0 vy=0 vz=0 slip=0 accepted=0 window=0 ratio=0 cv=0 stable=0 metricVerified=0 worldUnitsPerMeter=0
[2026-10-10 03:28:07.765] [INFO] FRR_MOTION_V1 capture=707000 cohort=101 generation=0 model=0 timeMs=721406 dt=0 valid=0 safe=0 grounded=0 x=0 y=0 z=0 speed=0 speedometer=0 absolute=0 local=0 linear=0 vx=0 vy=0 vz=0 slip=0 accepted=0 window=0 ratio=0 cv=0 stable=0 metricVerified=0 worldUnitsPerMeter=0
[2026-10-10 03:28:07.765] [INFO] Runtime heartbeat: mode=NoWorld inWorld=0 raceMode=Unknown loading=0 inNIS=0 fade=0 flow=3 IVehicle=0x0 PVehicle=0x0 raceStatus=0x0 roadNetwork=0x0 pvehicleCount=0 playerCrossCheck=0 vehicles=0 human=0 traffic=0 cops=0 racers=0 none=0 nisCars=0 remote=0 unknown=0 cash=335950 careerCars=3 currentCarHandle=89 careerCompleted=0 profileKey=pseudonymous caps=[world:0,player:0,freeroam:0,road:0,roadNav:0,careerRead:1,spawnWrite:0,economyWrite:0,garageWrite:0] motion=unavailable roadNav=unavailable
[2026-10-10 03:28:07.765] [INFO] Primary-camera observation: coherent=0 viewId=0 coordinateMapping=sim(z,-x,y)_to_render fullPlayerViewCoverageVerified=0 renderEnvelopeVerified=0 spawnVisibilityVerified=0
[2026-10-10 03:28:07.765] [INFO] World-collision evidence: addressAvailable=1 gameplayThreadConfirmed=1 result=pending_or_unavailable cameraVisibilityVerified=0 streamingVerified=0
[2026-10-10 03:28:07.889] [INFO] FRR_MOTION_V1 capture=707000 cohort=102 generation=0 model=0 timeMs=721531 dt=0 valid=0 safe=0 grounded=0 x=0 y=0 z=0 speed=0 speedometer=0 absolute=0 local=0 linear=0 vx=0 vy=0 vz=0 slip=0 accepted=0 window=0 ratio=0 cv=0 stable=0 metricVerified=0 worldUnitsPerMeter=0
[2026-10-10 03:28:08.014] [INFO] FRR_MOTION_V1 capture=707000 cohort=103 generation=0 model=0 timeMs=721656 dt=0 valid=0 safe=0 grounded=0 x=0 y=0 z=0 speed=0 speedometer=0 absolute=0 local=0 linear=0 vx=0 vy=0 vz=0 slip=0 accepted=0 window=0 ratio=0 cv=0 stable=0 metricVerified=0 worldUnitsPerMeter=0
[2026-10-10 03:28:08.121] [INFO] PostRace observation revoked: inWorld=0 nis=0 fade=0 loading=0 playerCrossCheck=0 raceEvidenceRetained=0 capturedRaceCount=0 readOnly=1 lifetimeProven=0
[2026-10-10 03:28:08.139] [INFO] FRR_MOTION_V1 capture=707000 cohort=104 generation=0 model=0 timeMs=721781 dt=0 valid=0 safe=0 grounded=0 x=0 y=0 z=0 speed=0 speedometer=0 absolute=0 local=0 linear=0 vx=0 vy=0 vz=0 slip=0 accepted=0 window=0 ratio=0 cv=0 stable=0 metricVerified=0 worldUnitsPerMeter=0
[2026-10-10 03:28:08.264] [INFO] FRR_MOTION_V1 capture=707000 cohort=105 generation=0 model=0 timeMs=721906 dt=0 valid=0 safe=0 grounded=0 x=0 y=0 z=0 speed=0 speedometer=0 absolute=0 local=0 linear=0 vx=0 vy=0 vz=0 slip=0 accepted=0 window=0 ratio=0 cv=0 stable=0 metricVerified=0 worldUnitsPerMeter=0
[2026-10-10 03:28:08.389] [INFO] FRR_MOTION_V1 capture=707000 cohort=106 generation=0 model=0 timeMs=722031 dt=0 valid=0 safe=0 grounded=0 x=0 y=0 z=0 speed=0 speedometer=0 absolute=0 local=0 linear=0 vx=0 vy=0 vz=0 slip=0 accepted=0 window=0 ratio=0 cv=0 stable=0 metricVerified=0 worldUnitsPerMeter=0
[2026-10-10 03:28:08.519] [INFO] FRR_MOTION_V1 capture=707000 cohort=107 generation=0 model=0 timeMs=722156 dt=0 valid=0 safe=0 grounded=0 x=0 y=0 z=0 speed=0 speedometer=0 absolute=0 local=0 linear=0 vx=0 vy=0 vz=0 slip=0 accepted=0 window=0 ratio=0 cv=0 stable=0 metricVerified=0 worldUnitsPerMeter=0
[2026-10-10 03:28:08.621] [INFO] PostRace observation revoked: inWorld=0 nis=0 fade=0 loading=0 playerCrossCheck=0 raceEvidenceRetained=0 capturedRaceCount=0 readOnly=1 lifetimeProven=0
[2026-10-10 03:28:08.644] [INFO] FRR_MOTION_V1 capture=707000 cohort=108 generation=0 model=0 timeMs=722281 dt=0 valid=0 safe=0 grounded=0 x=0 y=0 z=0 speed=0 speedometer=0 absolute=0 local=0 linear=0 vx=0 vy=0 vz=0 slip=0 accepted=0 window=0 ratio=0 cv=0 stable=0 metricVerified=0 worldUnitsPerMeter=0
[2026-10-10 03:28:08.769] [INFO] FRR_MOTION_V1 capture=707000 cohort=109 generation=0 model=0 timeMs=722406 dt=0 valid=0 safe=0 grounded=0 x=0 y=0 z=0 speed=0 speedometer=0 absolute=0 local=0 linear=0 vx=0 vy=0 vz=0 slip=0 accepted=0 window=0 ratio=0 cv=0 stable=0 metricVerified=0 worldUnitsPerMeter=0
[2026-10-10 03:28:08.894] [INFO] FRR_MOTION_V1 capture=707000 cohort=110 generation=0 model=0 timeMs=722531 dt=0 valid=0 safe=0 grounded=0 x=0 y=0 z=0 speed=0 speedometer=0 absolute=0 local=0 linear=0 vx=0 vy=0 vz=0 slip=0 accepted=0 window=0 ratio=0 cv=0 stable=0 metricVerified=0 worldUnitsPerMeter=0
[2026-10-10 03:28:09.018] [INFO] FRR_MOTION_V1 capture=707000 cohort=111 generation=0 model=0 timeMs=722656 dt=0 valid=0 safe=0 grounded=0 x=0 y=0 z=0 speed=0 speedometer=0 absolute=0 local=0 linear=0 vx=0 vy=0 vz=0 slip=0 accepted=0 window=0 ratio=0 cv=0 stable=0 metricVerified=0 worldUnitsPerMeter=0
[2026-10-10 03:28:09.121] [INFO] PostRace observation revoked: inWorld=0 nis=0 fade=0 loading=0 playerCrossCheck=0 raceEvidenceRetained=0 capturedRaceCount=0 readOnly=1 lifetimeProven=0
[2026-10-10 03:28:09.144] [INFO] FRR_MOTION_V1 capture=707000 cohort=112 generation=0 model=0 timeMs=722781 dt=0 valid=0 safe=0 grounded=0 x=0 y=0 z=0 speed=0 speedometer=0 absolute=0 local=0 linear=0 vx=0 vy=0 vz=0 slip=0 accepted=0 window=0 ratio=0 cv=0 stable=0 metricVerified=0 worldUnitsPerMeter=0
[2026-10-10 03:28:09.268] [INFO] FRR_MOTION_V1 capture=707000 cohort=113 generation=0 model=0 timeMs=722906 dt=0 valid=0 safe=0 grounded=0 x=0 y=0 z=0 speed=0 speedometer=0 absolute=0 local=0 linear=0 vx=0 vy=0 vz=0 slip=0 accepted=0 window=0 ratio=0 cv=0 stable=0 metricVerified=0 worldUnitsPerMeter=0
[2026-10-10 03:28:09.394] [INFO] FRR_MOTION_V1 capture=707000 cohort=114 generation=0 model=0 timeMs=723031 dt=0 valid=0 safe=0 grounded=0 x=0 y=0 z=0 speed=0 speedometer=0 absolute=0 local=0 linear=0 vx=0 vy=0 vz=0 slip=0 accepted=0 window=0 ratio=0 cv=0 stable=0 metricVerified=0 worldUnitsPerMeter=0
[2026-10-10 03:28:09.518] [INFO] FRR_MOTION_V1 capture=707000 cohort=115 generation=0 model=0 timeMs=723156 dt=0 valid=0 safe=0 grounded=0 x=0 y=0 z=0 speed=0 speedometer=0 absolute=0 local=0 linear=0 vx=0 vy=0 vz=0 slip=0 accepted=0 window=0 ratio=0 cv=0 stable=0 metricVerified=0 worldUnitsPerMeter=0
[2026-10-10 03:28:09.621] [INFO] PostRace observation revoked: inWorld=0 nis=0 fade=0 loading=0 playerCrossCheck=0 raceEvidenceRetained=0 capturedRaceCount=0 readOnly=1 lifetimeProven=0
[2026-10-10 03:28:09.643] [INFO] FRR_MOTION_V1 capture=707000 cohort=116 generation=0 model=0 timeMs=723281 dt=0 valid=0 safe=0 grounded=0 x=0 y=0 z=0 speed=0 speedometer=0 absolute=0 local=0 linear=0 vx=0 vy=0 vz=0 slip=0 accepted=0 window=0 ratio=0 cv=0 stable=0 metricVerified=0 worldUnitsPerMeter=0
[2026-10-10 03:28:09.768] [INFO] FRR_MOTION_V1 capture=707000 cohort=117 generation=0 model=0 timeMs=723406 dt=0 valid=0 safe=0 grounded=0 x=0 y=0 z=0 speed=0 speedometer=0 absolute=0 local=0 linear=0 vx=0 vy=0 vz=0 slip=0 accepted=0 window=0 ratio=0 cv=0 stable=0 metricVerified=0 worldUnitsPerMeter=0
[2026-10-10 03:28:09.893] [INFO] FRR_MOTION_V1 capture=707000 cohort=118 generation=0 model=0 timeMs=723531 dt=0 valid=0 safe=0 grounded=0 x=0 y=0 z=0 speed=0 speedometer=0 absolute=0 local=0 linear=0 vx=0 vy=0 vz=0 slip=0 accepted=0 window=0 ratio=0 cv=0 stable=0 metricVerified=0 worldUnitsPerMeter=0
[2026-10-10 03:28:10.033] [INFO] FRR_MOTION_V1 capture=707000 cohort=119 generation=0 model=0 timeMs=723671 dt=0 valid=0 safe=0 grounded=0 x=0 y=0 z=0 speed=0 speedometer=0 absolute=0 local=0 linear=0 vx=0 vy=0 vz=0 slip=0 accepted=0 window=0 ratio=0 cv=0 stable=0 metricVerified=0 worldUnitsPerMeter=0
[2026-10-10 03:28:10.122] [INFO] PostRace observation revoked: inWorld=0 nis=0 fade=0 loading=0 playerCrossCheck=0 raceEvidenceRetained=0 capturedRaceCount=0 readOnly=1 lifetimeProven=0
[2026-10-10 03:28:10.151] [INFO] FRR_MOTION_V1 capture=707000 cohort=120 generation=0 model=0 timeMs=723796 dt=0 valid=0 safe=0 grounded=0 x=0 y=0 z=0 speed=0 speedometer=0 absolute=0 local=0 linear=0 vx=0 vy=0 vz=0 slip=0 accepted=0 window=0 ratio=0 cv=0 stable=0 metricVerified=0 worldUnitsPerMeter=0
[2026-10-10 03:28:10.276] [INFO] FRR_MOTION_V1 capture=707000 cohort=121 generation=0 model=0 timeMs=723921 dt=0 valid=0 safe=0 grounded=0 x=0 y=0 z=0 speed=0 speedometer=0 absolute=0 local=0 linear=0 vx=0 vy=0 vz=0 slip=0 accepted=0 window=0 ratio=0 cv=0 stable=0 metricVerified=0 worldUnitsPerMeter=0
[2026-10-10 03:28:10.277] [INFO] Runtime heartbeat: mode=NoWorld inWorld=0 raceMode=Unknown loading=0 inNIS=0 fade=0 flow=3 IVehicle=0x0 PVehicle=0x0 raceStatus=0x0 roadNetwork=0x0 pvehicleCount=0 playerCrossCheck=0 vehicles=0 human=0 traffic=0 cops=0 racers=0 none=0 nisCars=0 remote=0 unknown=0 cash=335950 careerCars=3 currentCarHandle=89 careerCompleted=0 profileKey=pseudonymous caps=[world:0,player:0,freeroam:0,road:0,roadNav:0,careerRead:1,spawnWrite:0,economyWrite:0,garageWrite:0] motion=unavailable roadNav=unavailable
[2026-10-10 03:28:10.277] [INFO] Primary-camera observation: coherent=0 viewId=0 coordinateMapping=sim(z,-x,y)_to_render fullPlayerViewCoverageVerified=0 renderEnvelopeVerified=0 spawnVisibilityVerified=0
[2026-10-10 03:28:10.277] [INFO] World-collision evidence: addressAvailable=1 gameplayThreadConfirmed=1 result=pending_or_unavailable cameraVisibilityVerified=0 streamingVerified=0
[2026-10-10 03:28:10.402] [INFO] FRR_MOTION_V1 capture=707000 cohort=122 generation=0 model=0 timeMs=724046 dt=0 valid=0 safe=0 grounded=0 x=0 y=0 z=0 speed=0 speedometer=0 absolute=0 local=0 linear=0 vx=0 vy=0 vz=0 slip=0 accepted=0 window=0 ratio=0 cv=0 stable=0 metricVerified=0 worldUnitsPerMeter=0
[2026-10-10 03:28:10.527] [INFO] FRR_MOTION_V1 capture=707000 cohort=123 generation=0 model=0 timeMs=724171 dt=0 valid=0 safe=0 grounded=0 x=0 y=0 z=0 speed=0 speedometer=0 absolute=0 local=0 linear=0 vx=0 vy=0 vz=0 slip=0 accepted=0 window=0 ratio=0 cv=0 stable=0 metricVerified=0 worldUnitsPerMeter=0
[2026-10-10 03:28:10.621] [INFO] PostRace observation revoked: inWorld=0 nis=0 fade=0 loading=0 playerCrossCheck=0 raceEvidenceRetained=0 capturedRaceCount=0 readOnly=1 lifetimeProven=0
[2026-10-10 03:28:10.652] [INFO] FRR_MOTION_V1 capture=707000 cohort=124 generation=0 model=0 timeMs=724296 dt=0 valid=0 safe=0 grounded=0 x=0 y=0 z=0 speed=0 speedometer=0 absolute=0 local=0 linear=0 vx=0 vy=0 vz=0 slip=0 accepted=0 window=0 ratio=0 cv=0 stable=0 metricVerified=0 worldUnitsPerMeter=0
[2026-10-10 03:28:10.776] [INFO] FRR_MOTION_V1 capture=707000 cohort=125 generation=0 model=0 timeMs=724421 dt=0 valid=0 safe=0 grounded=0 x=0 y=0 z=0 speed=0 speedometer=0 absolute=0 local=0 linear=0 vx=0 vy=0 vz=0 slip=0 accepted=0 window=0 ratio=0 cv=0 stable=0 metricVerified=0 worldUnitsPerMeter=0
[2026-10-10 03:28:10.902] [INFO] FRR_MOTION_V1 capture=707000 cohort=126 generation=0 model=0 timeMs=724546 dt=0 valid=0 safe=0 grounded=0 x=0 y=0 z=0 speed=0 speedometer=0 absolute=0 local=0 linear=0 vx=0 vy=0 vz=0 slip=0 accepted=0 window=0 ratio=0 cv=0 stable=0 metricVerified=0 worldUnitsPerMeter=0
[2026-10-10 03:28:11.027] [INFO] FRR_MOTION_V1 capture=707000 cohort=127 generation=0 model=0 timeMs=724671 dt=0 valid=0 safe=0 grounded=0 x=0 y=0 z=0 speed=0 speedometer=0 absolute=0 local=0 linear=0 vx=0 vy=0 vz=0 slip=0 accepted=0 window=0 ratio=0 cv=0 stable=0 metricVerified=0 worldUnitsPerMeter=0
[2026-10-10 03:28:11.121] [INFO] PostRace observation revoked: inWorld=0 nis=0 fade=0 loading=0 playerCrossCheck=0 raceEvidenceRetained=0 capturedRaceCount=0 readOnly=1 lifetimeProven=0
[2026-10-10 03:28:11.152] [INFO] FRR_MOTION_V1 capture=707000 cohort=128 generation=0 model=0 timeMs=724796 dt=0 valid=0 safe=0 grounded=0 x=0 y=0 z=0 speed=0 speedometer=0 absolute=0 local=0 linear=0 vx=0 vy=0 vz=0 slip=0 accepted=0 window=0 ratio=0 cv=0 stable=0 metricVerified=0 worldUnitsPerMeter=0
[2026-10-10 03:28:11.276] [INFO] FRR_MOTION_V1 capture=707000 cohort=129 generation=0 model=0 timeMs=724921 dt=0 valid=0 safe=0 grounded=0 x=0 y=0 z=0 speed=0 speedometer=0 absolute=0 local=0 linear=0 vx=0 vy=0 vz=0 slip=0 accepted=0 window=0 ratio=0 cv=0 stable=0 metricVerified=0 worldUnitsPerMeter=0
[2026-10-10 03:28:11.402] [INFO] FRR_MOTION_V1 capture=707000 cohort=130 generation=0 model=0 timeMs=725046 dt=0 valid=0 safe=0 grounded=0 x=0 y=0 z=0 speed=0 speedometer=0 absolute=0 local=0 linear=0 vx=0 vy=0 vz=0 slip=0 accepted=0 window=0 ratio=0 cv=0 stable=0 metricVerified=0 worldUnitsPerMeter=0
[2026-10-10 03:28:11.527] [INFO] FRR_MOTION_V1 capture=707000 cohort=131 generation=0 model=0 timeMs=725171 dt=0 valid=0 safe=0 grounded=0 x=0 y=0 z=0 speed=0 speedometer=0 absolute=0 local=0 linear=0 vx=0 vy=0 vz=0 slip=0 accepted=0 window=0 ratio=0 cv=0 stable=0 metricVerified=0 worldUnitsPerMeter=0
[2026-10-10 03:28:11.621] [INFO] PostRace observation revoked: inWorld=0 nis=0 fade=0 loading=0 playerCrossCheck=0 raceEvidenceRetained=0 capturedRaceCount=0 readOnly=1 lifetimeProven=0
[2026-10-10 03:28:11.651] [INFO] FRR_MOTION_V1 capture=707000 cohort=132 generation=0 model=0 timeMs=725296 dt=0 valid=0 safe=0 grounded=0 x=0 y=0 z=0 speed=0 speedometer=0 absolute=0 local=0 linear=0 vx=0 vy=0 vz=0 slip=0 accepted=0 window=0 ratio=0 cv=0 stable=0 metricVerified=0 worldUnitsPerMeter=0
[2026-10-10 03:28:11.776] [INFO] FRR_MOTION_V1 capture=707000 cohort=133 generation=0 model=0 timeMs=725421 dt=0 valid=0 safe=0 grounded=0 x=0 y=0 z=0 speed=0 speedometer=0 absolute=0 local=0 linear=0 vx=0 vy=0 vz=0 slip=0 accepted=0 window=0 ratio=0 cv=0 stable=0 metricVerified=0 worldUnitsPerMeter=0
[2026-10-10 03:28:11.901] [INFO] FRR_MOTION_V1 capture=707000 cohort=134 generation=0 model=0 timeMs=725546 dt=0 valid=0 safe=0 grounded=0 x=0 y=0 z=0 speed=0 speedometer=0 absolute=0 local=0 linear=0 vx=0 vy=0 vz=0 slip=0 accepted=0 window=0 ratio=0 cv=0 stable=0 metricVerified=0 worldUnitsPerMeter=0
[2026-10-10 03:28:12.027] [INFO] FRR_MOTION_V1 capture=707000 cohort=135 generation=0 model=0 timeMs=725671 dt=0 valid=0 safe=0 grounded=0 x=0 y=0 z=0 speed=0 speedometer=0 absolute=0 local=0 linear=0 vx=0 vy=0 vz=0 slip=0 accepted=0 window=0 ratio=0 cv=0 stable=0 metricVerified=0 worldUnitsPerMeter=0
[2026-10-10 03:28:12.121] [INFO] PostRace observation revoked: inWorld=0 nis=0 fade=0 loading=0 playerCrossCheck=0 raceEvidenceRetained=0 capturedRaceCount=0 readOnly=1 lifetimeProven=0
[2026-10-10 03:28:12.152] [INFO] FRR_MOTION_V1 capture=707000 cohort=136 generation=0 model=0 timeMs=725796 dt=0 valid=0 safe=0 grounded=0 x=0 y=0 z=0 speed=0 speedometer=0 absolute=0 local=0 linear=0 vx=0 vy=0 vz=0 slip=0 accepted=0 window=0 ratio=0 cv=0 stable=0 metricVerified=0 worldUnitsPerMeter=0
[2026-10-10 03:28:12.276] [INFO] FRR_MOTION_V1 capture=707000 cohort=137 generation=0 model=0 timeMs=725921 dt=0 valid=0 safe=0 grounded=0 x=0 y=0 z=0 speed=0 speedometer=0 absolute=0 local=0 linear=0 vx=0 vy=0 vz=0 slip=0 accepted=0 window=0 ratio=0 cv=0 stable=0 metricVerified=0 worldUnitsPerMeter=0
[2026-10-10 03:28:12.402] [INFO] FRR_MOTION_V1 capture=707000 cohort=138 generation=0 model=0 timeMs=726046 dt=0 valid=0 safe=0 grounded=0 x=0 y=0 z=0 speed=0 speedometer=0 absolute=0 local=0 linear=0 vx=0 vy=0 vz=0 slip=0 accepted=0 window=0 ratio=0 cv=0 stable=0 metricVerified=0 worldUnitsPerMeter=0
[2026-10-10 03:28:12.527] [INFO] FRR_MOTION_V1 capture=707000 cohort=139 generation=0 model=0 timeMs=726171 dt=0 valid=0 safe=0 grounded=0 x=0 y=0 z=0 speed=0 speedometer=0 absolute=0 local=0 linear=0 vx=0 vy=0 vz=0 slip=0 accepted=0 window=0 ratio=0 cv=0 stable=0 metricVerified=0 worldUnitsPerMeter=0
[2026-10-10 03:28:12.621] [INFO] PostRace observation revoked: inWorld=0 nis=0 fade=0 loading=0 playerCrossCheck=0 raceEvidenceRetained=0 capturedRaceCount=0 readOnly=1 lifetimeProven=0
[2026-10-10 03:28:12.652] [INFO] FRR_MOTION_V1 capture=707000 cohort=140 generation=0 model=0 timeMs=726296 dt=0 valid=0 safe=0 grounded=0 x=0 y=0 z=0 speed=0 speedometer=0 absolute=0 local=0 linear=0 vx=0 vy=0 vz=0 slip=0 accepted=0 window=0 ratio=0 cv=0 stable=0 metricVerified=0 worldUnitsPerMeter=0
[2026-10-10 03:28:12.889] [INFO] FRR_MOTION_V1 capture=707000 cohort=141 generation=0 model=0 timeMs=726531 dt=0 valid=0 safe=0 grounded=0 x=0 y=0 z=0 speed=0 speedometer=0 absolute=0 local=0 linear=0 vx=0 vy=0 vz=0 slip=0 accepted=0 window=0 ratio=0 cv=0 stable=0 metricVerified=0 worldUnitsPerMeter=0
[2026-10-10 03:28:12.889] [INFO] Runtime state changed: mode=NoWorld inWorld=0 raceMode=Unknown loading=0 inNIS=0 fade=0 flow=4 IVehicle=0x0 PVehicle=0x0 raceStatus=0x0 roadNetwork=0x0 pvehicleCount=0 playerCrossCheck=0 vehicles=0 human=0 traffic=0 cops=0 racers=0 none=0 nisCars=0 remote=0 unknown=0 cash=335950 careerCars=3 currentCarHandle=89 careerCompleted=0 profileKey=pseudonymous caps=[world:0,player:0,freeroam:0,road:0,roadNav:0,careerRead:1,spawnWrite:0,economyWrite:0,garageWrite:0] motion=unavailable roadNav=unavailable
[2026-10-10 03:28:12.889] [INFO] Primary-camera observation: coherent=0 viewId=0 coordinateMapping=sim(z,-x,y)_to_render fullPlayerViewCoverageVerified=0 renderEnvelopeVerified=0 spawnVisibilityVerified=0
[2026-10-10 03:28:12.889] [INFO] World-collision evidence: addressAvailable=1 gameplayThreadConfirmed=1 result=pending_or_unavailable cameraVisibilityVerified=0 streamingVerified=0
[2026-10-10 03:28:13.027] [INFO] FRR_MOTION_V1 capture=707000 cohort=142 generation=0 model=0 timeMs=726671 dt=0 valid=0 safe=0 grounded=0 x=0 y=0 z=0 speed=0 speedometer=0 absolute=0 local=0 linear=0 vx=0 vy=0 vz=0 slip=0 accepted=0 window=0 ratio=0 cv=0 stable=0 metricVerified=0 worldUnitsPerMeter=0
[2026-10-10 03:28:13.121] [INFO] PostRace observation revoked: inWorld=0 nis=0 fade=0 loading=0 playerCrossCheck=0 raceEvidenceRetained=0 capturedRaceCount=0 readOnly=1 lifetimeProven=0
[2026-10-10 03:28:13.143] [INFO] FRR_MOTION_V1 capture=707000 cohort=143 generation=0 model=0 timeMs=726781 dt=0 valid=0 safe=0 grounded=0 x=0 y=0 z=0 speed=0 speedometer=0 absolute=0 local=0 linear=0 vx=0 vy=0 vz=0 slip=0 accepted=0 window=0 ratio=0 cv=0 stable=0 metricVerified=0 worldUnitsPerMeter=0
[2026-10-10 03:28:13.143] [INFO] Runtime state changed: mode=NoWorld inWorld=0 raceMode=Unknown loading=0 inNIS=0 fade=0 flow=5 IVehicle=0x0 PVehicle=0x0 raceStatus=0x0 roadNetwork=0x46CD390 pvehicleCount=0 playerCrossCheck=0 vehicles=0 human=0 traffic=0 cops=0 racers=0 none=0 nisCars=0 remote=0 unknown=0 cash=335950 careerCars=3 currentCarHandle=89 careerCompleted=0 profileKey=pseudonymous caps=[world:0,player:0,freeroam:0,road:1,roadNav:0,careerRead:1,spawnWrite:0,economyWrite:0,garageWrite:0] motion=unavailable roadNav=unavailable
[2026-10-10 03:28:13.285] [INFO] FRR_MOTION_V1 capture=707000 cohort=144 generation=0 model=0 timeMs=726921 dt=0 valid=0 safe=0 grounded=0 x=0 y=0 z=0 speed=0 speedometer=0 absolute=0 local=0 linear=0 vx=0 vy=0 vz=0 slip=0 accepted=0 window=0 ratio=0 cv=0 stable=0 metricVerified=0 worldUnitsPerMeter=0
[2026-10-10 03:28:13.473] [INFO] FRR_MOTION_V1 capture=707000 cohort=145 generation=0 model=0 timeMs=727109 dt=0 valid=0 safe=0 grounded=0 x=0 y=0 z=0 speed=0 speedometer=0 absolute=0 local=0 linear=0 vx=0 vy=0 vz=0 slip=0 accepted=0 window=0 ratio=0 cv=0 stable=0 metricVerified=0 worldUnitsPerMeter=0
[2026-10-10 03:28:13.597] [INFO] FRR_MOTION_V1 capture=707000 cohort=146 generation=0 model=0 timeMs=727234 dt=0 valid=0 safe=0 grounded=0 x=0 y=0 z=0 speed=0 speedometer=0 absolute=0 local=0 linear=0 vx=0 vy=0 vz=0 slip=0 accepted=0 window=0 ratio=0 cv=0 stable=0 metricVerified=0 worldUnitsPerMeter=0
[2026-10-10 03:28:13.621] [INFO] PostRace observation revoked: inWorld=0 nis=0 fade=0 loading=0 playerCrossCheck=0 raceEvidenceRetained=0 capturedRaceCount=0 readOnly=1 lifetimeProven=0
[2026-10-10 03:28:14.036] [INFO] Free Roam world generation 1 started; runtime rival handles from older generations are invalid.
[2026-10-10 03:28:14.036] [INFO] FRR_MOTION_V1 capture=707000 cohort=147 generation=1 model=2030390099 timeMs=727671 dt=0 valid=1 safe=1 grounded=1 x=82.4891739 y=91.720108 z=2329.80005 speed=0 speedometer=-1.75332787e-07 absolute=0 local=0 linear=0 vx=0 vy=0 vz=0 slip=0 accepted=0 window=0 ratio=0 cv=0 stable=0 metricVerified=0 worldUnitsPerMeter=0
[2026-10-10 03:28:14.036] [INFO] Vehicle catalog validation: 37/39 configured pvehicle keys available. Missing: 911Turbo bmwm3
[2026-10-10 03:28:14.036] [INFO] Runtime state changed: mode=FreeRoamCandidate inWorld=1 raceMode=Roaming loading=0 inNIS=0 fade=0 flow=6 IVehicle=0x46EB41C PVehicle=0x46EB370 raceStatus=0xED291F8 roadNetwork=0x46CD390 pvehicleCount=1 playerCrossCheck=1 vehicles=1 human=1 traffic=0 cops=0 racers=0 none=0 nisCars=0 remote=0 unknown=0 cash=335950 careerCars=3 currentCarHandle=89 careerCompleted=0 profileKey=pseudonymous caps=[world:1,player:1,freeroam:1,road:1,roadNav:1,careerRead:1,spawnWrite:0,economyWrite:0,garageWrite:0] motion=[speed:0.000,speedometer:-0.000,absSpeed:0.000,localMag:0.000,linearMag:0.000,slip:0.000,wheels:4,units:engine/unverified] roadNav=[ai:0xECE270C,curSeg:0,curLane:0,curWidthWorld:0.0,curSpanWorld:0.0,curSegTime:0.000,curCurve:0.0000,curRoadOcc:0,curAvoidOcc:0,curOccBehind:0,futureSeg:0,futureLane:0,futureWidthWorld:0.0,navGapWorld:0.0,futureRoadOcc:0,futureAvoidOcc:0,seekDistWorld:2333.1,seekProjWorld:0.0,farDistWorld:2333.1,farProjWorld:0.0,playerPos:(82.5,91.7,2329.8),seek:(0.0,0.0,0.0),far:(0.0,0.0,0.0),units:world]
[2026-10-10 03:28:14.123] [INFO] PostRace observation: phase=Roaming complete=1 liveCount=1 registryStatus=Stable observedRacerCount=0 capturedRaceCount=0 matchingRaceIdentities=0 readOnly=1 lifetimeProven=0
[2026-10-10 03:28:14.323] [INFO] FRR_MOTION_V1 capture=707000 cohort=147 generation=1 model=2030390099 timeMs=727968 dt=0.287943214 valid=1 safe=1 grounded=1 x=82.4891739 y=91.720108 z=2329.80005 speed=0 speedometer=-1.75332787e-07 absolute=0 local=0 linear=0 vx=0 vy=0 vz=0 slip=0 accepted=0 window=0 ratio=0 cv=0 stable=0 metricVerified=0 worldUnitsPerMeter=0
[2026-10-10 03:28:14.611] [INFO] FRR_MOTION_V1 capture=707000 cohort=147 generation=1 model=2030390099 timeMs=728250 dt=0.288101792 valid=1 safe=1 grounded=1 x=82.4891739 y=91.720108 z=2329.80005 speed=0 speedometer=-1.75332787e-07 absolute=0 local=0 linear=0 vx=0 vy=0 vz=0 slip=0 accepted=0 window=0 ratio=0 cv=0 stable=0 metricVerified=0 worldUnitsPerMeter=0
[2026-10-10 03:28:14.622] [INFO] PostRace observation: phase=Roaming complete=1 liveCount=1 registryStatus=Stable observedRacerCount=0 capturedRaceCount=0 matchingRaceIdentities=0 readOnly=1 lifetimeProven=0
[2026-10-10 03:28:14.899] [INFO] FRR_MOTION_V1 capture=707000 cohort=147 generation=1 model=2030390099 timeMs=728546 dt=0.287876815 valid=1 safe=1 grounded=1 x=82.4891739 y=91.720108 z=2329.80005 speed=0 speedometer=-1.75332787e-07 absolute=0 local=0 linear=0 vx=0 vy=0 vz=0 slip=0 accepted=0 window=0 ratio=0 cv=0 stable=0 metricVerified=0 worldUnitsPerMeter=0
[2026-10-10 03:28:15.126] [INFO] PostRace observation: phase=Roaming complete=1 liveCount=1 registryStatus=Stable observedRacerCount=0 capturedRaceCount=0 matchingRaceIdentities=0 readOnly=1 lifetimeProven=0
[2026-10-10 03:28:15.192] [INFO] FRR_MOTION_V1 capture=707000 cohort=147 generation=1 model=2030390099 timeMs=728828 dt=0.293053597 valid=1 safe=1 grounded=1 x=82.4891739 y=91.720108 z=2329.80005 speed=0 speedometer=-1.75332787e-07 absolute=0 local=0 linear=0 vx=0 vy=0 vz=0 slip=0 accepted=0 window=0 ratio=0 cv=0 stable=0 metricVerified=0 worldUnitsPerMeter=0
[2026-10-10 03:28:15.374] [INFO] DiagnosticBundle F9 begin: manual observation only; no vehicle creation or save writes
[2026-10-10 03:28:15.374] [INFO] DiagnosticBundle module: name=speed.exe base=0x400000 bytes=6786638
[2026-10-10 03:28:15.374] [INFO] DiagnosticBundle module: name=ntdll.dll base=0x76f60000 bytes=1830912
[2026-10-10 03:28:15.374] [INFO] DiagnosticBundle module: name=KERNEL32.DLL base=0x75f10000 bytes=983040
[2026-10-10 03:28:15.374] [INFO] DiagnosticBundle module: name=KERNELBASE.dll base=0x76450000 bytes=2990080
[2026-10-10 03:28:15.374] [INFO] DiagnosticBundle module: name=USER32.dll base=0x76730000 bytes=1994752
[2026-10-10 03:28:15.374] [INFO] DiagnosticBundle module: name=win32u.dll base=0x76920000 bytes=114688
[2026-10-10 03:28:15.375] [INFO] DiagnosticBundle module: name=GDI32.dll base=0x75140000 bytes=139264
[2026-10-10 03:28:15.375] [INFO] DiagnosticBundle module: name=gdi32full.dll base=0x75050000 bytes=958464
[2026-10-10 03:28:15.375] [INFO] DiagnosticBundle module: name=msvcp_win.dll base=0x76290000 bytes=544768
[2026-10-10 03:28:15.375] [INFO] DiagnosticBundle module: name=ucrtbase.dll base=0x759b0000 bytes=1114112
[2026-10-10 03:28:15.375] [INFO] DiagnosticBundle module: name=ADVAPI32.dll base=0x76200000 bytes=544768
[2026-10-10 03:28:15.375] [INFO] DiagnosticBundle module: name=msvcrt.dll base=0x75de0000 bytes=815104
[2026-10-10 03:28:15.375] [INFO] DiagnosticBundle module: name=sechost.dll base=0x75b50000 bytes=544768
[2026-10-10 03:28:15.375] [INFO] DiagnosticBundle module: name=RPCRT4.dll base=0x76960000 bytes=770048
[2026-10-10 03:28:15.375] [INFO] DiagnosticBundle module: name=SHELL32.dll base=0x752d0000 bytes=6705152
[2026-10-10 03:28:15.375] [INFO] DiagnosticBundle module: name=WS2_32.dll base=0x75940000 bytes=434176
[2026-10-10 03:28:15.375] [INFO] DiagnosticBundle module: name=SHFOLDER.dll base=0x73a90000 bytes=24576
[2026-10-10 03:28:15.375] [INFO] DiagnosticBundle module: name=WINMM.dll base=0x731e0000 bytes=208896
[2026-10-10 03:28:15.375] [INFO] DiagnosticBundle module: name=DSOUND.dll base=0x73a10000 bytes=483328
[2026-10-10 03:28:15.375] [INFO] DiagnosticBundle module: name=d3d9.dll base=0x73aa0000 bytes=1548288
[2026-10-10 03:28:15.375] [INFO] DiagnosticBundle module: name=combase.dll base=0x74a20000 bytes=2699264
[2026-10-10 03:28:15.375] [INFO] DiagnosticBundle module: name=TAPI32.dll base=0x739d0000 bytes=225280
[2026-10-10 03:28:15.375] [INFO] DiagnosticBundle module: name=NETAPI32.dll base=0x74040000 bytes=86016
[2026-10-10 03:28:15.375] [INFO] DiagnosticBundle module: name=powrprof.dll base=0x73970000 bytes=348160
[2026-10-10 03:28:15.375] [INFO] DiagnosticBundle module: name=dwmapi.dll base=0x73940000 bytes=155648
[2026-10-10 03:28:15.375] [INFO] DiagnosticBundle module: name=ResampleDmo.DLL base=0x73890000 bytes=651264
[2026-10-10 03:28:15.375] [INFO] DiagnosticBundle module: name=VERSION.dll base=0x74030000 bytes=32768
[2026-10-10 03:28:15.375] [INFO] DiagnosticBundle module: name=OLEAUT32.dll base=0x76a30000 bytes=651264
[2026-10-10 03:28:15.375] [INFO] DiagnosticBundle module: name=shcore.dll base=0x74d80000 bytes=876544
[2026-10-10 03:28:15.375] [INFO] DiagnosticBundle module: name=msdmo.dll base=0x73840000 bytes=36864
[2026-10-10 03:28:15.375] [INFO] DiagnosticBundle module: name=dxcore.dll base=0x73850000 bytes=225280
[2026-10-10 03:28:15.375] [INFO] DiagnosticBundle module: name=winmmbase.dll base=0x73810000 bytes=151552
[2026-10-10 03:28:15.375] [INFO] DiagnosticBundle module: name=cfgmgr32.dll base=0x737c0000 bytes=262144
[2026-10-10 03:28:15.375] [INFO] DiagnosticBundle module: name=DINPUT8.dll base=0x72150000 bytes=3014656
[2026-10-10 03:28:15.375] [INFO] DiagnosticBundle module: name=ole32.dll base=0x75170000 bytes=1404928
[2026-10-10 03:28:15.375] [INFO] DiagnosticBundle module: name=dbghelp.dll base=0x71f60000 bytes=1998848
[2026-10-10 03:28:15.375] [INFO] DiagnosticBundle module: name=dbgcore.DLL base=0x73780000 bytes=196608
[2026-10-10 03:28:15.375] [INFO] DiagnosticBundle module: name=d3dx9_26.dll base=0x1220000 bytes=2400256
[2026-10-10 03:28:15.375] [INFO] DiagnosticBundle module: name=IMM32.DLL base=0x75ed0000 bytes=151552
[2026-10-10 03:28:15.375] [INFO] DiagnosticBundle module: name=Comctl32.dll base=0x71d30000 bytes=2256896
[2026-10-10 03:28:15.375] [INFO] DiagnosticBundle module: name=UMPDC.dll base=0x72670000 bytes=61440
[2026-10-10 03:28:15.375] [INFO] DiagnosticBundle module: name=windows.storage.dll base=0x74300000 bytes=7442432
[2026-10-10 03:28:15.375] [INFO] DiagnosticBundle module: name=shlwapi.dll base=0x74ed0000 bytes=335872
[2026-10-10 03:28:15.375] [INFO] DiagnosticBundle module: name=DINPUT8.dll base=0x72630000 bytes=229376
[2026-10-10 03:28:15.375] [INFO] DiagnosticBundle module: name=inputhost.dll base=0x71bb0000 bytes=1515520
[2026-10-10 03:28:15.375] [INFO] DiagnosticBundle module: name=CoreMessaging.dll base=0x72540000 bytes=917504
[2026-10-10 03:28:15.375] [INFO] DiagnosticBundle module: name=bcryptPrimitives.dll base=0x75ad0000 bytes=499712
[2026-10-10 03:28:15.375] [INFO] DiagnosticBundle module: name=CRYPTBASE.DLL base=0x73c40000 bytes=40960
[2026-10-10 03:28:15.375] [INFO] DiagnosticBundle module: name=kernel.appcore.dll base=0x73e00000 bytes=86016
[2026-10-10 03:28:15.375] [INFO] DiagnosticBundle module: name=FreeRoamRivals.asi base=0x71b50000 bytes=348160
[2026-10-10 03:28:15.375] [INFO] DiagnosticBundle module: name=VCRUNTIME140.dll base=0x72520000 bytes=118784
[2026-10-10 03:28:15.375] [INFO] DiagnosticBundle module: name=MSVCP140.dll base=0x71ab0000 bytes=614400
[2026-10-10 03:28:15.375] [INFO] DiagnosticBundle module: name=MSVCP140_2.dll base=0x71a70000 bytes=253952
[2026-10-10 03:28:15.375] [INFO] DiagnosticBundle module: name=HelicopterOptions.asi base=0x71a20000 bytes=311296
[2026-10-10 03:28:15.375] [INFO] DiagnosticBundle module: name=NFSMostWanted.WidescreenFix.asi base=0x717e0000 bytes=2314240
[2026-10-10 03:28:15.375] [INFO] DiagnosticBundle module: name=d3dx9_43.dll base=0x715e0000 bytes=2093056
[2026-10-10 03:28:15.375] [INFO] DiagnosticBundle module: name=profapi.dll base=0x73e20000 bytes=122880
[2026-10-10 03:28:15.375] [INFO] DiagnosticBundle module: name=nfsmw-rpc.asi base=0x71570000 bytes=454656
[2026-10-10 03:28:15.375] [INFO] DiagnosticBundle module: name=discord-rpc.dll base=0x714e0000 bytes=540672
[2026-10-10 03:28:15.375] [INFO] DiagnosticBundle module: name=NFSMWExtraOptions.asi base=0x71490000 bytes=294912
[2026-10-10 03:28:15.375] [INFO] DiagnosticBundle module: name=NFSMWHDContentSupport.asi base=0x71450000 bytes=212992
[2026-10-10 03:28:15.375] [INFO] DiagnosticBundle module: name=NFSMWHDReflections.asi base=0x71400000 bytes=278528
[2026-10-10 03:28:15.375] [INFO] DiagnosticBundle module: name=NFSMW_XenonEffects.asi base=0x72500000 bytes=90112
[2026-10-10 03:28:15.375] [INFO] DiagnosticBundle module: name=NFS_XtendedInput.asi base=0x713e0000 bytes=106496
[2026-10-10 03:28:15.375] [INFO] DiagnosticBundle module: name=XINPUT1_4.dll base=0x713c0000 bytes=86016
[2026-10-10 03:28:15.375] [INFO] DiagnosticBundle module: name=DEVOBJ.dll base=0x71390000 bytes=151552
[2026-10-10 03:28:15.375] [INFO] DiagnosticBundle module: name=SpeedReflect.asi base=0x71370000 bytes=90112
[2026-10-10 03:28:15.376] [INFO] DiagnosticBundle module: name=TexWizard.asi base=0x71310000 bytes=339968
[2026-10-10 03:28:15.376] [INFO] DiagnosticBundle module: name=uxtheme.dll base=0x730e0000 bytes=516096
[2026-10-10 03:28:15.376] [INFO] DiagnosticBundle module: name=nvldumd.dll base=0x71260000 bytes=659456
[2026-10-10 03:28:15.376] [INFO] DiagnosticBundle module: name=msasn1.dll base=0x72ae0000 bytes=57344
[2026-10-10 03:28:15.376] [INFO] DiagnosticBundle module: name=cryptnet.dll base=0x72430000 bytes=176128
[2026-10-10 03:28:15.376] [INFO] DiagnosticBundle module: name=CRYPT32.dll base=0x760e0000 bytes=1105920
[2026-10-10 03:28:15.376] [INFO] DiagnosticBundle module: name=wldp.dll base=0x711f0000 bytes=376832
[2026-10-10 03:28:15.376] [INFO] DiagnosticBundle module: name=drvstore.dll base=0x710c0000 bytes=1224704
[2026-10-10 03:28:15.376] [INFO] DiagnosticBundle module: name=wintrust.dll base=0x74e60000 bytes=421888
[2026-10-10 03:28:15.376] [INFO] DiagnosticBundle module: name=imagehlp.dll base=0x75eb0000 bytes=110592
[2026-10-10 03:28:15.376] [INFO] DiagnosticBundle module: name=CRYPTSP.dll base=0x72ac0000 bytes=81920
[2026-10-10 03:28:15.376] [INFO] DiagnosticBundle module: name=rsaenh.dll base=0x72a80000 bytes=204800
[2026-10-10 03:28:15.376] [INFO] DiagnosticBundle module: name=bcrypt.dll base=0x73550000 bytes=114688
[2026-10-10 03:28:15.376] [INFO] DiagnosticBundle module: name=nvgpucomp32.dll base=0x6bb70000 bytes=89407488
[2026-10-10 03:28:15.376] [INFO] DiagnosticBundle module: name=NvMemMapStorage.dll base=0x6ba50000 bytes=1118208
[2026-10-10 03:28:15.376] [INFO] DiagnosticBundle module: name=nvd3dum.dll base=0x68e90000 bytes=45862912
[2026-10-10 03:28:15.376] [INFO] DiagnosticBundle module: name=directxdatabasehelper.dll base=0x68e30000 bytes=315392
[2026-10-10 03:28:15.376] [INFO] DiagnosticBundle module: name=MSCTF.dll base=0x74f30000 bytes=1142784
[2026-10-10 03:28:15.376] [INFO] DiagnosticBundle module: name=textinputframework.dll base=0x68d20000 bytes=1044480
[2026-10-10 03:28:15.376] [INFO] DiagnosticBundle module: name=CoreUIComponents.dll base=0x68a80000 bytes=2699264
[2026-10-10 03:28:15.376] [INFO] DiagnosticBundle module: name=wintypes.dll base=0x68980000 bytes=1019904
[2026-10-10 03:28:15.376] [INFO] DiagnosticBundle module: name=nvspcap.dll base=0x68840000 bytes=1282048
[2026-10-10 03:28:15.376] [INFO] DiagnosticBundle module: name=ntmarta.dll base=0x73170000 bytes=167936
[2026-10-10 03:28:15.376] [INFO] DiagnosticBundle module: name=gpapi.dll base=0x68810000 bytes=126976
[2026-10-10 03:28:15.376] [INFO] DiagnosticBundle module: name=nvppe.dll base=0x686c0000 bytes=1314816
[2026-10-10 03:28:15.376] [INFO] DiagnosticBundle module: name=dcomp.dll base=0x68520000 bytes=1630208
[2026-10-10 03:28:15.376] [INFO] DiagnosticBundle module: name=Microsoft.Internal.WarpPal.dll base=0x68500000 bytes=73728
[2026-10-10 03:28:15.376] [INFO] DiagnosticBundle module: name=clbcatq.dll base=0x763c0000 bytes=548864
[2026-10-10 03:28:15.376] [INFO] DiagnosticBundle module: name=MMDevApi.dll base=0x68470000 bytes=552960
[2026-10-10 03:28:15.376] [INFO] DiagnosticBundle module: name=AUDIOSES.DLL base=0x682f0000 bytes=1511424
[2026-10-10 03:28:15.376] [INFO] DiagnosticBundle module: name=resourcepolicyclient.dll base=0x682d0000 bytes=65536
[2026-10-10 03:28:15.376] [INFO] DiagnosticBundle module: name=Windows.UI.dll base=0x681b0000 bytes=1118208
[2026-10-10 03:28:15.376] [INFO] DiagnosticBundle module: name=avrt.dll base=0x73770000 bytes=36864
[2026-10-10 03:28:15.376] [INFO] DiagnosticBundle module inventory: reason=F9 count=100 truncated=0 complete=1
[2026-10-10 03:28:15.376] [INFO] NativeFactory read-only audit requested: no capacity hook, constructor, goal, reset, activate or retirement calls
[2026-10-10 03:28:15.387] [INFO] NativeFactory compatibility audit address=0x689820 expected=0xc77ba20d474f64ee actual=0xc77ba20d474f64ee file=0xc77ba20d474f64ee liveReadable=1 fileReadable=1 match=1
[2026-10-10 03:28:15.387] [INFO] NativeFactory compatibility audit address=0x4040f0 expected=0xe6c69bbf5b67a03d actual=0xe6c69bbf5b67a03d file=0xe6c69bbf5b67a03d liveReadable=1 fileReadable=1 match=1
[2026-10-10 03:28:15.387] [INFO] NativeFactory compatibility audit address=0x6876e0 expected=0xdf69b217075599b6 actual=0xdf69b217075599b6 file=0xdf69b217075599b6 liveReadable=1 fileReadable=1 match=1
[2026-10-10 03:28:15.387] [INFO] NativeFactory compatibility audit address=0x422480 expected=0x849130427be78946 actual=0x849130427be78946 file=0x849130427be78946 liveReadable=1 fileReadable=1 match=1
[2026-10-10 03:28:15.387] [INFO] NativeFactory compatibility audit address=0x6851d0 expected=0xef8e39a56391f160 actual=0xef8e39a56391f160 file=0xef8e39a56391f160 liveReadable=1 fileReadable=1 match=1
[2026-10-10 03:28:15.387] [INFO] NativeFactory compatibility audit address=0x6ed260 expected=0xcd8425b463193ce0 actual=0xcd8425b463193ce0 file=0xcd8425b463193ce0 liveReadable=1 fileReadable=1 match=1
[2026-10-10 03:28:15.387] [INFO] NativeFactory compatibility audit address=0x422690 expected=0x5fd6cdf5815081cd actual=0x5fd6cdf5815081cd file=0x5fd6cdf5815081cd liveReadable=1 fileReadable=1 match=1
[2026-10-10 03:28:15.387] [INFO] NativeFactory compatibility audit address=0x777660 expected=0x6e33c2f881b6cb6f actual=0x6e33c2f881b6cb6f file=0x6e33c2f881b6cb6f liveReadable=1 fileReadable=1 match=1
[2026-10-10 03:28:15.387] [INFO] NativeFactory compatibility audit address=0x415d00 expected=0xf74f27ee4f83c3f actual=0xf74f27ee4f83c3f file=0xf74f27ee4f83c3f liveReadable=1 fileReadable=1 match=1
[2026-10-10 03:28:15.387] [INFO] NativeFactory compatibility audit address=0x6693a0 expected=0xe9546f91bb8f8271 actual=0xe9546f91bb8f8271 file=0xe9546f91bb8f8271 liveReadable=1 fileReadable=1 match=1
[2026-10-10 03:28:15.387] [INFO] NativeFactory compatibility audit address=0x6693c0 expected=0x8712e1436a826881 actual=0x8712e1436a826881 file=0x8712e1436a826881 liveReadable=1 fileReadable=1 match=1
[2026-10-10 03:28:15.387] [INFO] NativeFactory compatibility audit complete checked=11 mismatches=0 signaturesMatch=1
[2026-10-10 03:28:15.388] [INFO] DiagnosticBundle world: mode=FreeRoamCandidate flow=6 loading=0 NIS=0 fade=0 playerCrossCheck=1 live=1 physical=1 traffic=0 racers=0 cops=0 playerModel=0x79054b53 metricVerified=0 worldUnitsPerMeter=0 codeAuditPassed=1
[2026-10-10 03:28:15.388] [INFO] DiagnosticBundle pursuitState=1 (unknown=0 clear=1 active=2 cooldown=3 busted=4)
[2026-10-10 03:28:15.388] [INFO] DiagnosticBundle fleet: complete=1 registered=1 active=1 ignoredInactive=0 failed=0 boxes=1
[2026-10-10 03:28:15.388] [INFO] DiagnosticBundle road: batch=0 targets=0 status=sampled live=1 sampled=1 rejectContext=0 reject1=0 reject2=3 reject3=0 reject4=0 reject5=0 reject6=0 reject7=0 reject8=0 reject9=0
[2026-10-10 03:28:15.388] [INFO] DiagnosticBundle road: batch=0 targets=0 status=sampled live=1 sampled=1 rejectContext=0 reject1=0 reject2=3 reject3=0 reject4=0 reject5=0 reject6=0 reject7=0 reject8=0 reject9=0
[2026-10-10 03:28:15.388] [INFO] DiagnosticBundle road: batch=0 targets=0 status=sampled live=1 sampled=1 rejectContext=0 reject1=0 reject2=3 reject3=0 reject4=0 reject5=0 reject6=0 reject7=0 reject8=0 reject9=0
[2026-10-10 03:28:15.388] [INFO] DiagnosticBundle road: batch=0 targets=0 status=sampled live=1 sampled=1 rejectContext=0 reject1=0 reject2=3 reject3=0 reject4=0 reject5=0 reject6=0 reject7=0 reject8=0 reject9=0
[2026-10-10 03:28:15.388] [INFO] DiagnosticBundle F9 end: four bounded road batches, not an exhaustive world scan; render/motion/lifetime unproven
[2026-10-10 03:28:15.494] [INFO] FRR_MOTION_V1 capture=707000 cohort=147 generation=1 model=2030390099 timeMs=729140 dt=0.302497298 valid=1 safe=1 grounded=1 x=82.4891739 y=91.720108 z=2329.80005 speed=0 speedometer=-1.75332787e-07 absolute=0 local=0 linear=0 vx=0 vy=0 vz=0 slip=0 accepted=0 window=0 ratio=0 cv=0 stable=0 metricVerified=0 worldUnitsPerMeter=0
[2026-10-10 03:28:15.619] [INFO] PostRace observation: phase=Roaming complete=1 liveCount=1 registryStatus=Stable observedRacerCount=0 capturedRaceCount=0 matchingRaceIdentities=0 readOnly=1 lifetimeProven=0
[2026-10-10 03:28:15.782] [INFO] FRR_MOTION_V1 capture=707000 cohort=147 generation=1 model=2030390099 timeMs=729421 dt=0.287016094 valid=1 safe=1 grounded=1 x=82.4891739 y=91.720108 z=2329.80005 speed=0 speedometer=-1.75332787e-07 absolute=0 local=0 linear=0 vx=0 vy=0 vz=0 slip=0 accepted=0 window=0 ratio=0 cv=0 stable=0 metricVerified=0 worldUnitsPerMeter=0
[2026-10-10 03:28:16.077] [INFO] FRR_MOTION_V1 capture=707000 cohort=147 generation=1 model=2030390099 timeMs=729718 dt=0.294967502 valid=1 safe=1 grounded=1 x=82.4891739 y=91.7204208 z=2329.80005 speed=0.0357657857 speedometer=-1.75332787e-07 absolute=0.0357657857 local=0.0357657857 linear=0.0357657857 vx=3.38274112e-05 vy=0.0357644483 vz=0.000307296636 slip=0.00486755371 accepted=0 window=0 ratio=0 cv=0 stable=0 metricVerified=0 worldUnitsPerMeter=0
[2026-10-10 03:28:16.125] [INFO] PostRace observation: phase=Roaming complete=1 liveCount=1 registryStatus=Stable observedRacerCount=0 capturedRaceCount=0 matchingRaceIdentities=0 readOnly=1 lifetimeProven=0
[2026-10-10 03:28:16.367] [INFO] FRR_MOTION_V1 capture=707000 cohort=147 generation=1 model=2030390099 timeMs=730000 dt=0.2899957 valid=1 safe=1 grounded=1 x=82.468605 y=91.7332916 z=2329.68921 speed=0.988088012 speedometer=2.36361408 absolute=0.988088012 local=0.988088012 linear=0.988088012 vx=-0.181541309 vy=0.0195045862 vz=-0.97107172 slip=6.10351562e-05 accepted=0 window=0 ratio=0 cv=0 stable=0 metricVerified=0 worldUnitsPerMeter=0
[2026-10-10 03:28:16.625] [INFO] PostRace observation: phase=Roaming complete=1 liveCount=1 registryStatus=Stable observedRacerCount=0 capturedRaceCount=0 matchingRaceIdentities=0 readOnly=1 lifetimeProven=0
[2026-10-10 03:28:16.654] [INFO] FRR_MOTION_V1 capture=707000 cohort=147 generation=1 model=2030390099 timeMs=730296 dt=0.286839724 valid=1 safe=1 grounded=1 x=82.3560181 y=91.7474442 z=2329.08569 speed=3.30647659 speedometer=4.57056713 absolute=3.30647659 local=3.30647683 linear=3.30647659 vx=-0.606548309 vy=0.0785064101 vz=-3.24941897 slip=0 accepted=0 window=0 ratio=0 cv=0 stable=0 metricVerified=0 worldUnitsPerMeter=0
[2026-10-10 03:28:16.943] [INFO] FRR_MOTION_V1 capture=707000 cohort=147 generation=1 model=2030390099 timeMs=730578 dt=0.288771391 valid=1 safe=1 grounded=1 x=82.0782623 y=91.7776871 z=2327.85962 speed=4.97366142 speedometer=5.31433773 absolute=4.97366142 local=4.97366142 linear=4.97366142 vx=-1.50321794 vy=0.12014173 vz=-4.73953676 slip=0.016418457 accepted=0 window=0 ratio=0 cv=0 stable=0 metricVerified=0 worldUnitsPerMeter=0
[2026-10-10 03:28:17.121] [INFO] PostRace observation: phase=Roaming complete=1 liveCount=1 registryStatus=Stable observedRacerCount=0 capturedRaceCount=0 matchingRaceIdentities=0 readOnly=1 lifetimeProven=0
[2026-10-10 03:28:17.235] [INFO] FRR_MOTION_V1 capture=707000 cohort=147 generation=1 model=2030390099 timeMs=730875 dt=0.292646021 valid=1 safe=1 grounded=1 x=81.4398041 y=91.8130722 z=2326.57227 speed=5.10532522 speedometer=6.79047632 absolute=5.10532522 local=5.10532475 linear=5.10532522 vx=-2.93355346 vy=0.120005183 vz=-4.17662668 slip=0.0389404297 accepted=1 window=1 ratio=0.974658549 cv=0 stable=0 metricVerified=0 worldUnitsPerMeter=0
[2026-10-10 03:28:17.527] [INFO] FRR_MOTION_V1 capture=707000 cohort=147 generation=1 model=2030390099 timeMs=731171 dt=0.292318195 valid=1 safe=1 grounded=1 x=80.270256 y=91.8456726 z=2325.46484 speed=6.04958439 speedometer=7.03097296 absolute=6.04958439 local=6.04958534 linear=6.04958439 vx=-5.07918167 vy=0.0931248888 vz=-3.2849226 slip=0.0493927002 accepted=1 window=2 ratio=0.981379271 cv=0.006848271 stable=0 metricVerified=0 worldUnitsPerMeter=0
[2026-10-10 03:28:17.627] [INFO] PostRace observation: phase=Roaming complete=1 liveCount=1 registryStatus=Stable observedRacerCount=0 capturedRaceCount=0 matchingRaceIdentities=0 readOnly=1 lifetimeProven=0
[2026-10-10 03:28:17.830] [INFO] FRR_MOTION_V1 capture=707000 cohort=147 generation=1 model=2030390099 timeMs=731468 dt=0.302770406 valid=1 safe=1 grounded=1 x=78.2997437 y=91.8657913 z=2324.67114 speed=8.07227898 speedometer=8.57533646 absolute=8.07227898 local=8.07227707 linear=8.07227898 vx=-7.68383598 vy=0.0503128916 vz=-2.47342229 slip=0.0219268799 accepted=0 window=0 ratio=0 cv=0 stable=0 metricVerified=0 worldUnitsPerMeter=0
[2026-10-10 03:28:18.119] [INFO] PostRace observation: phase=Roaming complete=1 liveCount=2 registryStatus=Stable observedRacerCount=0 capturedRaceCount=0 matchingRaceIdentities=0 readOnly=1 lifetimeProven=0
[2026-10-10 03:28:18.149] [INFO] FRR_MOTION_V1 capture=707000 cohort=147 generation=1 model=2030390099 timeMs=731781 dt=0.319409996 valid=1 safe=1 grounded=1 x=75.5948334 y=91.8773422 z=2323.89185 speed=9.79556847 speedometer=9.73730278 absolute=9.79556847 local=9.79556751 linear=9.79556847 vx=-9.53826523 vy=0.0252167396 vz=-2.23025155 slip=-0.0107574463 accepted=1 window=1 ratio=0.98646313 cv=0 stable=0 metricVerified=0 worldUnitsPerMeter=0
[2026-10-10 03:28:18.149] [INFO] Runtime state changed: mode=FreeRoamCandidate inWorld=1 raceMode=Roaming loading=0 inNIS=0 fade=0 flow=6 IVehicle=0x46EB41C PVehicle=0x46EB370 raceStatus=0xED291F8 roadNetwork=0x46CD390 pvehicleCount=2 playerCrossCheck=1 vehicles=2 human=1 traffic=1 cops=0 racers=0 none=0 nisCars=0 remote=0 unknown=0 cash=335950 careerCars=3 currentCarHandle=89 careerCompleted=0 profileKey=pseudonymous caps=[world:1,player:1,freeroam:1,road:1,roadNav:1,careerRead:1,spawnWrite:0,economyWrite:0,garageWrite:0] motion=[speed:9.796,speedometer:9.737,absSpeed:9.796,localMag:9.796,linearMag:9.796,slip:-0.011,wheels:4,units:engine/unverified] roadNav=[ai:0xECE270C,curSeg:0,curLane:0,curWidthWorld:0.0,curSpanWorld:0.0,curSegTime:0.000,curCurve:0.0000,curRoadOcc:0,curAvoidOcc:0,curOccBehind:0,futureSeg:0,futureLane:0,futureWidthWorld:0.0,navGapWorld:0.0,futureRoadOcc:0,futureAvoidOcc:0,seekDistWorld:2326.9,seekProjWorld:0.0,farDistWorld:2326.9,farProjWorld:0.0,playerPos:(75.6,91.9,2323.9),seek:(0.0,0.0,0.0),far:(0.0,0.0,0.0),units:world]
[2026-10-10 03:28:18.149] [INFO] Vehicle-spatial observation: registryComplete=1 registryCount=2 enabledActive=1 ignoredInactive=1 boxes=1 failedSpatialReads=0 halfExtentSemanticsResearchBacked=1 learnedModels=1 verifiedLearnedModels=1 catalogFootprintKey=0x79054B53
[2026-10-10 03:28:18.149] [INFO] Primary-camera observation: coherent=1 viewId=1 coordinateMapping=sim(z,-x,y)_to_render fullPlayerViewCoverageVerified=0 renderEnvelopeVerified=0 spawnVisibilityVerified=0
[2026-10-10 03:28:18.149] [INFO] Road-candidate observations: count=4 exactUsable=0 [CurrentRoad:RoadInvalid,seg=0,lane=0,distWorld=2326.9,projWorld=0.0,pointOccupancy=clear,fleetChecked=1,fleetInvalid=0,nearestVehicleGapWorld=2325.5,selectedRivalId=18331059014694192571,selectedVehicleKey=0x79054b53,preconstructionOverlap=unverified,overlapVerified=0,promotion=RoadInvalid,primaryCamera=unverified,separatingPlane=-1,completeSpawnVisibilityVerified=0] [FutureRoad:RoadInvalid,seg=0,lane=0,distWorld=2326.9,projWorld=0.0,pointOccupancy=clear,fleetChecked=1,fleetInvalid=0,nearestVehicleGapWorld=2325.5,selectedRivalId=18331059014694192571,selectedVehicleKey=0x79054b53,preconstructionOverlap=unverified,overlapVerified=0,promotion=RoadInvalid,primaryCamera=unverified,separatingPlane=-1,completeSpawnVisibilityVerified=0] [SeekAhead:RoadGeometryAssociationUnverified,seg=0,lane=0,distWorld=2326.9,projWorld=0.0,pointOccupancy=clear,fleetChecked=1,fleetInvalid=0,nearestVehicleGapWorld=2325.5,selectedRivalId=18331059014694192571,selectedVehicleKey=0x79054b53,preconstructionOverlap=unverified,overlapVerified=0,promotion=RoadGeometryAssociationUnverified,primaryCamera=unverified,separatingPlane=-1,completeSpawnVisibilityVerified=0] [FarFuture:RoadGeometryAssociationUnverified,seg=0,lane=0,distWorld=2326.9,projWorld=0.0,pointOccupancy=clear,fleetChecked=1,fleetInvalid=0,nearestVehicleGapWorld=2325.5,selectedRivalId=18331059014694192571,selectedVehicleKey=0x79054b53,preconstructionOverlap=unverified,overlapVerified=0,promotion=RoadGeometryAssociationUnverified,primaryCamera=unverified,separatingPlane=-1,completeSpawnVisibilityVerified=0]
[2026-10-10 03:28:18.149] [INFO] World-collision evidence: addressAvailable=1 gameplayThreadConfirmed=1 result=pending_or_unavailable cameraVisibilityVerified=0 streamingVerified=0
[2026-10-10 03:28:18.150] [INFO] Motion-scale observation: accepted=3 rejected=11 window=1 worldUnitsPerSpeedUnitSecond=0.98646 cv=0.00000 speedometerToSpeedRatio=1.02489 absoluteToSpeedRatio=1.00000 speedToLocalRatio=1.00000 speedToLinearRatio=1.00000 stable=0 metricVerified=0 worldUnitsPerMeter=0.00000
[2026-10-10 03:28:18.442] [INFO] FRR_MOTION_V1 capture=707000 cohort=147 generation=1 model=2030390099 timeMs=732078 dt=0.293276012 valid=1 safe=1 grounded=1 x=72.5520706 y=91.8740997 z=2323.50635 speed=11.3903294 speedometer=11.3312445 absolute=11.3903294 local=11.3903303 linear=11.3903294 vx=-11.3695803 vy=-0.0270568989 vz=-0.686662078 slip=-0.000198364258 accepted=1 window=2 ratio=0.986862898 cv=0.000405090075 stable=0 metricVerified=0 worldUnitsPerMeter=0
[2026-10-10 03:28:18.619] [INFO] PostRace observation: phase=Roaming complete=1 liveCount=2 registryStatus=Stable observedRacerCount=0 capturedRaceCount=0 matchingRaceIdentities=0 readOnly=1 lifetimeProven=0
[2026-10-10 03:28:18.736] [INFO] FRR_MOTION_V1 capture=707000 cohort=147 generation=1 model=2030390099 timeMs=732375 dt=0.293085396 valid=1 safe=1 grounded=1 x=69.1465225 y=91.8651123 z=2323.14038 speed=11.7221317 speedometer=11.5245752 absolute=11.7221317 local=11.7221327 linear=11.7221317 vx=-11.5320978 vy=0.00929080229 vz=-2.10214353 slip=-0.0124053955 accepted=1 window=3 ratio=0.995001912 cv=0.0115727736 stable=0 metricVerified=0 worldUnitsPerMeter=0
[2026-10-10 03:28:19.031] [INFO] FRR_MOTION_V1 capture=707000 cohort=147 generation=1 model=2030390099 timeMs=732671 dt=0.295885503 valid=1 safe=1 grounded=1 x=65.5716858 y=91.8676147 z=2322.44116 speed=13.1624422 speedometer=13.1073513 absolute=13.1624422 local=13.1624441 linear=13.1624422 vx=-12.8746071 vy=0.0209992155 vz=-2.73750639 slip=0.000411987305 accepted=1 window=4 ratio=0.993608832 cv=0.0103259776 stable=0 metricVerified=0 worldUnitsPerMeter=0
[2026-10-10 03:28:19.122] [INFO] PostRace observation: phase=Roaming complete=1 liveCount=2 registryStatus=Stable observedRacerCount=0 capturedRaceCount=0 matchingRaceIdentities=0 readOnly=1 lifetimeProven=0
[2026-10-10 03:28:19.334] [INFO] FRR_MOTION_V1 capture=707000 cohort=147 generation=1 model=2030390099 timeMs=732968 dt=0.302129805 valid=1 safe=1 grounded=1 x=61.4600372 y=91.8752747 z=2321.39722 speed=14.3494911 speedometer=14.3237009 absolute=14.3494911 local=14.349493 linear=14.3494911 vx=-13.6906805 vy=0.0303508975 vz=-4.29793358 slip=-0.0071105957 accepted=1 window=5 ratio=0.999026835 cv=0.0142135974 stable=0 metricVerified=0 worldUnitsPerMeter=0
[2026-10-10 03:28:19.618] [INFO] PostRace observation: phase=Roaming complete=1 liveCount=2 registryStatus=Stable observedRacerCount=0 capturedRaceCount=0 matchingRaceIdentities=0 readOnly=1 lifetimeProven=0
[2026-10-10 03:28:19.628] [INFO] FRR_MOTION_V1 capture=707000 cohort=147 generation=1 model=2030390099 timeMs=733265 dt=0.29491359 valid=1 safe=1 grounded=1 x=57.1614113 y=91.8781891 z=2320.11401 speed=15.7631712 speedometer=15.2006607 absolute=15.7631712 local=15.7631741 linear=15.7631712 vx=-15.1923809 vy=0.00737934606 vz=-4.20345831 slip=0.00569152832 accepted=1 window=6 ratio=1.00090635 cv=0.0136144599 stable=0 metricVerified=0 worldUnitsPerMeter=0
[2026-10-10 03:28:19.922] [INFO] FRR_MOTION_V1 capture=707000 cohort=147 generation=1 model=2030390099 timeMs=733562 dt=0.293031484 valid=1 safe=1 grounded=1 x=52.6072617 y=91.8805923 z=2318.9939 speed=16.8005085 speedometer=16.7507839 absolute=16.8005085 local=16.8005104 linear=16.8005085 vx=-16.3561249 vy=0.0134930722 vz=-3.83850002 slip=-0.00065612793 accepted=1 window=7 ratio=0.998345077 cv=0.0141131207 stable=0 metricVerified=0 worldUnitsPerMeter=0
[2026-10-10 03:28:20.127] [INFO] PostRace observation: phase=Roaming complete=1 liveCount=2 registryStatus=Stable observedRacerCount=0 capturedRaceCount=0 matchingRaceIdentities=0 readOnly=1 lifetimeProven=0
[2026-10-10 03:28:20.221] [INFO] FRR_MOTION_V1 capture=707000 cohort=147 generation=1 model=2030390099 timeMs=733859 dt=0.299821585 valid=1 safe=1 grounded=1 x=47.3392372 y=91.8830643 z=2317.85742 speed=19.3841438 speedometer=17.5467644 absolute=19.3841438 local=19.3841419 linear=19.3841438 vx=-18.9877338 vy=-0.00436156336 vz=-3.9001205 slip=-0.00016784668 accepted=1 window=8 ratio=0.997739553 cv=0.0133068552 stable=0 metricVerified=0 worldUnitsPerMeter=0
[2026-10-10 03:28:20.517] [INFO] FRR_MOTION_V1 capture=707000 cohort=147 generation=1 model=2030390099 timeMs=734156 dt=0.294863194 valid=1 safe=1 grounded=1 x=41.533596 y=91.8854675 z=2316.68457 speed=20.5800648 speedometer=17.5467644 absolute=20.5800648 local=20.5800648 linear=20.5800648 vx=-20.1802635 vy=0.0269563682 vz=-4.03674269 slip=0 accepted=1 window=9 ratio=0.998574197 cv=0.0127562992 stable=0 metricVerified=0 worldUnitsPerMeter=0
[2026-10-10 03:28:20.625] [INFO] PostRace observation: phase=Roaming complete=1 liveCount=2 registryStatus=Stable observedRacerCount=0 capturedRaceCount=0 matchingRaceIdentities=0 readOnly=1 lifetimeProven=0
[2026-10-10 03:28:20.818] [INFO] FRR_MOTION_V1 capture=707000 cohort=147 generation=1 model=2030390099 timeMs=734453 dt=0.300775498 valid=1 safe=1 grounded=1 x=35.3095894 y=91.8947678 z=2315.44482 speed=21.7130299 speedometer=21.6817474 absolute=21.7130299 local=21.7130318 linear=21.7130299 vx=-21.2967911 vy=0.0358599983 vz=-4.23095942 slip=0 accepted=1 window=10 ratio=0.9984954 cv=0.0121049574 stable=0 metricVerified=0 worldUnitsPerMeter=0
[2026-10-10 03:28:21.109] [INFO] FRR_MOTION_V1 capture=707000 cohort=147 generation=1 model=2030390099 timeMs=734750 dt=0.292633504 valid=1 safe=1 grounded=1 x=28.9388275 y=91.9055099 z=2314.18164 speed=22.8062553 speedometer=22.7751217 absolute=22.8062553 local=22.8062553 linear=22.8062553 vx=-22.3715038 vy=0.0376196317 vz=-4.43166971 slip=1.52587891e-05 accepted=1 window=11 ratio=0.998365283 cv=0.0115504824 stable=0 metricVerified=0 worldUnitsPerMeter=0
[2026-10-10 03:28:21.120] [INFO] PostRace observation: phase=Roaming complete=1 liveCount=2 registryStatus=Stable observedRacerCount=0 capturedRaceCount=0 matchingRaceIdentities=0 readOnly=1 lifetimeProven=0
[2026-10-10 03:28:21.404] [INFO] FRR_MOTION_V1 capture=707000 cohort=147 generation=1 model=2030390099 timeMs=735046 dt=0.294065505 valid=1 safe=1 grounded=1 x=22.1585903 y=91.9191055 z=2312.83936 speed=23.9063797 speedometer=23.8754883 absolute=23.9063797 local=23.9063835 linear=23.9063797 vx=-23.4515152 vy=0.0502216592 vz=-4.64100695 slip=1.52587891e-05 accepted=1 window=12 ratio=0.999029934 cv=0.0112695144 stable=1 metricVerified=0 worldUnitsPerMeter=0
[2026-10-10 03:28:21.404] [INFO] Motion-scale observation became stable: worldUnitsPerSpeedUnitSecond=0.99903 cv=0.01127 speedometerToSpeedRatio=0.97563 absoluteToSpeedRatio=1.00000 speedToLocalRatio=1.00000 speedToLinearRatio=1.00000. Source-backed absolute speed is metres/second; metricVerified=0 worldUnitsPerMeter=0.00000.
[2026-10-10 03:28:21.623] [INFO] PostRace observation: phase=Roaming complete=1 liveCount=2 registryStatus=Stable observedRacerCount=0 capturedRaceCount=0 matchingRaceIdentities=0 readOnly=1 lifetimeProven=0
[2026-10-10 03:28:21.690] [INFO] FRR_MOTION_V1 capture=707000 cohort=147 generation=1 model=2030390099 timeMs=735328 dt=0.28574118 valid=1 safe=1 grounded=1 x=15.2647114 y=91.9346771 z=2311.4751 speed=24.9667034 speedometer=24.9362392 absolute=24.9667034 local=24.9667053 linear=24.9667034 vx=-24.4917431 vy=0.065342769 vz=-4.84629679 slip=3.05175781e-05 accepted=1 window=13 ratio=0.999601007 cv=0.0110006817 stable=1 metricVerified=0 worldUnitsPerMeter=0
[2026-10-10 03:28:21.955] [INFO] FRR_MOTION_V1 capture=707000 cohort=147 generation=1 model=2030390099 timeMs=735593 dt=0.265001208 valid=1 safe=1 grounded=1 x=8.60377693 y=91.952507 z=2310.15698 speed=25.942934 speedometer=25.9125557 absolute=25.942934 local=25.9429417 linear=25.942934 vx=-25.4494019 vy=0.0699890107 vz=-5.03576136 slip=3.05175781e-05 accepted=1 window=14 ratio=1.00010145 cv=0.0107477205 stable=1 metricVerified=0 worldUnitsPerMeter=0
[2026-10-10 03:28:22.122] [INFO] PostRace observation: phase=Roaming complete=1 liveCount=3 registryStatus=Stable observedRacerCount=0 capturedRaceCount=0 matchingRaceIdentities=0 readOnly=1 lifetimeProven=0
[2026-10-10 03:28:22.214] [INFO] FRR_MOTION_V1 capture=707000 cohort=147 generation=1 model=2030390099 timeMs=735859 dt=0.25977239 valid=1 safe=1 grounded=1 x=2.04312229 y=91.9730988 z=2308.79614 speed=26.5377178 speedometer=26.2057476 absolute=26.5377178 local=26.5377197 linear=26.5377178 vx=-25.7872887 vy=0.0852472708 vz=-6.265697 slip=-0.00492858887 accepted=1 window=15 ratio=0.998958468 cv=0.0112422165 stable=1 metricVerified=0 worldUnitsPerMeter=0
[2026-10-10 03:28:22.215] [INFO] Runtime state changed: mode=FreeRoamCandidate inWorld=1 raceMode=Roaming loading=0 inNIS=0 fade=0 flow=6 IVehicle=0x46EB41C PVehicle=0x46EB370 raceStatus=0xED291F8 roadNetwork=0x46CD390 pvehicleCount=3 playerCrossCheck=1 vehicles=3 human=1 traffic=2 cops=0 racers=0 none=0 nisCars=0 remote=0 unknown=0 cash=335950 careerCars=3 currentCarHandle=89 careerCompleted=0 profileKey=pseudonymous caps=[world:1,player:1,freeroam:1,road:1,roadNav:1,careerRead:1,spawnWrite:0,economyWrite:0,garageWrite:0] motion=[speed:26.538,speedometer:26.206,absSpeed:26.538,localMag:26.538,linearMag:26.538,slip:-0.005,wheels:4,units:engine/unverified] roadNav=[ai:0xECE270C,curSeg:0,curLane:0,curWidthWorld:0.0,curSpanWorld:0.0,curSegTime:0.000,curCurve:0.0000,curRoadOcc:0,curAvoidOcc:0,curOccBehind:0,futureSeg:0,futureLane:0,futureWidthWorld:0.0,navGapWorld:0.0,futureRoadOcc:0,futureAvoidOcc:0,seekDistWorld:2310.6,seekProjWorld:0.0,farDistWorld:2310.6,farProjWorld:0.0,playerPos:(2.0,92.0,2308.8),seek:(0.0,0.0,0.0),far:(0.0,0.0,0.0),units:world]
[2026-10-10 03:28:22.463] [INFO] FRR_MOTION_V1 capture=707000 cohort=147 generation=1 model=2030390099 timeMs=736109 dt=0.248524606 valid=1 safe=1 grounded=1 x=-4.48578548 y=91.9952393 z=2307.17554 speed=27.3556271 speedometer=27.3251991 absolute=27.3556271 local=27.355629 linear=27.3556271 vx=-26.4571362 vy=0.109910257 vz=-6.9525733 slip=0.000961303711 accepted=1 window=16 ratio=0.99930501 cv=0.0109640425 stable=1 metricVerified=0 worldUnitsPerMeter=0
[2026-10-10 03:28:22.626] [INFO] PostRace observation: phase=Roaming complete=1 liveCount=3 registryStatus=Stable observedRacerCount=0 capturedRaceCount=0 matchingRaceIdentities=0 readOnly=1 lifetimeProven=0
[2026-10-10 03:28:22.706] [INFO] FRR_MOTION_V1 capture=707000 cohort=147 generation=1 model=2030390099 timeMs=736343 dt=0.243151397 valid=1 safe=1 grounded=1 x=-10.958128 y=92.025795 z=2305.37817 speed=28.2086487 speedometer=28.0839043 absolute=28.2086487 local=28.2086506 linear=28.2086487 vx=-27.175663 vy=0.135103285 vz=-7.56260633 slip=0.00189208984 accepted=1 window=17 ratio=0.999015629 cv=0.0107026603 stable=1 metricVerified=0 worldUnitsPerMeter=0
[2026-10-10 03:28:22.949] [INFO] FRR_MOTION_V1 capture=707000 cohort=147 generation=1 model=2030390099 timeMs=736593 dt=0.242405698 valid=1 safe=1 grounded=1 x=-17.5923824 y=92.0561447 z=2303.70654 speed=28.806303 speedometer=28.1762714 absolute=28.806303 local=28.8063049 linear=28.806303 vx=-27.9564362 vy=0.128373504 vz=-6.94436884 slip=-0.00123596191 accepted=1 window=18 ratio=0.998518109 cv=0.0106071848 stable=1 metricVerified=0 worldUnitsPerMeter=0
[2026-10-10 03:28:23.119] [INFO] PostRace observation: phase=Roaming complete=1 liveCount=3 registryStatus=Stable observedRacerCount=0 capturedRaceCount=0 matchingRaceIdentities=0 readOnly=1 lifetimeProven=0
[2026-10-10 03:28:23.210] [INFO] FRR_MOTION_V1 capture=707000 cohort=147 generation=1 model=2030390099 timeMs=736843 dt=0.262370884 valid=1 safe=1 grounded=1 x=-24.9202194 y=92.0969696 z=2301.8584 speed=29.366993 speedometer=28.1762714 absolute=29.366993 local=29.366991 linear=29.366993 vx=-28.4351387 vy=0.168095052 vz=-7.33722591 slip=-0.00172424316 accepted=1 window=19 ratio=0.998085201 cv=0.0104913758 stable=1 metricVerified=0 worldUnitsPerMeter=0
[2026-10-10 03:28:23.468] [INFO] World metric calibration verified: source=MW05_GetAbsoluteSpeed_mps worldUnitsPerMeter=0.99855 window=20 cv=0.01042. Metric thresholds may now consume this scale; spawn remains separately gated.
[2026-10-10 03:28:23.468] [INFO] FRR_MOTION_V1 capture=707000 cohort=147 generation=1 model=2030390099 timeMs=737109 dt=0.256604403 valid=1 safe=1 grounded=1 x=-32.3338165 y=92.1357498 z=2299.8833 speed=29.9920235 speedometer=29.7832928 absolute=29.9920235 local=29.9920254 linear=29.9920235 vx=-28.956213 vy=0.156240284 vz=-7.8124752 slip=0.00273132324 accepted=1 window=20 ratio=0.99855119 cv=0.0104213832 stable=1 metricVerified=1 worldUnitsPerMeter=0.99855119
[2026-10-10 03:28:23.627] [INFO] PostRace observation: phase=Roaming complete=1 liveCount=3 registryStatus=Stable observedRacerCount=0 capturedRaceCount=0 matchingRaceIdentities=0 readOnly=1 lifetimeProven=0
[2026-10-10 03:28:23.718] [INFO] FRR_MOTION_V1 capture=707000 cohort=147 generation=1 model=2030390099 timeMs=737359 dt=0.250353098 valid=1 safe=1 grounded=1 x=-39.6034775 y=92.1768188 z=2298.07349 speed=30.177454 speedometer=30.1556664 absolute=30.177454 local=30.1774559 linear=30.177454 vx=-29.318924 vy=0.166652068 vz=-7.14504433 slip=-0.00109863281 accepted=1 window=21 ratio=0.998366356 cv=0.0102057345 stable=1 metricVerified=1 worldUnitsPerMeter=0.99855119
[2026-10-10 03:28:23.718] [INFO] Runtime heartbeat: mode=FreeRoamCandidate inWorld=1 raceMode=Roaming loading=0 inNIS=0 fade=0 flow=6 IVehicle=0x46EB41C PVehicle=0x46EB370 raceStatus=0xED291F8 roadNetwork=0x46CD390 pvehicleCount=3 playerCrossCheck=1 vehicles=3 human=1 traffic=2 cops=0 racers=0 none=0 nisCars=0 remote=0 unknown=0 cash=335950 careerCars=3 currentCarHandle=89 careerCompleted=0 profileKey=pseudonymous caps=[world:1,player:1,freeroam:1,road:1,roadNav:1,careerRead:1,spawnWrite:0,economyWrite:0,garageWrite:0] motion=[speed:30.177,speedometer:30.156,absSpeed:30.177,localMag:30.177,linearMag:30.177,slip:-0.001,wheels:4,units:engine/unverified] roadNav=[ai:0xECE270C,curSeg:0,curLane:0,curWidthWorld:0.0,curSpanWorld:0.0,curSegTime:0.000,curCurve:0.0000,curRoadOcc:0,curAvoidOcc:0,curOccBehind:0,futureSeg:0,futureLane:0,futureWidthWorld:0.0,navGapWorld:0.0,futureRoadOcc:0,futureAvoidOcc:0,seekDistWorld:2300.3,seekProjWorld:0.0,farDistWorld:2300.3,farProjWorld:0.0,playerPos:(-39.6,92.2,2298.1),seek:(0.0,0.0,0.0),far:(0.0,0.0,0.0),units:world]
[2026-10-10 03:28:23.718] [INFO] Vehicle-spatial observation: registryComplete=1 registryCount=3 enabledActive=2 ignoredInactive=1 boxes=2 failedSpatialReads=0 halfExtentSemanticsResearchBacked=1 learnedModels=2 verifiedLearnedModels=2 catalogFootprintKey=0x79054B53
[2026-10-10 03:28:23.718] [INFO] Primary-camera observation: coherent=1 viewId=1 coordinateMapping=sim(z,-x,y)_to_render fullPlayerViewCoverageVerified=0 renderEnvelopeVerified=0 spawnVisibilityVerified=0
[2026-10-10 03:28:23.718] [INFO] Road-candidate observations: count=4 exactUsable=0 [CurrentRoad:RoadInvalid,seg=0,lane=0,distWorld=2300.3,projWorld=0.0,pointOccupancy=clear,fleetChecked=2,fleetInvalid=0,nearestVehicleGapWorld=2298.8,selectedRivalId=18331059014694192571,selectedVehicleKey=0x79054b53,preconstructionOverlap=unverified,overlapVerified=0,promotion=RoadInvalid,primaryCamera=unverified,separatingPlane=-1,completeSpawnVisibilityVerified=0] [FutureRoad:RoadInvalid,seg=0,lane=0,distWorld=2300.3,projWorld=0.0,pointOccupancy=clear,fleetChecked=2,fleetInvalid=0,nearestVehicleGapWorld=2298.8,selectedRivalId=18331059014694192571,selectedVehicleKey=0x79054b53,preconstructionOverlap=unverified,overlapVerified=0,promotion=RoadInvalid,primaryCamera=unverified,separatingPlane=-1,completeSpawnVisibilityVerified=0] [SeekAhead:RoadGeometryAssociationUnverified,seg=0,lane=0,distWorld=2300.3,projWorld=0.0,pointOccupancy=clear,fleetChecked=2,fleetInvalid=0,nearestVehicleGapWorld=2298.8,selectedRivalId=18331059014694192571,selectedVehicleKey=0x79054b53,preconstructionOverlap=unverified,overlapVerified=0,promotion=RoadGeometryAssociationUnverified,primaryCamera=unverified,separatingPlane=-1,completeSpawnVisibilityVerified=0] [FarFuture:RoadGeometryAssociationUnverified,seg=0,lane=0,distWorld=2300.3,projWorld=0.0,pointOccupancy=clear,fleetChecked=2,fleetInvalid=0,nearestVehicleGapWorld=2298.8,selectedRivalId=18331059014694192571,selectedVehicleKey=0x79054b53,preconstructionOverlap=unverified,overlapVerified=0,promotion=RoadGeometryAssociationUnverified,primaryCamera=unverified,separatingPlane=-1,completeSpawnVisibilityVerified=0]
[2026-10-10 03:28:23.718] [INFO] World-collision evidence: addressAvailable=1 gameplayThreadConfirmed=1 result=pending_or_unavailable cameraVisibilityVerified=0 streamingVerified=0
[2026-10-10 03:28:23.718] [INFO] Motion-scale observation: accepted=23 rejected=11 window=21 worldUnitsPerSpeedUnitSecond=0.99837 cv=0.01021 speedometerToSpeedRatio=0.98175 absoluteToSpeedRatio=1.00000 speedToLocalRatio=1.00000 speedToLinearRatio=1.00000 stable=1 metricVerified=1 worldUnitsPerMeter=0.99855
[2026-10-10 03:28:23.970] [INFO] FRR_MOTION_V1 capture=707000 cohort=147 generation=1 model=2030390099 timeMs=737609 dt=0.251408994 valid=1 safe=1 grounded=1 x=-47.0461197 y=92.2173996 z=2296.41016 speed=30.8240166 speedometer=30.8020477 absolute=30.8240166 local=30.8240223 linear=30.8240166 vx=-30.1834545 vy=0.158270329 vz=-6.24932623 slip=-0.000625610352 accepted=1 window=22 ratio=0.998192787 cv=0.0100046061 stable=1 metricVerified=1 worldUnitsPerMeter=0.99855119
[2026-10-10 03:28:24.124] [INFO] PostRace observation: phase=Roaming complete=1 liveCount=3 registryStatus=Stable observedRacerCount=0 capturedRaceCount=0 matchingRaceIdentities=0 readOnly=1 lifetimeProven=0
[2026-10-10 03:28:24.226] [INFO] FRR_MOTION_V1 capture=707000 cohort=147 generation=1 model=2030390099 timeMs=737859 dt=0.256224185 valid=1 safe=1 grounded=1 x=-54.944313 y=92.2595367 z=2294.84937 speed=31.4970093 speedometer=31.4752121 absolute=31.4970093 local=31.4970131 linear=31.4970093 vx=-30.9367828 vy=0.169302598 vz=-5.91172123 slip=-0.000228881836 accepted=1 window=23 ratio=0.998636067 cv=0.00999947544 stable=1 metricVerified=1 worldUnitsPerMeter=0.99855119
[2026-10-10 03:28:24.487] [INFO] FRR_MOTION_V1 capture=707000 cohort=147 generation=1 model=2030390099 timeMs=738125 dt=0.261636496 valid=1 safe=1 grounded=1 x=-63.0279694 y=92.3050537 z=2293.33325 speed=32.1709862 speedometer=32.1496048 absolute=32.1709862 local=32.1709824 linear=32.1709862 vx=-31.6338043 vy=0.204218999 vz=-5.8509059 slip=-7.62939453e-05 accepted=1 window=24 ratio=0.998171568 cv=0.010044531 stable=1 metricVerified=1 worldUnitsPerMeter=0.99855119
[2026-10-10 03:28:24.624] [INFO] PostRace observation: phase=Roaming complete=1 liveCount=3 registryStatus=Stable observedRacerCount=0 capturedRaceCount=0 matchingRaceIdentities=0 readOnly=1 lifetimeProven=0
[2026-10-10 03:28:24.741] [INFO] FRR_MOTION_V1 capture=707000 cohort=147 generation=1 model=2030390099 timeMs=738375 dt=0.254353195 valid=1 safe=1 grounded=1 x=-71.1543045 y=92.3571091 z=2291.8418 speed=32.8330574 speedometer=32.8115578 absolute=32.8330574 local=32.8330536 linear=32.8330574 vx=-32.298317 vy=0.206964493 vz=-5.89792252 slip=-1.52587891e-05 accepted=1 window=25 ratio=0.998221695 cv=0.00984416716 stable=1 metricVerified=1 worldUnitsPerMeter=0.99855119
[2026-10-10 03:28:24.997] [INFO] FRR_MOTION_V1 capture=707000 cohort=147 generation=1 model=2030390099 timeMs=738640 dt=0.255844504 valid=1 safe=1 grounded=1 x=-79.5775452 y=92.4146118 z=2290.43213 speed=33.0339928 speedometer=32.9849319 absolute=33.0339928 local=33.0339928 linear=33.0339928 vx=-32.754715 vy=0.210671067 vz=-4.2812171 slip=0.00428771973 accepted=1 window=26 ratio=0.998813748 cv=0.0100922501 stable=1 metricVerified=1 worldUnitsPerMeter=0.99855119
[2026-10-10 03:28:25.123] [INFO] PostRace observation: phase=Roaming complete=1 liveCount=3 registryStatus=Stable observedRacerCount=0 capturedRaceCount=0 matchingRaceIdentities=0 readOnly=1 lifetimeProven=0
[2026-10-10 03:28:25.248] [INFO] FRR_MOTION_V1 capture=707000 cohort=147 generation=1 model=2030390099 timeMs=738890 dt=0.251322299 valid=1 safe=1 grounded=1 x=-87.8173065 y=92.4664078 z=2289.38916 speed=33.0630836 speedometer=33.0867538 absolute=33.0630836 local=33.0630951 linear=33.0630836 vx=-32.8766823 vy=0.203183472 vz=-3.50001287 slip=-0.00132751465 accepted=1 window=27 ratio=0.998856902 cv=0.00990561955 stable=1 metricVerified=1 worldUnitsPerMeter=0.99855119
[2026-10-10 03:28:25.507] [INFO] FRR_MOTION_V1 capture=707000 cohort=147 generation=1 model=2030390099 timeMs=739140 dt=0.258080304 valid=1 safe=1 grounded=1 x=-96.2719955 y=92.5257874 z=2288.64258 speed=33.0096397 speedometer=32.9894295 absolute=33.0096397 local=33.0096436 linear=33.0096397 vx=-32.9156952 vy=0.224656299 vz=-2.47846556 slip=-0.000534057617 accepted=1 window=28 ratio=0.998737574 cv=0.00974808447 stable=1 metricVerified=1 worldUnitsPerMeter=0.99855119
[2026-10-10 03:28:25.623] [INFO] PostRace observation: phase=Roaming complete=1 liveCount=3 registryStatus=Stable observedRacerCount=0 capturedRaceCount=0 matchingRaceIdentities=0 readOnly=1 lifetimeProven=0
[2026-10-10 03:28:25.755] [INFO] FRR_MOTION_V1 capture=707000 cohort=147 generation=1 model=2030390099 timeMs=739390 dt=0.248321205 valid=1 safe=1 grounded=1 x=-104.581123 y=92.5756683 z=2288.09448 speed=33.5073586 speedometer=32.9678764 absolute=33.5073586 local=33.5073624 linear=33.5073586 vx=-33.4774666 vy=0.191215619 vz=-1.40209854 slip=0.00262451172 accepted=1 window=29 ratio=0.999067307 cv=0.00973332487 stable=1 metricVerified=1 worldUnitsPerMeter=0.99855119
[2026-10-10 03:28:26.000] [INFO] FRR_MOTION_V1 capture=707000 cohort=147 generation=1 model=2030390099 timeMs=739640 dt=0.244769201 valid=1 safe=1 grounded=1 x=-112.811165 y=92.6300507 z=2288.00488 speed=33.6945114 speedometer=33.6729546 absolute=33.6945114 local=33.694519 linear=33.6945114 vx=-33.6928368 vy=0.258969039 vz=0.214021876 slip=-0.0018157959 accepted=1 window=30 ratio=0.999123633 cv=0.00957400817 stable=1 metricVerified=1 worldUnitsPerMeter=0.99855119
[2026-10-10 03:28:26.124] [INFO] PostRace observation: phase=Roaming complete=1 liveCount=4 registryStatus=Stable observedRacerCount=0 capturedRaceCount=0 matchingRaceIdentities=0 readOnly=1 lifetimeProven=0
[2026-10-10 03:28:26.248] [INFO] FRR_MOTION_V1 capture=707000 cohort=147 generation=1 model=2030390099 timeMs=739890 dt=0.248927012 valid=1 safe=1 grounded=1 x=-121.162514 y=92.6859818 z=2288.28516 speed=34.2839584 speedometer=34.2240753 absolute=34.2839584 local=34.2839622 linear=34.2839584 vx=-34.2204742 vy=0.219673082 vz=2.07382894 slip=-0.000259399414 accepted=1 window=31 ratio=0.99875313 cv=0.0096384557 stable=1 metricVerified=1 worldUnitsPerMeter=0.99855119
[2026-10-10 03:28:26.248] [INFO] Runtime state changed: mode=FreeRoamCandidate inWorld=1 raceMode=Roaming loading=0 inNIS=0 fade=0 flow=6 IVehicle=0x46EB41C PVehicle=0x46EB370 raceStatus=0xED291F8 roadNetwork=0x46CD390 pvehicleCount=4 playerCrossCheck=1 vehicles=4 human=1 traffic=3 cops=0 racers=0 none=0 nisCars=0 remote=0 unknown=0 cash=335950 careerCars=3 currentCarHandle=89 careerCompleted=0 profileKey=pseudonymous caps=[world:1,player:1,freeroam:1,road:1,roadNav:1,careerRead:1,spawnWrite:0,economyWrite:0,garageWrite:0] motion=[speed:34.284,speedometer:34.224,absSpeed:34.284,localMag:34.284,linearMag:34.284,slip:-0.000,wheels:4,units:engine/unverified] roadNav=[ai:0xECE270C,curSeg:0,curLane:0,curWidthWorld:0.0,curSpanWorld:0.0,curSegTime:0.000,curCurve:0.0000,curRoadOcc:0,curAvoidOcc:0,curOccBehind:0,futureSeg:0,futureLane:0,futureWidthWorld:0.0,navGapWorld:0.0,futureRoadOcc:0,futureAvoidOcc:0,seekDistWorld:2293.4,seekProjWorld:0.0,farDistWorld:2293.4,farProjWorld:0.0,playerPos:(-121.2,92.7,2288.3),seek:(0.0,0.0,0.0),far:(0.0,0.0,0.0),units:world]
[2026-10-10 03:28:26.502] [INFO] FRR_MOTION_V1 capture=707000 cohort=147 generation=1 model=2030390099 timeMs=740140 dt=0.253026485 valid=1 safe=1 grounded=1 x=-129.785141 y=92.7426758 z=2289.26465 speed=34.2000008 speedometer=34.1805191 absolute=34.2000008 local=34.2000046 linear=34.2000008 vx=-33.851429 vy=0.243438125 vz=4.86433315 slip=-0.00160217285 accepted=1 window=32 ratio=0.998843074 cv=0.00949905068 stable=1 metricVerified=1 worldUnitsPerMeter=0.99855119
[2026-10-10 03:28:26.623] [INFO] PostRace observation: phase=Roaming complete=1 liveCount=4 registryStatus=Stable observedRacerCount=0 capturedRaceCount=0 matchingRaceIdentities=0 readOnly=1 lifetimeProven=0
[2026-10-10 03:28:26.762] [INFO] FRR_MOTION_V1 capture=707000 cohort=147 generation=1 model=2030390099 timeMs=740406 dt=0.260094911 valid=1 safe=1 grounded=1 x=-138.48996 y=92.7975235 z=2290.9917 speed=34.4263992 speedometer=34.4050484 absolute=34.4263992 local=34.4263992 linear=34.4263992 vx=-33.3943062 vy=0.172129974 vz=8.36466503 slip=-0.00080871582 accepted=1 window=33 ratio=0.998708248 cv=0.00938639324 stable=1 metricVerified=1 worldUnitsPerMeter=0.99855119
[2026-10-10 03:28:27.023] [INFO] FRR_MOTION_V1 capture=707000 cohort=147 generation=1 model=2030390099 timeMs=740656 dt=0.2619313 valid=1 safe=1 grounded=1 x=-147.210968 y=92.849205 z=2293.58862 speed=34.694931 speedometer=34.5328407 absolute=34.694931 local=34.6949348 linear=34.694931 vx=-32.5922623 vy=0.198726073 vz=11.8929873 slip=0.00202941895 accepted=1 window=34 ratio=0.998899221 cv=0.0093105454 stable=1 metricVerified=1 worldUnitsPerMeter=0.99855119
[2026-10-10 03:28:27.121] [INFO] PostRace observation: phase=Roaming complete=1 liveCount=4 registryStatus=Stable observedRacerCount=0 capturedRaceCount=0 matchingRaceIdentities=0 readOnly=1 lifetimeProven=0
[2026-10-10 03:28:27.287] [INFO] FRR_MOTION_V1 capture=707000 cohort=147 generation=1 model=2030390099 timeMs=740921 dt=0.263239801 valid=1 safe=1 grounded=1 x=-155.731781 y=92.8966141 z=2296.99854 speed=35.0282707 speedometer=34.5037842 absolute=35.0282707 local=35.0282745 linear=35.0282707 vx=-31.7452393 vy=0.143021747 vz=14.8053722 slip=0.00158691406 accepted=1 window=35 ratio=0.998933613 cv=0.00917845499 stable=1 metricVerified=1 worldUnitsPerMeter=0.99855119
[2026-10-10 03:28:27.561] [INFO] FRR_MOTION_V1 capture=707000 cohort=147 generation=1 model=2030390099 timeMs=741203 dt=0.273856372 valid=1 safe=1 grounded=1 x=-164.33342 y=92.9365158 z=2301.45605 speed=35.2987938 speedometer=35.2622261 absolute=35.2987938 local=35.2987938 linear=35.2987938 vx=-30.3009968 vy=0.112553328 vz=18.1064014 slip=0.00148010254 accepted=1 window=36 ratio=0.999131501 cv=0.00912385806 stable=1 metricVerified=1 worldUnitsPerMeter=0.99855119
[2026-10-10 03:28:27.625] [INFO] PostRace observation: phase=Roaming complete=1 liveCount=4 registryStatus=Stable observedRacerCount=0 capturedRaceCount=0 matchingRaceIdentities=0 readOnly=1 lifetimeProven=0
[2026-10-10 03:28:27.840] [INFO] FRR_MOTION_V1 capture=707000 cohort=147 generation=1 model=2030390099 timeMs=741484 dt=0.278578818 valid=1 safe=1 grounded=1 x=-172.637146 y=92.9787369 z=2306.88525 speed=35.6039581 speedometer=35.5917969 absolute=35.6039581 local=35.6039581 linear=35.6039581 vx=-28.5622196 vy=0.165770605 vz=21.2559166 slip=0.0009765625 accepted=1 window=37 ratio=0.999278605 cv=0.00904164091 stable=1 metricVerified=1 worldUnitsPerMeter=0.99855119
[2026-10-10 03:28:28.122] [INFO] PostRace observation: phase=Roaming complete=1 liveCount=4 registryStatus=Stable observedRacerCount=0 capturedRaceCount=0 matchingRaceIdentities=0 readOnly=1 lifetimeProven=0
[2026-10-10 03:28:28.132] [INFO] FRR_MOTION_V1 capture=707000 cohort=147 generation=1 model=2030390099 timeMs=741765 dt=0.292086691 valid=1 safe=1 grounded=1 x=-180.631332 y=93.0121613 z=2313.39185 speed=35.9632225 speedometer=35.9420052 absolute=35.9632225 local=35.9632225 linear=35.9632225 vx=-26.6015148 vy=0.126447618 vz=24.2011738 slip=-0.000289916992 accepted=1 window=38 ratio=0.998933911 cv=0.00916845165 stable=1 metricVerified=1 worldUnitsPerMeter=0.99855119
[2026-10-10 03:28:28.429] [INFO] FRR_MOTION_V1 capture=707000 cohort=147 generation=1 model=2030390099 timeMs=742062 dt=0.297222674 valid=1 safe=1 grounded=1 x=-188.413757 y=93.0459976 z=2321.021 speed=36.7012558 speedometer=36.678318 absolute=36.7012558 local=36.701252 linear=36.7012558 vx=-25.2976608 vy=0.0999960452 vz=26.5894794 slip=-0.00148010254 accepted=1 window=39 ratio=0.999197423 cv=0.00919262506 stable=1 metricVerified=1 worldUnitsPerMeter=0.99855119
[2026-10-10 03:28:28.630] [INFO] PostRace observation: phase=Roaming complete=1 liveCount=4 registryStatus=Stable observedRacerCount=0 capturedRaceCount=0 matchingRaceIdentities=0 readOnly=1 lifetimeProven=0
[2026-10-10 03:28:28.746] [INFO] FRR_MOTION_V1 capture=707000 cohort=147 generation=1 model=2030390099 timeMs=742390 dt=0.317300618 valid=1 safe=1 grounded=1 x=-196.122986 y=93.0659256 z=2329.81274 speed=37.1740799 speedometer=37.1523972 absolute=37.1740799 local=37.1740761 linear=37.1740799 vx=-23.6713943 vy=0.0783910304 vz=28.6630611 slip=-0.00155639648 accepted=1 window=40 ratio=0.999159276 cv=0.00908046868 stable=1 metricVerified=1 worldUnitsPerMeter=0.99855119
[2026-10-10 03:28:29.051] [INFO] FRR_MOTION_V1 capture=707000 cohort=147 generation=1 model=2030390099 timeMs=742687 dt=0.305110127 valid=1 safe=1 grounded=1 x=-202.850845 y=93.0876083 z=2338.95215 speed=37.5902596 speedometer=37.5660095 absolute=37.5902596 local=37.5902596 linear=37.5902596 vx=-21.0894833 vy=0.0560761988 vz=31.1168461 slip=-0.00228881836 accepted=1 window=41 ratio=0.999057949 cv=0.0089928573 stable=1 metricVerified=1 worldUnitsPerMeter=0.99855119
[2026-10-10 03:28:29.051] [INFO] Runtime heartbeat: mode=FreeRoamCandidate inWorld=1 raceMode=Roaming loading=0 inNIS=0 fade=0 flow=6 IVehicle=0x46EB41C PVehicle=0x46EB370 raceStatus=0xED291F8 roadNetwork=0x46CD390 pvehicleCount=4 playerCrossCheck=1 vehicles=4 human=1 traffic=3 cops=0 racers=0 none=0 nisCars=0 remote=0 unknown=0 cash=335950 careerCars=3 currentCarHandle=89 careerCompleted=0 profileKey=pseudonymous caps=[world:1,player:1,freeroam:1,road:1,roadNav:1,careerRead:1,spawnWrite:0,economyWrite:0,garageWrite:0] motion=[speed:37.590,speedometer:37.566,absSpeed:37.590,localMag:37.590,linearMag:37.590,slip:-0.002,wheels:4,units:engine/unverified] roadNav=[ai:0xECE270C,curSeg:0,curLane:0,curWidthWorld:0.0,curSpanWorld:0.0,curSegTime:0.000,curCurve:0.0000,curRoadOcc:0,curAvoidOcc:0,curOccBehind:0,futureSeg:0,futureLane:0,futureWidthWorld:0.0,navGapWorld:0.0,futureRoadOcc:0,futureAvoidOcc:0,seekDistWorld:2349.6,seekProjWorld:0.0,farDistWorld:2349.6,farProjWorld:0.0,playerPos:(-202.9,93.1,2339.0),seek:(0.0,0.0,0.0),far:(0.0,0.0,0.0),units:world]
[2026-10-10 03:28:29.051] [INFO] Vehicle-spatial observation: registryComplete=1 registryCount=4 enabledActive=4 ignoredInactive=0 boxes=4 failedSpatialReads=0 halfExtentSemanticsResearchBacked=1 learnedModels=3 verifiedLearnedModels=3 catalogFootprintKey=0x79054B53
[2026-10-10 03:28:29.051] [INFO] Primary-camera observation: coherent=1 viewId=1 coordinateMapping=sim(z,-x,y)_to_render fullPlayerViewCoverageVerified=0 renderEnvelopeVerified=0 spawnVisibilityVerified=0
[2026-10-10 03:28:29.051] [INFO] Road-candidate observations: count=4 exactUsable=0 [CurrentRoad:RoadInvalid,seg=0,lane=0,distWorld=2349.6,projWorld=0.0,pointOccupancy=clear,fleetChecked=4,fleetInvalid=0,nearestVehicleGapWorld=2347.2,selectedRivalId=18331059014694192571,selectedVehicleKey=0x79054b53,preconstructionOverlap=unverified,overlapVerified=0,promotion=RoadInvalid,primaryCamera=unverified,separatingPlane=-1,completeSpawnVisibilityVerified=0] [FutureRoad:RoadInvalid,seg=0,lane=0,distWorld=2349.6,projWorld=0.0,pointOccupancy=clear,fleetChecked=4,fleetInvalid=0,nearestVehicleGapWorld=2347.2,selectedRivalId=18331059014694192571,selectedVehicleKey=0x79054b53,preconstructionOverlap=unverified,overlapVerified=0,promotion=RoadInvalid,primaryCamera=unverified,separatingPlane=-1,completeSpawnVisibilityVerified=0] [SeekAhead:RoadGeometryAssociationUnverified,seg=0,lane=0,distWorld=2349.6,projWorld=0.0,pointOccupancy=clear,fleetChecked=4,fleetInvalid=0,nearestVehicleGapWorld=2347.2,selectedRivalId=18331059014694192571,selectedVehicleKey=0x79054b53,preconstructionOverlap=unverified,overlapVerified=0,promotion=RoadGeometryAssociationUnverified,primaryCamera=unverified,separatingPlane=-1,completeSpawnVisibilityVerified=0] [FarFuture:RoadGeometryAssociationUnverified,seg=0,lane=0,distWorld=2349.6,projWorld=0.0,pointOccupancy=clear,fleetChecked=4,fleetInvalid=0,nearestVehicleGapWorld=2347.2,selectedRivalId=18331059014694192571,selectedVehicleKey=0x79054b53,preconstructionOverlap=unverified,overlapVerified=0,promotion=RoadGeometryAssociationUnverified,primaryCamera=unverified,separatingPlane=-1,completeSpawnVisibilityVerified=0]
[2026-10-10 03:28:29.051] [INFO] World-collision evidence: addressAvailable=1 gameplayThreadConfirmed=1 result=pending_or_unavailable cameraVisibilityVerified=0 streamingVerified=0
[2026-10-10 03:28:29.051] [INFO] Motion-scale observation: accepted=43 rejected=11 window=41 worldUnitsPerSpeedUnitSecond=0.99906 cv=0.00899 speedometerToSpeedRatio=0.98950 absoluteToSpeedRatio=1.00000 speedToLocalRatio=1.00000 speedToLinearRatio=1.00000 stable=1 metricVerified=1 worldUnitsPerMeter=0.99855
[2026-10-10 03:28:29.122] [INFO] PostRace observation: phase=Roaming complete=1 liveCount=4 registryStatus=Stable observedRacerCount=0 capturedRaceCount=0 matchingRaceIdentities=0 readOnly=1 lifetimeProven=0
[2026-10-10 03:28:29.344] [INFO] FRR_MOTION_V1 capture=707000 cohort=147 generation=1 model=2030390099 timeMs=742984 dt=0.293113708 valid=1 safe=1 grounded=1 x=-208.596634 y=93.0967178 z=2348.52368 speed=38.0106125 speedometer=37.8102226 absolute=38.0106125 local=38.0106125 linear=38.0106125 vx=-18.0719929 vy=0.0331768692 vz=33.4396248 slip=-0.000549316406 accepted=1 window=42 ratio=0.999260664 cv=0.00897779595 stable=1 metricVerified=1 worldUnitsPerMeter=0.99855119
[2026-10-10 03:28:29.621] [INFO] FRR_MOTION_V1 capture=707000 cohort=147 generation=1 model=2030390099 timeMs=743265 dt=0.276651293 valid=1 safe=1 grounded=1 x=-213.193008 y=93.1003418 z=2357.95288 speed=38.447628 speedometer=38.4248848 absolute=38.447628 local=38.447628 linear=38.447628 vx=-15.8047428 vy=0.000217333101 vz=35.0489693 slip=-0.00189208984 accepted=1 window=43 ratio=0.999088049 cv=0.00894465763 stable=1 metricVerified=1 worldUnitsPerMeter=0.99855119
[2026-10-10 03:28:29.621] [INFO] PostRace observation: phase=Roaming complete=1 liveCount=4 registryStatus=Stable observedRacerCount=0 capturedRaceCount=0 matchingRaceIdentities=0 readOnly=1 lifetimeProven=0
[2026-10-10 03:28:29.888] [INFO] FRR_MOTION_V1 capture=707000 cohort=147 generation=1 model=2030390099 timeMs=743531 dt=0.266502798 valid=1 safe=1 grounded=1 x=-217.210983 y=93.0951767 z=2367.47803 speed=39.0920105 speedometer=39.0712128 absolute=39.0920105 local=39.0920105 linear=39.0920105 vx=-14.5604515 vy=-0.0336922184 vz=36.2791595 slip=-0.000854492188 accepted=1 window=44 ratio=0.999121189 cv=0.00884481426 stable=1 metricVerified=1 worldUnitsPerMeter=0.99855119
[2026-10-10 03:28:30.135] [INFO] PostRace observation: phase=Roaming complete=1 liveCount=5 registryStatus=Stable observedRacerCount=0 capturedRaceCount=0 matchingRaceIdentities=0 readOnly=1 lifetimeProven=0
[2026-10-10 03:28:30.160] [INFO] FRR_MOTION_V1 capture=707000 cohort=147 generation=1 model=2030390099 timeMs=743796 dt=0.272968501 valid=1 safe=1 grounded=1 x=-221.080215 y=93.0878754 z=2377.42456 speed=39.5389938 speedometer=39.5646706 absolute=39.5389938 local=39.5389977 linear=39.5389938 vx=-14.0590363 vy=-0.0267804898 vz=36.95504 slip=-0.000350952148 accepted=1 window=45 ratio=0.999017954 cv=0.00877370778 stable=1 metricVerified=1 worldUnitsPerMeter=0.99855119
[2026-10-10 03:28:30.160] [INFO] Runtime state changed: mode=FreeRoamCandidate inWorld=1 raceMode=Roaming loading=0 inNIS=0 fade=0 flow=6 IVehicle=0x46EB41C PVehicle=0x46EB370 raceStatus=0xED291F8 roadNetwork=0x46CD390 pvehicleCount=5 playerCrossCheck=1 vehicles=5 human=1 traffic=4 cops=0 racers=0 none=0 nisCars=0 remote=0 unknown=0 cash=335950 careerCars=3 currentCarHandle=89 careerCompleted=0 profileKey=pseudonymous caps=[world:1,player:1,freeroam:1,road:1,roadNav:1,careerRead:1,spawnWrite:0,economyWrite:0,garageWrite:0] motion=[speed:39.539,speedometer:39.565,absSpeed:39.539,localMag:39.539,linearMag:39.539,slip:-0.000,wheels:4,units:engine/unverified] roadNav=[ai:0xECE270C,curSeg:0,curLane:0,curWidthWorld:0.0,curSpanWorld:0.0,curSegTime:0.000,curCurve:0.0000,curRoadOcc:0,curAvoidOcc:0,curOccBehind:0,futureSeg:0,futureLane:0,futureWidthWorld:0.0,navGapWorld:0.0,futureRoadOcc:0,futureAvoidOcc:0,seekDistWorld:2389.5,seekProjWorld:0.0,farDistWorld:2389.5,farProjWorld:0.0,playerPos:(-221.1,93.1,2377.4),seek:(0.0,0.0,0.0),far:(0.0,0.0,0.0),units:world]
[2026-10-10 03:28:30.420] [INFO] FRR_MOTION_V1 capture=707000 cohort=147 generation=1 model=2030390099 timeMs=744062 dt=0.259570897 valid=1 safe=1 grounded=1 x=-224.63855 y=93.070343 z=2386.88916 speed=38.7602577 speedometer=38.7837868 absolute=38.7602577 local=38.7602577 linear=38.7602577 vx=-13.5183048 vy=-0.138789609 vz=36.3262138 slip=-0.00016784668 accepted=1 window=46 ratio=0.998930871 cv=0.00869825762 stable=1 metricVerified=1 worldUnitsPerMeter=0.99855119
[2026-10-10 03:28:30.621] [INFO] PostRace observation: phase=Roaming complete=1 liveCount=5 registryStatus=Stable observedRacerCount=0 capturedRaceCount=0 matchingRaceIdentities=0 readOnly=1 lifetimeProven=0
[2026-10-10 03:28:30.736] [INFO] FRR_MOTION_V1 capture=707000 cohort=147 generation=1 model=2030390099 timeMs=744375 dt=0.316140085 valid=1 safe=1 grounded=1 x=-228.508713 y=92.7085419 z=2398.05566 speed=37.398407 speedometer=35.8749008 absolute=37.398407 local=37.3984108 linear=37.398407 vx=-10.194788 vy=-1.2013787 vz=35.9619789 slip=0.00541687012 accepted=1 window=47 ratio=0.998574197 cv=0.00894276053 stable=1 metricVerified=1 worldUnitsPerMeter=0.99855119
[2026-10-10 03:28:31.068] [INFO] FRR_MOTION_V1 capture=707000 cohort=147 generation=1 model=2030390099 timeMs=744703 dt=0.331927896 valid=1 safe=1 grounded=1 x=-230.910812 y=92.3023758 z=2409.83691 speed=35.9911499 speedometer=33.76437 absolute=35.9911499 local=35.9911499 linear=35.9911499 vx=-4.48010731 vy=-2.0034759 vz=35.6549797 slip=-0.0064239502 accepted=1 window=48 ratio=0.998348117 cv=0.00898620021 stable=1 metricVerified=1 worldUnitsPerMeter=0.99855119
[2026-10-10 03:28:31.124] [INFO] PostRace observation: phase=Roaming complete=1 liveCount=5 registryStatus=Stable observedRacerCount=0 capturedRaceCount=0 matchingRaceIdentities=0 readOnly=1 lifetimeProven=0
[2026-10-10 03:28:31.394] [INFO] FRR_MOTION_V1 capture=707000 cohort=147 generation=1 model=2030390099 timeMs=745031 dt=0.326298594 valid=1 safe=1 grounded=1 x=-231.188583 y=91.3844147 z=2421.35791 speed=34.2231636 speedometer=31.4364414 absolute=34.2231636 local=34.2231674 linear=34.2231636 vx=2.84591818 vy=-3.2840414 vz=33.9461441 slip=-0.00538635254 accepted=1 window=49 ratio=0.998569667 cv=0.00902392808 stable=1 metricVerified=1 worldUnitsPerMeter=0.99855119
[2026-10-10 03:28:31.414] [INFO] Runtime hook health after 38s: renderFrames=6241 inputPolls=0 gameplayLoopCalls=6248 gameplayLoopCompleted=6247 gameplayCallbacks=6247 gameplayLoopInstalled=1 gameplayLoopSourceVerified=1 gameplayLoopThreadConsistent=1 gameplayLoopThread=3548 frameTicks=6248 samples=209 challengeFallbackPresses=0 renderThread=3548 inputThread=0 frameTickThread=3548 renderWorkerStarted=1 endSceneInstalled=1 presentInstalled=1 endSceneCalls=6241 presentCalls=6241 deviceGlobal=0x982bdc device=0x95fd800 vtable=0x960075c frameTickEqualsGameplayLoop=1 frameTickEqualsRender=1
[2026-10-10 03:28:31.414] [INFO] Construction readiness after 38s: BLOCKED blocker=ExactRoadCandidateUnavailable gameplayThreadConfirmed=1 freeRoamObserved=1 roadLookaheadObserved=1 exactRoadCandidateObserved=0 vehicleSpatialEvidenceObserved=1 vehicleFootprintVerified=1 verifiedFootprintVehicleKey=0x79054B53 groundEvidenceVerified=0 worldOcclusionEvidenceObserved=0 metricCalibrationVerified=1 worldUnitsPerMeter=0.998551 spawnCandidateVerified=0
[2026-10-10 03:28:31.619] [INFO] PostRace observation: phase=Roaming complete=1 liveCount=5 registryStatus=Stable observedRacerCount=0 capturedRaceCount=0 matchingRaceIdentities=0 readOnly=1 lifetimeProven=0
[2026-10-10 03:28:31.699] [INFO] FRR_MOTION_V1 capture=707000 cohort=147 generation=1 model=2030390099 timeMs=745343 dt=0.30481109 valid=1 safe=1 grounded=1 x=-229.121628 y=90.4812775 z=2431.23071 speed=32.7520561 speedometer=30.8666 absolute=32.7520561 local=32.7520599 linear=32.7520561 vx=10.7781334 vy=-1.58940578 vz=30.8869381 slip=0.00302124023 accepted=1 window=50 ratio=0.99844116 cv=0.00897970516 stable=1 metricVerified=1 worldUnitsPerMeter=0.99855119
[2026-10-10 03:28:32.008] [INFO] FRR_MOTION_V1 capture=707000 cohort=147 generation=1 model=2030390099 timeMs=745640 dt=0.309293002 valid=1 safe=1 grounded=1 x=-224.501114 y=90.4590759 z=2440.02026 speed=31.3046913 speedometer=29.2294846 absolute=31.3046913 local=31.3046932 linear=31.3046913 vx=18.5803833 vy=0.760123134 vz=25.1828365 slip=-0.00187683105 accepted=1 window=51 ratio=0.998519003 cv=0.00890762173 stable=1 metricVerified=1 worldUnitsPerMeter=0.99855119
[2026-10-10 03:28:32.119] [INFO] PostRace observation: phase=Roaming complete=1 liveCount=5 registryStatus=Stable observedRacerCount=0 capturedRaceCount=0 matchingRaceIdentities=0 readOnly=1 lifetimeProven=0
[2026-10-10 03:28:32.311] [INFO] FRR_MOTION_V1 capture=707000 cohort=147 generation=1 model=2030390099 timeMs=745953 dt=0.302240521 valid=1 safe=1 grounded=1 x=-218.112808 y=90.5882874 z=2446.78516 speed=31.0638771 speedometer=30.7733936 absolute=31.0638771 local=31.0638809 linear=31.0638771 vx=23.1801643 vy=0.334977269 vz=20.6768532 slip=-0.018661499 accepted=1 window=52 ratio=0.998303175 cv=0.00895750895 stable=1 metricVerified=1 worldUnitsPerMeter=0.99855119
[2026-10-10 03:28:32.616] [INFO] FRR_MOTION_V1 capture=707000 cohort=147 generation=1 model=2030390099 timeMs=746250 dt=0.305617779 valid=1 safe=1 grounded=1 x=-211.055618 y=90.706749 z=2452.91089 speed=30.3934288 speedometer=30.2691078 absolute=30.3934288 local=30.3934288 linear=30.3934288 vx=23.1962185 vy=0.244390249 vz=19.6376209 slip=-0.021774292 accepted=1 window=53 ratio=0.998243809 cv=0.00888349768 stable=1 metricVerified=1 worldUnitsPerMeter=0.99855119
[2026-10-10 03:28:32.628] [INFO] PostRace observation: phase=Roaming complete=1 liveCount=5 registryStatus=Stable observedRacerCount=0 capturedRaceCount=0 matchingRaceIdentities=0 readOnly=1 lifetimeProven=0
[2026-10-10 03:28:32.925] [INFO] FRR_MOTION_V1 capture=707000 cohort=147 generation=1 model=2030390099 timeMs=746562 dt=0.308695704 valid=1 safe=1 grounded=1 x=-203.391022 y=90.7448349 z=2458.52466 speed=30.1570549 speedometer=29.581728 absolute=30.1570549 local=30.1570549 linear=30.1570549 vx=24.8498573 vy=0.113265812 vz=17.085659 slip=0.00762939453 accepted=1 window=54 ratio=0.998583019 cv=0.00913887657 stable=1 metricVerified=1 worldUnitsPerMeter=0.99855119
[2026-10-10 03:28:33.126] [INFO] PostRace observation: phase=Roaming complete=1 liveCount=5 registryStatus=Stable observedRacerCount=0 capturedRaceCount=0 matchingRaceIdentities=0 readOnly=1 lifetimeProven=0
[2026-10-10 03:28:33.227] [INFO] FRR_MOTION_V1 capture=707000 cohort=147 generation=1 model=2030390099 timeMs=746859 dt=0.301629394 valid=1 safe=1 grounded=1 x=-195.889328 y=90.7917633 z=2463.73828 speed=30.8563538 speedometer=30.8323822 absolute=30.8563538 local=30.8563538 linear=30.8563538 vx=25.6218567 vy=0.145092547 vz=17.193428 slip=-0.00108337402 accepted=1 window=55 ratio=0.998478174 cv=0.00908918213 stable=1 metricVerified=1 worldUnitsPerMeter=0.99855119
[2026-10-10 03:28:33.524] [INFO] FRR_MOTION_V1 capture=707000 cohort=147 generation=1 model=2030390099 timeMs=747156 dt=0.296836704 valid=1 safe=1 grounded=1 x=-188.01358 y=90.8656235 z=2468.83228 speed=31.6699734 speedometer=31.6471024 absolute=31.6699734 local=31.6699734 linear=31.6699734 vx=26.7776108 vy=0.236897409 vz=16.9083023 slip=-0.000381469727 accepted=1 window=56 ratio=0.9986974 cv=0.00915162358 stable=1 metricVerified=1 worldUnitsPerMeter=0.99855119
[2026-10-10 03:28:33.621] [INFO] PostRace observation: phase=Roaming complete=1 liveCount=5 registryStatus=Stable observedRacerCount=0 capturedRaceCount=0 matchingRaceIdentities=0 readOnly=1 lifetimeProven=0
[2026-10-10 03:28:33.818] [INFO] FRR_MOTION_V1 capture=707000 cohort=147 generation=1 model=2030390099 timeMs=747453 dt=0.294001609 valid=1 safe=1 grounded=1 x=-180.205017 y=91.0485153 z=2473.70532 speed=32.4144211 speedometer=32.3923531 absolute=32.4144211 local=32.4144211 linear=32.4144211 vx=27.553936 vy=0.748543382 vz=17.0562305 slip=-0.000137329102 accepted=1 window=57 ratio=0.998321176 cv=0.00950249098 stable=1 metricVerified=1 worldUnitsPerMeter=0.99855119
[2026-10-10 03:28:34.117] [INFO] FRR_MOTION_V1 capture=707000 cohort=147 generation=1 model=2030390099 timeMs=747750 dt=0.299167007 valid=1 safe=1 grounded=1 x=-171.598923 y=91.3503036 z=2478.46558 speed=32.4815636 speedometer=32.4638443 absolute=32.4815636 local=32.4815636 linear=32.4815636 vx=28.8658276 vy=1.26267231 vz=14.8398619 slip=-0.00196838379 accepted=1 window=58 ratio=0.998584807 cv=0.00962636061 stable=1 metricVerified=1 worldUnitsPerMeter=0.99855119
[2026-10-10 03:28:34.127] [INFO] PostRace observation: phase=Roaming complete=1 liveCount=5 registryStatus=Stable observedRacerCount=0 capturedRaceCount=0 matchingRaceIdentities=0 readOnly=1 lifetimeProven=0
[2026-10-10 03:28:34.441] [INFO] FRR_MOTION_V1 capture=707000 cohort=147 generation=1 model=2030390099 timeMs=748078 dt=0.324618399 valid=1 safe=1 grounded=1 x=-162.29541 y=91.8121719 z=2482.74292 speed=33.1865959 speedometer=33.1719933 absolute=33.1865959 local=33.1865959 linear=33.1865959 vx=30.5412731 vy=1.76496744 vz=12.863349 slip=-0.00100708008 accepted=1 window=59 ratio=0.997959316 cv=0.0106770173 stable=1 metricVerified=1 worldUnitsPerMeter=0.99855119
[2026-10-10 03:28:34.441] [INFO] Runtime state changed: mode=FreeRoamCandidate inWorld=1 raceMode=Roaming loading=0 inNIS=0 fade=0 flow=6 IVehicle=0x46EB41C PVehicle=0x46EB370 raceStatus=0xED291F8 roadNetwork=0x46CD390 pvehicleCount=6 playerCrossCheck=1 vehicles=6 human=1 traffic=5 cops=0 racers=0 none=0 nisCars=0 remote=0 unknown=0 cash=335950 careerCars=3 currentCarHandle=89 careerCompleted=0 profileKey=pseudonymous caps=[world:1,player:1,freeroam:1,road:1,roadNav:1,careerRead:1,spawnWrite:0,economyWrite:0,garageWrite:0] motion=[speed:33.187,speedometer:33.172,absSpeed:33.187,localMag:33.187,linearMag:33.187,slip:-0.001,wheels:4,units:engine/unverified] roadNav=[ai:0xECE270C,curSeg:0,curLane:0,curWidthWorld:0.0,curSpanWorld:0.0,curSegTime:0.000,curCurve:0.0000,curRoadOcc:0,curAvoidOcc:0,curOccBehind:0,futureSeg:0,futureLane:0,futureWidthWorld:0.0,navGapWorld:0.0,futureRoadOcc:0,futureAvoidOcc:0,seekDistWorld:2489.7,seekProjWorld:0.0,farDistWorld:2489.7,farProjWorld:0.0,playerPos:(-162.3,91.8,2482.7),seek:(0.0,0.0,0.0),far:(0.0,0.0,0.0),units:world]
[2026-10-10 03:28:34.623] [INFO] PostRace observation: phase=Roaming complete=1 liveCount=6 registryStatus=Stable observedRacerCount=0 capturedRaceCount=0 matchingRaceIdentities=0 readOnly=1 lifetimeProven=0
[2026-10-10 03:28:34.749] [INFO] FRR_MOTION_V1 capture=707000 cohort=147 generation=1 model=2030390099 timeMs=748390 dt=0.307253003 valid=1 safe=1 grounded=1 x=-152.84259 y=92.5805283 z=2486.91455 speed=33.3559151 speedometer=33.3470078 absolute=33.3559151 local=33.3559189 linear=33.3559151 vx=30.1360931 vy=3.81428313 vz=13.7798548 slip=0.00100708008 accepted=1 window=60 ratio=0.998218656 cv=0.0107714357 stable=1 metricVerified=1 worldUnitsPerMeter=0.99855119
[2026-10-10 03:28:34.749] [INFO] Runtime state changed: mode=FreeRoamCandidate inWorld=1 raceMode=Roaming loading=0 inNIS=0 fade=0 flow=6 IVehicle=0x46EB41C PVehicle=0x46EB370 raceStatus=0xED291F8 roadNetwork=0x46CD390 pvehicleCount=7 playerCrossCheck=1 vehicles=6 human=1 traffic=5 cops=0 racers=0 none=0 nisCars=0 remote=0 unknown=0 cash=335950 careerCars=3 currentCarHandle=89 careerCompleted=0 profileKey=pseudonymous caps=[world:1,player:1,freeroam:1,road:1,roadNav:1,careerRead:1,spawnWrite:0,economyWrite:0,garageWrite:0] motion=[speed:33.356,speedometer:33.347,absSpeed:33.356,localMag:33.356,linearMag:33.356,slip:0.001,wheels:4,units:engine/unverified] roadNav=[ai:0xECE270C,curSeg:0,curLane:0,curWidthWorld:0.0,curSpanWorld:0.0,curSegTime:0.000,curCurve:0.0000,curRoadOcc:0,curAvoidOcc:0,curOccBehind:0,futureSeg:0,futureLane:0,futureWidthWorld:0.0,navGapWorld:0.0,futureRoadOcc:0,futureAvoidOcc:0,seekDistWorld:2493.3,seekProjWorld:0.0,farDistWorld:2493.3,farProjWorld:0.0,playerPos:(-152.8,92.6,2486.9),seek:(0.0,0.0,0.0),far:(0.0,0.0,0.0),units:world]
[2026-10-10 03:28:35.059] [INFO] FRR_MOTION_V1 capture=707000 cohort=147 generation=1 model=2030390099 timeMs=748703 dt=0.311056793 valid=1 safe=1 grounded=1 x=-143.541901 y=93.6996536 z=2491.1875 speed=33.5011749 speedometer=33.4867668 absolute=33.5011749 local=33.5011787 linear=33.5011749 vx=30.1209087 vy=3.57880402 vz=14.2215166 slip=-0.000350952148 accepted=1 window=61 ratio=0.998087227 cv=0.0107327765 stable=1 metricVerified=1 worldUnitsPerMeter=0.99855119
[2026-10-10 03:28:35.060] [INFO] Runtime state changed: mode=FreeRoamCandidate inWorld=1 raceMode=Roaming loading=0 inNIS=0 fade=0 flow=6 IVehicle=0x46EB41C PVehicle=0x46EB370 raceStatus=0xED291F8 roadNetwork=0x46CD390 pvehicleCount=8 playerCrossCheck=1 vehicles=6 human=1 traffic=5 cops=0 racers=0 none=0 nisCars=0 remote=0 unknown=0 cash=335950 careerCars=3 currentCarHandle=89 careerCompleted=0 profileKey=pseudonymous caps=[world:1,player:1,freeroam:1,road:1,roadNav:1,careerRead:1,spawnWrite:0,economyWrite:0,garageWrite:0] motion=[speed:33.501,speedometer:33.487,absSpeed:33.501,localMag:33.501,linearMag:33.501,slip:-0.000,wheels:4,units:engine/unverified] roadNav=[ai:0xECE270C,curSeg:0,curLane:0,curWidthWorld:0.0,curSpanWorld:0.0,curSegTime:0.000,curCurve:0.0000,curRoadOcc:0,curAvoidOcc:0,curOccBehind:0,futureSeg:0,futureLane:0,futureWidthWorld:0.0,navGapWorld:0.0,futureRoadOcc:0,futureAvoidOcc:0,seekDistWorld:2497.1,seekProjWorld:0.0,farDistWorld:2497.1,farProjWorld:0.0,playerPos:(-143.5,93.7,2491.2),seek:(0.0,0.0,0.0),far:(0.0,0.0,0.0),units:world]
[2026-10-10 03:28:35.060] [INFO] Vehicle-spatial observation: registryComplete=1 registryCount=6 enabledActive=6 ignoredInactive=0 boxes=6 failedSpatialReads=0 halfExtentSemanticsResearchBacked=1 learnedModels=5 verifiedLearnedModels=4 catalogFootprintKey=0x79054B53
[2026-10-10 03:28:35.060] [INFO] Primary-camera observation: coherent=1 viewId=1 coordinateMapping=sim(z,-x,y)_to_render fullPlayerViewCoverageVerified=0 renderEnvelopeVerified=0 spawnVisibilityVerified=0
[2026-10-10 03:28:35.060] [INFO] Road-candidate observations: count=4 exactUsable=0 [CurrentRoad:RoadInvalid,seg=0,lane=0,distWorld=2497.1,projWorld=0.0,pointOccupancy=clear,fleetChecked=6,fleetInvalid=0,nearestVehicleGapWorld=2478.7,selectedRivalId=18331059014694192571,selectedVehicleKey=0x79054b53,preconstructionOverlap=unverified,overlapVerified=0,promotion=RoadInvalid,primaryCamera=unverified,separatingPlane=-1,completeSpawnVisibilityVerified=0] [FutureRoad:RoadInvalid,seg=0,lane=0,distWorld=2497.1,projWorld=0.0,pointOccupancy=clear,fleetChecked=6,fleetInvalid=0,nearestVehicleGapWorld=2478.7,selectedRivalId=18331059014694192571,selectedVehicleKey=0x79054b53,preconstructionOverlap=unverified,overlapVerified=0,promotion=RoadInvalid,primaryCamera=unverified,separatingPlane=-1,completeSpawnVisibilityVerified=0] [SeekAhead:RoadGeometryAssociationUnverified,seg=0,lane=0,distWorld=2497.1,projWorld=0.0,pointOccupancy=clear,fleetChecked=6,fleetInvalid=0,nearestVehicleGapWorld=2478.7,selectedRivalId=18331059014694192571,selectedVehicleKey=0x79054b53,preconstructionOverlap=unverified,overlapVerified=0,promotion=RoadGeometryAssociationUnverified,primaryCamera=unverified,separatingPlane=-1,completeSpawnVisibilityVerified=0] [FarFuture:RoadGeometryAssociationUnverified,seg=0,lane=0,distWorld=2497.1,projWorld=0.0,pointOccupancy=clear,fleetChecked=6,fleetInvalid=0,nearestVehicleGapWorld=2478.7,selectedRivalId=18331059014694192571,selectedVehicleKey=0x79054b53,preconstructionOverlap=unverified,overlapVerified=0,promotion=RoadGeometryAssociationUnverified,primaryCamera=unverified,separatingPlane=-1,completeSpawnVisibilityVerified=0]
[2026-10-10 03:28:35.060] [INFO] World-collision evidence: addressAvailable=1 gameplayThreadConfirmed=1 result=pending_or_unavailable cameraVisibilityVerified=0 streamingVerified=0
[2026-10-10 03:28:35.060] [INFO] Motion-scale observation: accepted=63 rejected=11 window=61 worldUnitsPerSpeedUnitSecond=0.99809 cv=0.01073 speedometerToSpeedRatio=0.98722 absoluteToSpeedRatio=1.00000 speedToLocalRatio=1.00000 speedToLinearRatio=1.00000 stable=1 metricVerified=1 worldUnitsPerMeter=0.99855
[2026-10-10 03:28:35.124] [INFO] PostRace observation: phase=Roaming complete=1 liveCount=6 registryStatus=Stable observedRacerCount=0 capturedRaceCount=0 matchingRaceIdentities=0 readOnly=1 lifetimeProven=0
[2026-10-10 03:28:35.375] [INFO] FRR_MOTION_V1 capture=707000 cohort=147 generation=1 model=2030390099 timeMs=749015 dt=0.315040499 valid=1 safe=1 grounded=1 x=-133.875565 y=94.8361206 z=2495.60791 speed=33.839016 speedometer=33.2866173 absolute=33.839016 local=33.8390121 linear=33.839016 vx=31.037014 vy=3.57965708 vz=12.9988022 slip=0.00308227539 accepted=1 window=62 ratio=0.998243153 cv=0.0107138865 stable=1 metricVerified=1 worldUnitsPerMeter=0.99855119
[2026-10-10 03:28:35.618] [INFO] PostRace observation: phase=Roaming complete=1 liveCount=6 registryStatus=Stable observedRacerCount=0 capturedRaceCount=0 matchingRaceIdentities=0 readOnly=1 lifetimeProven=0
[2026-10-10 03:28:35.677] [INFO] FRR_MOTION_V1 capture=707000 cohort=147 generation=1 model=2030390099 timeMs=749312 dt=0.301906109 valid=1 safe=1 grounded=1 x=-124.46669 y=95.9130096 z=2499.25903 speed=34.0493698 speedometer=34.0340004 absolute=34.0493698 local=34.0493698 linear=34.0493698 vx=31.8535633 vy=3.59761238 vz=11.4789906 slip=-0.00155639648 accepted=1 window=63 ratio=0.998118877 cv=0.0106749255 stable=1 metricVerified=1 worldUnitsPerMeter=0.99855119
[2026-10-10 03:28:35.976] [INFO] FRR_MOTION_V1 capture=707000 cohort=147 generation=1 model=2030390099 timeMs=749609 dt=0.298475713 valid=1 safe=1 grounded=1 x=-114.962517 y=96.9813309 z=2502.80371 speed=34.0385323 speedometer=34.0245056 absolute=34.0385323 local=34.0385361 linear=34.0385323 vx=31.66395 vy=3.53959298 vz=11.9786158 slip=0.000946044922 accepted=1 window=64 ratio=0.99820745 cv=0.0106136473 stable=1 metricVerified=1 worldUnitsPerMeter=0.99855119
[2026-10-10 03:28:36.123] [INFO] PostRace observation: phase=Roaming complete=1 liveCount=6 registryStatus=Stable observedRacerCount=0 capturedRaceCount=0 matchingRaceIdentities=0 readOnly=1 lifetimeProven=0
[2026-10-10 03:28:36.273] [INFO] FRR_MOTION_V1 capture=707000 cohort=147 generation=1 model=2030390099 timeMs=749906 dt=0.298399627 valid=1 safe=1 grounded=1 x=-105.57151 y=98.018013 z=2506.33716 speed=34.1419487 speedometer=34.1278877 absolute=34.1419487 local=34.1419487 linear=34.1419487 vx=31.7629528 vy=3.43313694 vz=12.0416365 slip=-0.000183105469 accepted=1 window=65 ratio=0.998105943 cv=0.0105641298 stable=1 metricVerified=1 worldUnitsPerMeter=0.99855119
[2026-10-10 03:28:36.571] [INFO] FRR_MOTION_V1 capture=707000 cohort=147 generation=1 model=2030390099 timeMs=750203 dt=0.297697604 valid=1 safe=1 grounded=1 x=-95.9892807 y=99.0916443 z=2509.93408 speed=34.2456703 speedometer=34.2416687 absolute=34.2456703 local=34.2456703 linear=34.2456703 vx=31.6605358 vy=3.56502557 vz=12.556551 slip=-0.00413513184 accepted=1 window=66 ratio=0.998301089 cv=0.0105995638 stable=1 metricVerified=1 worldUnitsPerMeter=0.99855119
[2026-10-10 03:28:36.622] [INFO] PostRace observation: phase=Roaming complete=1 liveCount=6 registryStatus=Stable observedRacerCount=0 capturedRaceCount=0 matchingRaceIdentities=0 readOnly=1 lifetimeProven=0
[2026-10-10 03:28:36.866] [INFO] FRR_MOTION_V1 capture=707000 cohort=147 generation=1 model=2030390099 timeMs=750500 dt=0.294684201 valid=1 safe=1 grounded=1 x=-86.5411377 y=100.168594 z=2513.58594 speed=34.3719788 speedometer=33.9857101 absolute=34.3719788 local=34.3719826 linear=34.3719788 vx=32.091568 vy=3.59896469 vz=11.7733421 slip=0.0050201416 accepted=1 window=67 ratio=0.998438895 cv=0.0105782924 stable=1 metricVerified=1 worldUnitsPerMeter=0.99855119
[2026-10-10 03:28:37.119] [INFO] PostRace observation: phase=Roaming complete=1 liveCount=6 registryStatus=Stable observedRacerCount=0 capturedRaceCount=0 matchingRaceIdentities=0 readOnly=1 lifetimeProven=0
[2026-10-10 03:28:37.158] [INFO] FRR_MOTION_V1 capture=707000 cohort=147 generation=1 model=2030390099 timeMs=750796 dt=0.291563302 valid=1 safe=1 grounded=1 x=-77.141571 y=101.234673 z=2517.05835 speed=34.7872925 speedometer=34.7731018 absolute=34.7872925 local=34.7872887 linear=34.7872925 vx=32.5980034 vy=3.67855811 vz=11.5755806 slip=-0.000930786133 accepted=1 window=68 ratio=0.998454332 cv=0.0105008241 stable=1 metricVerified=1 worldUnitsPerMeter=0.99855119
[2026-10-10 03:28:37.442] [INFO] FRR_MOTION_V1 capture=707000 cohort=147 generation=1 model=2030390099 timeMs=751078 dt=0.284410506 valid=1 safe=1 grounded=1 x=-67.80233 y=102.288879 z=2520.24243 speed=35.2492447 speedometer=35.2352943 absolute=35.2492447 local=35.2492485 linear=35.2492447 vx=33.279705 vy=3.69097686 vz=11.0157681 slip=-0.000396728516 accepted=1 window=69 ratio=0.998423934 cv=0.0104277991 stable=1 metricVerified=1 worldUnitsPerMeter=0.99855119
[2026-10-10 03:28:37.622] [INFO] PostRace observation: phase=Roaming complete=1 liveCount=6 registryStatus=Stable observedRacerCount=0 capturedRaceCount=0 matchingRaceIdentities=0 readOnly=1 lifetimeProven=0
[2026-10-10 03:28:37.725] [INFO] FRR_MOTION_V1 capture=707000 cohort=147 generation=1 model=2030390099 timeMs=751359 dt=0.282814682 valid=1 safe=1 grounded=1 x=-58.2878075 y=103.34346 z=2523.2749 speed=35.4114799 speedometer=34.9021988 absolute=35.4114799 local=35.4114799 linear=35.4114799 vx=33.8809319 vy=3.68954873 vz=9.6147089 slip=0.00358581543 accepted=1 window=70 ratio=0.998517454 cv=0.0103812823 stable=1 metricVerified=1 worldUnitsPerMeter=0.99855119
[2026-10-10 03:28:38.010] [INFO] FRR_MOTION_V1 capture=707000 cohort=147 generation=1 model=2030390099 timeMs=751656 dt=0.285244197 valid=1 safe=1 grounded=1 x=-48.6202126 y=104.389961 z=2525.81885 speed=35.6888924 speedometer=35.6739693 absolute=35.6888924 local=35.6888924 linear=35.6888924 vx=34.522213 vy=3.71632886 vz=8.25242996 slip=-0.00152587891 accepted=1 window=71 ratio=0.998414516 cv=0.0103450138 stable=1 metricVerified=1 worldUnitsPerMeter=0.99855119
[2026-10-10 03:28:38.125] [INFO] PostRace observation: phase=Roaming complete=1 liveCount=6 registryStatus=Stable observedRacerCount=0 capturedRaceCount=0 matchingRaceIdentities=0 readOnly=1 lifetimeProven=0
[2026-10-10 03:28:38.329] [INFO] FRR_MOTION_V1 capture=707000 cohort=147 generation=1 model=2030390099 timeMs=751968 dt=0.319081992 valid=1 safe=1 grounded=1 x=-38.0484314 y=105.531616 z=2528.55664 speed=35.5591469 speedometer=35.5993271 absolute=35.5591469 local=35.5591469 linear=35.5591469 vx=34.1917114 vy=3.26104879 vz=9.20572472 slip=0.00126647949 accepted=1 window=72 ratio=0.997963786 cv=0.0109596271 stable=1 metricVerified=1 worldUnitsPerMeter=0.99855119
[2026-10-10 03:28:38.329] [INFO] Runtime state changed: mode=FreeRoamCandidate inWorld=1 raceMode=Roaming loading=0 inNIS=0 fade=0 flow=6 IVehicle=0x46EB41C PVehicle=0x46EB370 raceStatus=0xED291F8 roadNetwork=0x46CD390 pvehicleCount=8 playerCrossCheck=1 vehicles=8 human=1 traffic=6 cops=0 racers=0 none=1 nisCars=0 remote=0 unknown=0 cash=335950 careerCars=3 currentCarHandle=89 careerCompleted=0 profileKey=pseudonymous caps=[world:1,player:1,freeroam:1,road:1,roadNav:1,careerRead:1,spawnWrite:0,economyWrite:0,garageWrite:0] motion=[speed:35.559,speedometer:35.599,absSpeed:35.559,localMag:35.559,linearMag:35.559,slip:0.001,wheels:4,units:engine/unverified] roadNav=[ai:0xECE270C,curSeg:0,curLane:0,curWidthWorld:0.0,curSpanWorld:0.0,curSegTime:0.000,curCurve:0.0000,curRoadOcc:0,curAvoidOcc:0,curOccBehind:0,futureSeg:0,futureLane:0,futureWidthWorld:0.0,navGapWorld:0.0,futureRoadOcc:0,futureAvoidOcc:0,seekDistWorld:2531.0,seekProjWorld:0.0,farDistWorld:2531.0,farProjWorld:0.0,playerPos:(-38.0,105.5,2528.6),seek:(0.0,0.0,0.0),far:(0.0,0.0,0.0),units:world]
[2026-10-10 03:28:38.623] [INFO] FRR_MOTION_V1 capture=707000 cohort=147 generation=1 model=2030390099 timeMs=752265 dt=0.294745207 valid=1 safe=1 grounded=1 x=-28.0489521 y=106.307083 z=2531.52441 speed=36.0300484 speedometer=36.0745659 absolute=36.0300484 local=36.0300407 linear=36.0300484 vx=34.1650848 vy=2.5323 vz=11.1578941 slip=0.00106811523 accepted=1 window=73 ratio=0.997873604 cv=0.0109122396 stable=1 metricVerified=1 worldUnitsPerMeter=0.99855119
[2026-10-10 03:28:38.625] [INFO] PostRace observation: phase=Roaming complete=1 liveCount=8 registryStatus=Stable observedRacerCount=0 capturedRaceCount=0 matchingRaceIdentities=0 readOnly=1 lifetimeProven=0
[2026-10-10 03:28:38.918] [INFO] FRR_MOTION_V1 capture=707000 cohort=147 generation=1 model=2030390099 timeMs=752562 dt=0.294492513 valid=1 safe=1 grounded=1 x=-17.8888931 y=106.871864 z=2535.01123 speed=36.6209183 speedometer=36.6037369 absolute=36.6209183 local=36.6209221 linear=36.6209183 vx=34.4397278 vy=1.8918376 vz=12.3051844 slip=0.000473022461 accepted=1 window=74 ratio=0.99797684 cv=0.0108731212 stable=1 metricVerified=1 worldUnitsPerMeter=0.99855119
[2026-10-10 03:28:39.125] [INFO] PostRace observation: phase=Roaming complete=1 liveCount=8 registryStatus=Stable observedRacerCount=0 capturedRaceCount=0 matchingRaceIdentities=0 readOnly=1 lifetimeProven=0
[2026-10-10 03:28:39.212] [INFO] FRR_MOTION_V1 capture=707000 cohort=147 generation=1 model=2030390099 timeMs=752859 dt=0.294564992 valid=1 safe=1 grounded=1 x=-7.77800703 y=107.386688 z=2538.69629 speed=37.2300606 speedometer=37.2112617 absolute=37.2300606 local=37.2300606 linear=37.2300606 vx=34.8809967 vy=1.70579755 vz=12.902853 slip=0.000183105469 accepted=1 window=75 ratio=0.997877359 cv=0.0108354576 stable=1 metricVerified=1 worldUnitsPerMeter=0.99855119
[2026-10-10 03:28:39.505] [INFO] FRR_MOTION_V1 capture=707000 cohort=147 generation=1 model=2030390099 timeMs=753140 dt=0.291664988 valid=1 safe=1 grounded=1 x=2.62151885 y=107.864235 z=2542.57251 speed=37.8534927 speedometer=37.8370171 absolute=37.8534927 local=37.8534927 linear=37.8534927 vx=35.4116478 vy=1.64993739 vz=13.2732773 slip=7.62939453e-05 accepted=1 window=76 ratio=0.998096466 cv=0.0109281885 stable=1 metricVerified=1 worldUnitsPerMeter=0.99855119
[2026-10-10 03:28:39.619] [INFO] PostRace observation: phase=Roaming complete=1 liveCount=8 registryStatus=Stable observedRacerCount=0 capturedRaceCount=0 matchingRaceIdentities=0 readOnly=1 lifetimeProven=0
[2026-10-10 03:28:39.790] [INFO] FRR_MOTION_V1 capture=707000 cohort=147 generation=1 model=2030390099 timeMs=753421 dt=0.28540498 valid=1 safe=1 grounded=1 x=12.7294207 y=108.328438 z=2546.37329 speed=38.4437485 speedometer=38.4288483 absolute=38.4437485 local=38.4437485 linear=38.4437485 vx=35.9369583 vy=1.78256297 vz=13.5380688 slip=1.52587891e-05 accepted=1 window=77 ratio=0.998027027 cv=0.0108746914 stable=1 metricVerified=1 worldUnitsPerMeter=0.99855119
[2026-10-10 03:28:40.067] [INFO] FRR_MOTION_V1 capture=707000 cohort=147 generation=1 model=2030390099 timeMs=753703 dt=0.277393311 valid=1 safe=1 grounded=1 x=22.8335438 y=108.824471 z=2550.18994 speed=39.0107117 speedometer=38.9948845 absolute=39.0107117 local=39.0107155 linear=39.0107117 vx=36.4525642 vy=1.88050652 vz=13.7662621 slip=0 accepted=1 window=78 ratio=0.998135388 cv=0.0108455373 stable=1 metricVerified=1 worldUnitsPerMeter=0.99855119
[2026-10-10 03:28:40.128] [INFO] PostRace observation: phase=Roaming complete=1 liveCount=8 registryStatus=Stable observedRacerCount=0 capturedRaceCount=0 matchingRaceIdentities=0 readOnly=1 lifetimeProven=0
[2026-10-10 03:28:40.351] [INFO] FRR_MOTION_V1 capture=707000 cohort=147 generation=1 model=2030390099 timeMs=753984 dt=0.283902109 valid=1 safe=1 grounded=1 x=33.2360954 y=109.340462 z=2554.12598 speed=39.5774422 speedometer=39.5602112 absolute=39.5774422 local=39.5774498 linear=39.5774422 vx=36.974884 vy=1.91006064 vz=13.9851198 slip=-3.05175781e-05 accepted=1 window=79 ratio=0.998134732 cv=0.0107766856 stable=1 metricVerified=1 worldUnitsPerMeter=0.99855119
[2026-10-10 03:28:40.622] [INFO] FRR_MOTION_V1 capture=707000 cohort=147 generation=1 model=2030390099 timeMs=754265 dt=0.271051019 valid=1 safe=1 grounded=1 x=43.4766808 y=109.840012 z=2558.0105 speed=40.26194 speedometer=40.0555801 absolute=40.26194 local=40.26194 linear=40.26194 vx=37.6145287 vy=1.82929051 vz=14.2416534 slip=-6.10351562e-05 accepted=1 window=80 ratio=0.998324037 cv=0.0108389473 stable=1 metricVerified=1 worldUnitsPerMeter=0.99855119
[2026-10-10 03:28:40.623] [INFO] PostRace observation: phase=Roaming complete=1 liveCount=8 registryStatus=Stable observedRacerCount=0 capturedRaceCount=0 matchingRaceIdentities=0 readOnly=1 lifetimeProven=0
[2026-10-10 03:28:40.882] [INFO] FRR_MOTION_V1 capture=707000 cohort=147 generation=1 model=2030390099 timeMs=754515 dt=0.259875804 valid=1 safe=1 grounded=1 x=53.1951065 y=110.289825 z=2561.69775 speed=41.2520676 speedometer=41.238884 absolute=41.2520676 local=41.2520714 linear=41.2520676 vx=38.5431938 vy=1.70529926 vz=14.6029882 slip=-7.62939453e-05 accepted=1 window=81 ratio=0.99812603 cv=0.0109190959 stable=1 metricVerified=1 worldUnitsPerMeter=0.99855119
[2026-10-10 03:28:40.882] [INFO] Runtime heartbeat: mode=FreeRoamCandidate inWorld=1 raceMode=Roaming loading=0 inNIS=0 fade=0 flow=6 IVehicle=0x46EB41C PVehicle=0x46EB370 raceStatus=0xED291F8 roadNetwork=0x46CD390 pvehicleCount=8 playerCrossCheck=1 vehicles=8 human=1 traffic=6 cops=0 racers=0 none=1 nisCars=0 remote=0 unknown=0 cash=335950 careerCars=3 currentCarHandle=89 careerCompleted=0 profileKey=pseudonymous caps=[world:1,player:1,freeroam:1,road:1,roadNav:1,careerRead:1,spawnWrite:0,economyWrite:0,garageWrite:0] motion=[speed:41.252,speedometer:41.239,absSpeed:41.252,localMag:41.252,linearMag:41.252,slip:-0.000,wheels:4,units:engine/unverified] roadNav=[ai:0xECE270C,curSeg:0,curLane:0,curWidthWorld:0.0,curSpanWorld:0.0,curSegTime:0.000,curCurve:0.0000,curRoadOcc:0,curAvoidOcc:0,curOccBehind:0,futureSeg:0,futureLane:0,futureWidthWorld:0.0,navGapWorld:0.0,futureRoadOcc:0,futureAvoidOcc:0,seekDistWorld:2564.6,seekProjWorld:0.0,farDistWorld:2564.6,farProjWorld:0.0,playerPos:(53.2,110.3,2561.7),seek:(0.0,0.0,0.0),far:(0.0,0.0,0.0),units:world]
[2026-10-10 03:28:40.882] [INFO] Vehicle-spatial observation: registryComplete=1 registryCount=8 enabledActive=7 ignoredInactive=1 boxes=7 failedSpatialReads=0 halfExtentSemanticsResearchBacked=1 learnedModels=7 verifiedLearnedModels=7 catalogFootprintKey=0x79054B53
[2026-10-10 03:28:40.882] [INFO] Primary-camera observation: coherent=1 viewId=1 coordinateMapping=sim(z,-x,y)_to_render fullPlayerViewCoverageVerified=0 renderEnvelopeVerified=0 spawnVisibilityVerified=0
[2026-10-10 03:28:40.882] [INFO] Road-candidate observations: count=4 exactUsable=0 [CurrentRoad:RoadInvalid,seg=0,lane=0,distWorld=2564.6,projWorld=0.0,pointOccupancy=clear,fleetChecked=7,fleetInvalid=0,nearestVehicleGapWorld=2506.4,selectedRivalId=18331059014694192571,selectedVehicleKey=0x79054b53,preconstructionOverlap=unverified,overlapVerified=0,promotion=RoadInvalid,primaryCamera=unverified,separatingPlane=-1,completeSpawnVisibilityVerified=0] [FutureRoad:RoadInvalid,seg=0,lane=0,distWorld=2564.6,projWorld=0.0,pointOccupancy=clear,fleetChecked=7,fleetInvalid=0,nearestVehicleGapWorld=2506.4,selectedRivalId=18331059014694192571,selectedVehicleKey=0x79054b53,preconstructionOverlap=unverified,overlapVerified=0,promotion=RoadInvalid,primaryCamera=unverified,separatingPlane=-1,completeSpawnVisibilityVerified=0] [SeekAhead:RoadGeometryAssociationUnverified,seg=0,lane=0,distWorld=2564.6,projWorld=0.0,pointOccupancy=clear,fleetChecked=7,fleetInvalid=0,nearestVehicleGapWorld=2506.4,selectedRivalId=18331059014694192571,selectedVehicleKey=0x79054b53,preconstructionOverlap=unverified,overlapVerified=0,promotion=RoadGeometryAssociationUnverified,primaryCamera=unverified,separatingPlane=-1,completeSpawnVisibilityVerified=0] [FarFuture:RoadGeometryAssociationUnverified,seg=0,lane=0,distWorld=2564.6,projWorld=0.0,pointOccupancy=clear,fleetChecked=7,fleetInvalid=0,nearestVehicleGapWorld=2506.4,selectedRivalId=18331059014694192571,selectedVehicleKey=0x79054b53,preconstructionOverlap=unverified,overlapVerified=0,promotion=RoadGeometryAssociationUnverified,primaryCamera=unverified,separatingPlane=-1,completeSpawnVisibilityVerified=0]
[2026-10-10 03:28:40.882] [INFO] World-collision evidence: addressAvailable=1 gameplayThreadConfirmed=1 result=pending_or_unavailable cameraVisibilityVerified=0 streamingVerified=0
[2026-10-10 03:28:40.882] [INFO] Motion-scale observation: accepted=83 rejected=11 window=81 worldUnitsPerSpeedUnitSecond=0.99813 cv=0.01092 speedometerToSpeedRatio=0.98976 absoluteToSpeedRatio=1.00000 speedToLocalRatio=1.00000 speedToLinearRatio=1.00000 stable=1 metricVerified=1 worldUnitsPerMeter=0.99855
[2026-10-10 03:28:41.123] [INFO] PostRace observation: phase=Roaming complete=1 liveCount=8 registryStatus=Stable observedRacerCount=0 capturedRaceCount=0 matchingRaceIdentities=0 readOnly=1 lifetimeProven=0
[2026-10-10 03:28:41.154] [INFO] FRR_MOTION_V1 capture=707000 cohort=147 generation=1 model=2030390099 timeMs=754796 dt=0.271821886 valid=1 safe=1 grounded=1 x=63.7472191 y=110.744133 z=2565.30103 speed=41.264679 speedometer=41.2496414 absolute=41.264679 local=41.2646751 linear=41.264679 vx=39.2563972 vy=1.59990585 vz=12.6154366 slip=-0.00198364258 accepted=1 window=82 ratio=0.998088717 cv=0.0108579258 stable=1 metricVerified=1 worldUnitsPerMeter=0.99855119
[2026-10-10 03:28:41.418] [INFO] FRR_MOTION_V1 capture=707000 cohort=147 generation=1 model=2030390099 timeMs=755062 dt=0.264660001 valid=1 safe=1 grounded=1 x=74.3531876 y=111.149696 z=2568.37793 speed=41.6114044 speedometer=41.597805 absolute=41.6114044 local=41.6114082 linear=41.6114044 vx=40.208847 vy=1.49591577 vz=10.6075411 slip=-0.00141906738 accepted=1 window=83 ratio=0.998203754 cv=0.0108413929 stable=1 metricVerified=1 worldUnitsPerMeter=0.99855119
[2026-10-10 03:28:41.626] [INFO] PostRace observation: phase=Roaming complete=1 liveCount=8 registryStatus=Stable observedRacerCount=0 capturedRaceCount=0 matchingRaceIdentities=0 readOnly=1 lifetimeProven=0
[2026-10-10 03:28:41.678] [INFO] FRR_MOTION_V1 capture=707000 cohort=147 generation=1 model=2030390099 timeMs=755312 dt=0.25946179 valid=1 safe=1 grounded=1 x=84.9691544 y=111.520386 z=2571.09741 speed=41.7306633 speedometer=41.2845612 absolute=41.7306633 local=41.7306633 linear=41.7306633 vx=40.2029152 vy=1.28397489 vz=11.1141949 slip=-0.00440979004 accepted=1 window=84 ratio=0.998393595 cv=0.0109129706 stable=1 metricVerified=1 worldUnitsPerMeter=0.99855119
[2026-10-10 03:28:41.931] [INFO] FRR_MOTION_V1 capture=707000 cohort=147 generation=1 model=2030390099 timeMs=755578 dt=0.253605396 valid=1 safe=1 grounded=1 x=95.1681366 y=111.836296 z=2574.05957 speed=41.981472 speedometer=41.9663544 absolute=41.981472 local=41.9814682 linear=41.981472 vx=40.0705948 vy=1.18074262 vz=12.4658451 slip=0.00190734863 accepted=1 window=85 ratio=0.998423755 cv=0.0108518032 stable=1 metricVerified=1 worldUnitsPerMeter=0.99855119
[2026-10-10 03:28:42.125] [INFO] PostRace observation: phase=Roaming complete=1 liveCount=8 registryStatus=Stable observedRacerCount=0 capturedRaceCount=0 matchingRaceIdentities=0 readOnly=1 lifetimeProven=0
[2026-10-10 03:28:42.184] [INFO] FRR_MOTION_V1 capture=707000 cohort=147 generation=1 model=2030390099 timeMs=755828 dt=0.252628505 valid=1 safe=1 grounded=1 x=105.194618 y=112.125694 z=2577.18384 speed=42.0438347 speedometer=42.0288582 absolute=42.0438347 local=42.0438309 linear=42.0438347 vx=40.1150093 vy=1.09473097 vz=12.5407953 slip=0.000411987305 accepted=1 window=86 ratio=0.998324215 cv=0.0108287353 stable=1 metricVerified=1 worldUnitsPerMeter=0.99855119
[2026-10-10 03:28:42.461] [INFO] FRR_MOTION_V1 capture=707000 cohort=147 generation=1 model=2030390099 timeMs=756093 dt=0.277457893 valid=1 safe=1 grounded=1 x=116.167572 y=112.366928 z=2580.45239 speed=42.4702415 speedometer=42.448494 absolute=42.4702415 local=42.4702415 linear=42.4702415 vx=40.900341 vy=0.747739553 vz=11.4159765 slip=-0.00119018555 accepted=1 window=87 ratio=0.9980762 cv=0.0110127125 stable=1 metricVerified=1 worldUnitsPerMeter=0.99855119
[2026-10-10 03:28:42.461] [INFO] Runtime state changed: mode=FreeRoamCandidate inWorld=1 raceMode=Roaming loading=0 inNIS=0 fade=0 flow=6 IVehicle=0x46EB41C PVehicle=0x46EB370 raceStatus=0xED291F8 roadNetwork=0x46CD390 pvehicleCount=10 playerCrossCheck=1 vehicles=10 human=1 traffic=7 cops=0 racers=0 none=2 nisCars=0 remote=0 unknown=0 cash=335950 careerCars=3 currentCarHandle=89 careerCompleted=0 profileKey=pseudonymous caps=[world:1,player:1,freeroam:1,road:1,roadNav:1,careerRead:1,spawnWrite:0,economyWrite:0,garageWrite:0] motion=[speed:42.470,speedometer:42.448,absSpeed:42.470,localMag:42.470,linearMag:42.470,slip:-0.001,wheels:4,units:engine/unverified] roadNav=[ai:0xECE270C,curSeg:0,curLane:0,curWidthWorld:0.0,curSpanWorld:0.0,curSegTime:0.000,curCurve:0.0000,curRoadOcc:0,curAvoidOcc:0,curOccBehind:0,futureSeg:0,futureLane:0,futureWidthWorld:0.0,navGapWorld:0.0,futureRoadOcc:0,futureAvoidOcc:0,seekDistWorld:2585.5,seekProjWorld:0.0,farDistWorld:2585.5,farProjWorld:0.0,playerPos:(116.2,112.4,2580.5),seek:(0.0,0.0,0.0),far:(0.0,0.0,0.0),units:world]
[2026-10-10 03:28:42.620] [INFO] PostRace observation: phase=Roaming complete=1 liveCount=10 registryStatus=Stable observedRacerCount=0 capturedRaceCount=0 matchingRaceIdentities=0 readOnly=1 lifetimeProven=0
[2026-10-10 03:28:42.723] [INFO] FRR_MOTION_V1 capture=707000 cohort=147 generation=1 model=2030390099 timeMs=756359 dt=0.262249708 valid=1 safe=1 grounded=1 x=127.007866 y=112.490952 z=2583.32568 speed=42.8898087 speedometer=42.8678818 absolute=42.8898087 local=42.8898125 linear=42.8898087 vx=41.5528603 vy=0.0879079252 vz=10.6248751 slip=-0.000686645508 accepted=1 window=88 ratio=0.998120904 cv=0.0109574329 stable=1 metricVerified=1 worldUnitsPerMeter=0.99855119
[2026-10-10 03:28:42.982] [INFO] FRR_MOTION_V1 capture=707000 cohort=147 generation=1 model=2030390099 timeMs=756625 dt=0.258135498 valid=1 safe=1 grounded=1 x=137.829788 y=112.471825 z=2585.99902 speed=43.36026 speedometer=43.3433266 absolute=43.36026 local=43.3602562 linear=43.36026 vx=42.1277885 vy=-0.346500903 vz=10.2587185 slip=-0.000274658203 accepted=1 window=89 ratio=0.998157322 cv=0.0109006725 stable=1 metricVerified=1 worldUnitsPerMeter=0.99855119
[2026-10-10 03:28:43.121] [INFO] PostRace observation: phase=Roaming complete=1 liveCount=10 registryStatus=Stable observedRacerCount=0 capturedRaceCount=0 matchingRaceIdentities=0 readOnly=1 lifetimeProven=0
[2026-10-10 03:28:43.242] [INFO] FRR_MOTION_V1 capture=707000 cohort=147 generation=1 model=2030390099 timeMs=756875 dt=0.260719091 valid=1 safe=1 grounded=1 x=148.785889 y=112.377281 z=2588.6189 speed=43.8400002 speedometer=43.8259544 absolute=43.8400002 local=43.8400078 linear=43.8400002 vx=42.6473656 vy=-0.462536842 vz=10.1456394 slip=-4.57763672e-05 accepted=1 window=90 ratio=0.998078048 cv=0.0108666411 stable=1 metricVerified=1 worldUnitsPerMeter=0.99855119
[2026-10-10 03:28:43.510] [INFO] FRR_MOTION_V1 capture=707000 cohort=147 generation=1 model=2030390099 timeMs=757156 dt=0.266723007 valid=1 safe=1 grounded=1 x=160.409149 y=112.283165 z=2591.35669 speed=44.3572769 speedometer=44.3442802 absolute=44.3572769 local=44.3572769 linear=44.3572769 vx=43.1754265 vy=-0.243511871 vz=10.1681509 slip=1.52587891e-05 accepted=1 window=91 ratio=0.998266995 cv=0.0109528545 stable=1 metricVerified=1 worldUnitsPerMeter=0.99855119
[2026-10-10 03:28:43.622] [INFO] PostRace observation: phase=Roaming complete=1 liveCount=10 registryStatus=Stable observedRacerCount=0 capturedRaceCount=0 matchingRaceIdentities=0 readOnly=1 lifetimeProven=0
[2026-10-10 03:28:43.774] [INFO] FRR_MOTION_V1 capture=707000 cohort=147 generation=1 model=2030390099 timeMs=757406 dt=0.264073282 valid=1 safe=1 grounded=1 x=171.800613 y=112.272301 z=2594.0271 speed=44.8238716 speedometer=44.8112907 absolute=44.8238716 local=44.8238716 linear=44.8238716 vx=43.6447105 vy=0.22903724 vz=10.2110825 slip=7.62939453e-05 accepted=1 window=92 ratio=0.998216689 cv=0.010904314 stable=1 metricVerified=1 worldUnitsPerMeter=0.99855119
[2026-10-10 03:28:44.041] [INFO] FRR_MOTION_V1 capture=707000 cohort=147 generation=1 model=2030390099 timeMs=757687 dt=0.268236488 valid=1 safe=1 grounded=1 x=183.49411 y=112.410873 z=2596.75098 speed=45.2761345 speedometer=45.2665024 absolute=45.2761345 local=45.2761345 linear=45.2761345 vx=44.0914612 vy=0.732365668 vz=10.2632809 slip=9.15527344e-05 accepted=1 window=93 ratio=0.998167634 cv=0.0108563099 stable=1 metricVerified=1 worldUnitsPerMeter=0.99855119
[2026-10-10 03:28:44.122] [INFO] PostRace observation: phase=Roaming complete=1 liveCount=10 registryStatus=Stable observedRacerCount=0 capturedRaceCount=0 matchingRaceIdentities=0 readOnly=1 lifetimeProven=0
[2026-10-10 03:28:44.308] [INFO] FRR_MOTION_V1 capture=707000 cohort=147 generation=1 model=2030390099 timeMs=757953 dt=0.266800314 valid=1 safe=1 grounded=1 x=195.30481 y=112.631767 z=2599.49829 speed=45.6909714 speedometer=45.6353951 absolute=45.6909714 local=45.6909828 linear=45.6909714 vx=44.4447861 vy=0.951958418 vz=10.5555573 slip=-0.00065612793 accepted=1 window=94 ratio=0.998180985 cv=0.0107990364 stable=1 metricVerified=1 worldUnitsPerMeter=0.99855119
[2026-10-10 03:28:44.564] [INFO] FRR_MOTION_V1 capture=707000 cohort=147 generation=1 model=2030390099 timeMs=758203 dt=0.255754083 valid=1 safe=1 grounded=1 x=206.723099 y=112.906021 z=2602.50171 speed=45.8690529 speedometer=45.8536797 absolute=45.8690529 local=45.8690567 linear=45.8690529 vx=44.191391 vy=1.07227039 vz=12.2450504 slip=0.00178527832 accepted=1 window=95 ratio=0.998291314 cv=0.0107941981 stable=1 metricVerified=1 worldUnitsPerMeter=0.99855119
[2026-10-10 03:28:44.625] [INFO] PostRace observation: phase=Roaming complete=1 liveCount=10 registryStatus=Stable observedRacerCount=0 capturedRaceCount=0 matchingRaceIdentities=0 readOnly=1 lifetimeProven=0
[2026-10-10 03:28:44.819] [INFO] FRR_MOTION_V1 capture=707000 cohort=147 generation=1 model=2030390099 timeMs=758453 dt=0.254758507 valid=1 safe=1 grounded=1 x=217.972412 y=113.20668 z=2605.60913 speed=45.9463043 speedometer=45.930336 absolute=45.9463043 local=45.9463081 linear=45.9463043 vx=44.3501434 vy=1.18215752 vz=11.9469681 slip=0.00132751465 accepted=1 window=96 ratio=0.998290539 cv=0.0107378429 stable=1 metricVerified=1 worldUnitsPerMeter=0.99855119
[2026-10-10 03:28:45.069] [INFO] FRR_MOTION_V1 capture=707000 cohort=147 generation=1 model=2030390099 timeMs=758703 dt=0.249131203 valid=1 safe=1 grounded=1 x=229.134689 y=113.565948 z=2608.46948 speed=46.2884293 speedometer=46.2423973 absolute=46.2884293 local=46.2884331 linear=46.2884293 vx=45.0783958 vy=1.41803288 vz=10.41854 slip=-0.000930786133 accepted=1 window=97 ratio=0.998343349 cv=0.0106943706 stable=1 metricVerified=1 worldUnitsPerMeter=0.99855119
[2026-10-10 03:28:45.119] [INFO] PostRace observation: phase=Roaming complete=1 liveCount=10 registryStatus=Stable observedRacerCount=0 capturedRaceCount=0 matchingRaceIdentities=0 readOnly=1 lifetimeProven=0
[2026-10-10 03:28:45.316] [INFO] FRR_MOTION_V1 capture=707000 cohort=147 generation=1 model=2030390099 timeMs=758953 dt=0.247785106 valid=1 safe=1 grounded=1 x=240.298996 y=113.914803 z=2610.41821 speed=46.001915 speedometer=45.9920769 absolute=46.001915 local=46.0019226 linear=46.001915 vx=45.6554794 vy=1.40506351 vz=5.45704031 slip=0.000106811523 accepted=1 window=98 ratio=0.998274922 cv=0.0106617883 stable=1 metricVerified=1 worldUnitsPerMeter=0.99855119
[2026-10-10 03:28:45.569] [INFO] FRR_MOTION_V1 capture=707000 cohort=147 generation=1 model=2030390099 timeMs=759203 dt=0.252644897 valid=1 safe=1 grounded=1 x=251.987503 y=114.250565 z=2611.33691 speed=46.3008652 speedometer=46.2741623 absolute=46.3008652 local=46.3008652 linear=46.3008652 vx=46.2659721 vy=1.25498557 vz=1.28638101 slip=-0.00410461426 accepted=1 window=99 ratio=0.998352528 cv=0.0106348461 stable=1 metricVerified=1 worldUnitsPerMeter=0.99855119
[2026-10-10 03:28:45.627] [INFO] PostRace observation: phase=Roaming complete=1 liveCount=10 registryStatus=Stable observedRacerCount=0 capturedRaceCount=0 matchingRaceIdentities=0 readOnly=1 lifetimeProven=0
[2026-10-10 03:28:45.817] [INFO] FRR_MOTION_V1 capture=707000 cohort=147 generation=1 model=2030390099 timeMs=759453 dt=0.248076096 valid=1 safe=1 grounded=1 x=263.56427 y=114.523064 z=2611.04761 speed=46.2088356 speedometer=45.6284676 absolute=46.2088356 local=46.2088432 linear=46.2088356 vx=46.0392609 vy=0.981047511 vz=-3.83152676 slip=0.000137329102 accepted=1 window=100 ratio=0.998463869 cv=0.0106383823 stable=1 metricVerified=1 worldUnitsPerMeter=0.99855119
[2026-10-10 03:28:46.069] [INFO] FRR_MOTION_V1 capture=707000 cohort=147 generation=1 model=2030390099 timeMs=759703 dt=0.252239794 valid=1 safe=1 grounded=1 x=274.98349 y=114.704437 z=2609.46362 speed=46.0774078 speedometer=45.520565 absolute=46.0774078 local=46.0774078 linear=46.0774078 vx=45.1890335 vy=0.426133633 vz=-8.99429131 slip=-0.00297546387 accepted=1 window=101 ratio=0.998386264 cv=0.0106149325 stable=1 metricVerified=1 worldUnitsPerMeter=0.99855119
[2026-10-10 03:28:46.069] [INFO] Runtime heartbeat: mode=FreeRoamCandidate inWorld=1 raceMode=Roaming loading=0 inNIS=0 fade=0 flow=6 IVehicle=0x46EB41C PVehicle=0x46EB370 raceStatus=0xED291F8 roadNetwork=0x46CD390 pvehicleCount=10 playerCrossCheck=1 vehicles=10 human=1 traffic=7 cops=0 racers=0 none=2 nisCars=0 remote=0 unknown=0 cash=335950 careerCars=3 currentCarHandle=89 careerCompleted=0 profileKey=pseudonymous caps=[world:1,player:1,freeroam:1,road:1,roadNav:1,careerRead:1,spawnWrite:0,economyWrite:0,garageWrite:0] motion=[speed:46.077,speedometer:45.521,absSpeed:46.077,localMag:46.077,linearMag:46.077,slip:-0.003,wheels:4,units:engine/unverified] roadNav=[ai:0xECE270C,curSeg:0,curLane:0,curWidthWorld:0.0,curSpanWorld:0.0,curSegTime:0.000,curCurve:0.0000,curRoadOcc:0,curAvoidOcc:0,curOccBehind:0,futureSeg:0,futureLane:0,futureWidthWorld:0.0,navGapWorld:0.0,futureRoadOcc:0,futureAvoidOcc:0,seekDistWorld:2626.4,seekProjWorld:0.0,farDistWorld:2626.4,farProjWorld:0.0,playerPos:(275.0,114.7,2609.5),seek:(0.0,0.0,0.0),far:(0.0,0.0,0.0),units:world]
[2026-10-10 03:28:46.069] [INFO] Vehicle-spatial observation: registryComplete=1 registryCount=10 enabledActive=8 ignoredInactive=2 boxes=8 failedSpatialReads=0 halfExtentSemanticsResearchBacked=1 learnedModels=9 verifiedLearnedModels=9 catalogFootprintKey=0x79054B53
[2026-10-10 03:28:46.069] [INFO] Primary-camera observation: coherent=1 viewId=1 coordinateMapping=sim(z,-x,y)_to_render fullPlayerViewCoverageVerified=0 renderEnvelopeVerified=0 spawnVisibilityVerified=0
[2026-10-10 03:28:46.069] [INFO] Road-candidate observations: count=4 exactUsable=0 [CurrentRoad:RoadInvalid,seg=0,lane=0,distWorld=2626.4,projWorld=0.0,pointOccupancy=clear,fleetChecked=8,fleetInvalid=0,nearestVehicleGapWorld=2545.6,selectedRivalId=18331059014694192571,selectedVehicleKey=0x79054b53,preconstructionOverlap=unverified,overlapVerified=0,promotion=RoadInvalid,primaryCamera=unverified,separatingPlane=-1,completeSpawnVisibilityVerified=0] [FutureRoad:RoadInvalid,seg=0,lane=0,distWorld=2626.4,projWorld=0.0,pointOccupancy=clear,fleetChecked=8,fleetInvalid=0,nearestVehicleGapWorld=2545.6,selectedRivalId=18331059014694192571,selectedVehicleKey=0x79054b53,preconstructionOverlap=unverified,overlapVerified=0,promotion=RoadInvalid,primaryCamera=unverified,separatingPlane=-1,completeSpawnVisibilityVerified=0] [SeekAhead:RoadGeometryAssociationUnverified,seg=0,lane=0,distWorld=2626.4,projWorld=0.0,pointOccupancy=clear,fleetChecked=8,fleetInvalid=0,nearestVehicleGapWorld=2545.6,selectedRivalId=18331059014694192571,selectedVehicleKey=0x79054b53,preconstructionOverlap=unverified,overlapVerified=0,promotion=RoadGeometryAssociationUnverified,primaryCamera=unverified,separatingPlane=-1,completeSpawnVisibilityVerified=0] [FarFuture:RoadGeometryAssociationUnverified,seg=0,lane=0,distWorld=2626.4,projWorld=0.0,pointOccupancy=clear,fleetChecked=8,fleetInvalid=0,nearestVehicleGapWorld=2545.6,selectedRivalId=18331059014694192571,selectedVehicleKey=0x79054b53,preconstructionOverlap=unverified,overlapVerified=0,promotion=RoadGeometryAssociationUnverified,primaryCamera=unverified,separatingPlane=-1,completeSpawnVisibilityVerified=0]
[2026-10-10 03:28:46.069] [INFO] World-collision evidence: addressAvailable=1 gameplayThreadConfirmed=1 result=pending_or_unavailable cameraVisibilityVerified=0 streamingVerified=0
[2026-10-10 03:28:46.069] [INFO] Motion-scale observation: accepted=103 rejected=11 window=101 worldUnitsPerSpeedUnitSecond=0.99839 cv=0.01061 speedometerToSpeedRatio=0.99142 absoluteToSpeedRatio=1.00000 speedToLocalRatio=1.00000 speedToLinearRatio=1.00000 stable=1 metricVerified=1 worldUnitsPerMeter=0.99855
[2026-10-10 03:28:46.119] [INFO] PostRace observation: phase=Roaming complete=1 liveCount=10 registryStatus=Stable observedRacerCount=0 capturedRaceCount=0 matchingRaceIdentities=0 readOnly=1 lifetimeProven=0
[2026-10-10 03:28:46.318] [INFO] FRR_MOTION_V1 capture=707000 cohort=147 generation=1 model=2030390099 timeMs=759953 dt=0.248611808 valid=1 safe=1 grounded=1 x=286.027008 y=114.744385 z=2606.39819 speed=45.6184196 speedometer=44.9195976 absolute=45.6184196 local=45.6184196 linear=45.6184196 vx=42.9530373 vy=-0.126835227 vz=-15.3642673 slip=-0.00332641602 accepted=1 window=102 ratio=0.998456061 cv=0.0105854012 stable=1 metricVerified=1 worldUnitsPerMeter=0.99855119
[2026-10-10 03:28:46.562] [INFO] FRR_MOTION_V1 capture=707000 cohort=147 generation=1 model=2030390099 timeMs=760203 dt=0.24422659 valid=1 safe=1 grounded=1 x=296.116638 y=114.832375 z=2601.70996 speed=45.2193909 speedometer=45.1857338 absolute=45.2193909 local=45.2193947 linear=45.2193909 vx=39.4703293 vy=0.627513707 vz=-22.0565815 slip=-0.00596618652 accepted=1 window=103 ratio=0.998500407 cv=0.0105429525 stable=1 metricVerified=1 worldUnitsPerMeter=0.99855119
[2026-10-10 03:28:46.618] [INFO] PostRace observation: phase=Roaming complete=1 liveCount=11 registryStatus=Stable observedRacerCount=0 capturedRaceCount=0 matchingRaceIdentities=0 readOnly=1 lifetimeProven=0
[2026-10-10 03:28:46.837] [INFO] FRR_MOTION_V1 capture=707000 cohort=147 generation=1 model=2030390099 timeMs=760468 dt=0.274568617 valid=1 safe=1 grounded=1 x=306.146179 y=115.100739 z=2595.00684 speed=45.4194794 speedometer=45.3813095 absolute=45.4194794 local=45.419487 linear=45.4194794 vx=35.8068581 vy=1.257442 vz=-27.9144554 slip=-0.00569152832 accepted=1 window=104 ratio=0.998223484 cv=0.010866072 stable=1 metricVerified=1 worldUnitsPerMeter=0.99855119
[2026-10-10 03:28:46.837] [INFO] Runtime state changed: mode=FreeRoamCandidate inWorld=1 raceMode=Roaming loading=0 inNIS=0 fade=0 flow=6 IVehicle=0x46EB41C PVehicle=0x46EB370 raceStatus=0xED291F8 roadNetwork=0x46CD390 pvehicleCount=12 playerCrossCheck=1 vehicles=11 human=1 traffic=8 cops=0 racers=0 none=2 nisCars=0 remote=0 unknown=0 cash=335950 careerCars=3 currentCarHandle=89 careerCompleted=0 profileKey=pseudonymous caps=[world:1,player:1,freeroam:1,road:1,roadNav:1,careerRead:1,spawnWrite:0,economyWrite:0,garageWrite:0] motion=[speed:45.419,speedometer:45.381,absSpeed:45.419,localMag:45.419,linearMag:45.419,slip:-0.006,wheels:4,units:engine/unverified] roadNav=[ai:0xECE270C,curSeg:0,curLane:0,curWidthWorld:0.0,curSpanWorld:0.0,curSegTime:0.000,curCurve:0.0000,curRoadOcc:0,curAvoidOcc:0,curOccBehind:0,futureSeg:0,futureLane:0,futureWidthWorld:0.0,navGapWorld:0.0,futureRoadOcc:0,futureAvoidOcc:0,seekDistWorld:2615.5,seekProjWorld:0.0,farDistWorld:2615.5,farProjWorld:0.0,playerPos:(306.1,115.1,2595.0),seek:(0.0,0.0,0.0),far:(0.0,0.0,0.0),units:world]
[2026-10-10 03:28:47.092] [INFO] FRR_MOTION_V1 capture=707000 cohort=147 generation=1 model=2030390099 timeMs=760734 dt=0.255572617 valid=1 safe=1 grounded=1 x=314.86322 y=115.435432 z=2587.40063 speed=45.7095909 speedometer=45.6912193 absolute=45.7095909 local=45.7095871 linear=45.7095909 vx=33.1080818 vy=1.41091692 vz=-31.48382 slip=-0.00263977051 accepted=1 window=105 ratio=0.998182178 cv=0.0108228978 stable=1 metricVerified=1 worldUnitsPerMeter=0.99855119
[2026-10-10 03:28:47.092] [INFO] Runtime state changed: mode=FreeRoamCandidate inWorld=1 raceMode=Roaming loading=0 inNIS=0 fade=0 flow=6 IVehicle=0x46EB41C PVehicle=0x46EB370 raceStatus=0xED291F8 roadNetwork=0x46CD390 pvehicleCount=13 playerCrossCheck=1 vehicles=11 human=1 traffic=8 cops=0 racers=0 none=2 nisCars=0 remote=0 unknown=0 cash=335950 careerCars=3 currentCarHandle=89 careerCompleted=0 profileKey=pseudonymous caps=[world:1,player:1,freeroam:1,road:1,roadNav:1,careerRead:1,spawnWrite:0,economyWrite:0,garageWrite:0] motion=[speed:45.710,speedometer:45.691,absSpeed:45.710,localMag:45.710,linearMag:45.710,slip:-0.003,wheels:4,units:engine/unverified] roadNav=[ai:0xECE270C,curSeg:0,curLane:0,curWidthWorld:0.0,curSpanWorld:0.0,curSegTime:0.000,curCurve:0.0000,curRoadOcc:0,curAvoidOcc:0,curOccBehind:0,futureSeg:0,futureLane:0,futureWidthWorld:0.0,navGapWorld:0.0,futureRoadOcc:0,futureAvoidOcc:0,seekDistWorld:2609.0,seekProjWorld:0.0,farDistWorld:2609.0,farProjWorld:0.0,playerPos:(314.9,115.4,2587.4),seek:(0.0,0.0,0.0),far:(0.0,0.0,0.0),units:world]
[2026-10-10 03:28:47.126] [INFO] PostRace observation: phase=Roaming complete=1 liveCount=11 registryStatus=Stable observedRacerCount=0 capturedRaceCount=0 matchingRaceIdentities=0 readOnly=1 lifetimeProven=0
[2026-10-10 03:28:47.342] [INFO] FRR_MOTION_V1 capture=707000 cohort=147 generation=1 model=2030390099 timeMs=760984 dt=0.250264198 valid=1 safe=1 grounded=1 x=322.965851 y=115.769257 z=2579.28687 speed=46.0617371 speedometer=46.0464134 absolute=46.0617371 local=46.0617485 linear=46.0617371 vx=31.8825035 vy=1.27592242 vz=-33.2198982 slip=-0.0012512207 accepted=1 window=106 ratio=0.998189509 cv=0.0107719088 stable=1 metricVerified=1 worldUnitsPerMeter=0.99855119
[2026-10-10 03:28:47.599] [INFO] FRR_MOTION_V1 capture=707000 cohort=147 generation=1 model=2030390099 timeMs=761234 dt=0.256803215 valid=1 safe=1 grounded=1 x=331.143005 y=116.006126 z=2570.56226 speed=46.4392128 speedometer=46.4144859 absolute=46.4392128 local=46.4392204 linear=46.4392128 vx=31.4113045 vy=0.36606282 vz=-34.2022858 slip=-0.000717163086 accepted=1 window=107 ratio=0.998271465 cv=0.0107538719 stable=1 metricVerified=1 worldUnitsPerMeter=0.99855119
[2026-10-10 03:28:47.625] [INFO] PostRace observation: phase=Roaming complete=1 liveCount=11 registryStatus=Stable observedRacerCount=0 capturedRaceCount=0 matchingRaceIdentities=0 readOnly=1 lifetimeProven=0
[2026-10-10 03:28:47.849] [INFO] FRR_MOTION_V1 capture=707000 cohort=147 generation=1 model=2030390099 timeMs=761484 dt=0.250491798 valid=1 safe=1 grounded=1 x=338.996338 y=115.968781 z=2561.92188 speed=46.8589859 speedometer=46.723362 absolute=46.8589859 local=46.8589821 linear=46.8589859 vx=31.6039848 vy=-0.590884447 vz=-34.5919609 slip=-0.00163269043 accepted=1 window=108 ratio=0.998280287 cv=0.0107042659 stable=1 metricVerified=1 worldUnitsPerMeter=0.99855119
[2026-10-10 03:28:48.097] [INFO] FRR_MOTION_V1 capture=707000 cohort=147 generation=1 model=2030390099 timeMs=761734 dt=0.247868195 valid=1 safe=1 grounded=1 x=347.126831 y=115.795258 z=2553.48462 speed=47.0339737 speedometer=47.0157204 absolute=47.0339737 local=47.0339737 linear=47.0339737 vx=33.1210098 vy=-0.711412489 vz=-33.3869324 slip=0.00199890137 accepted=1 window=109 ratio=0.998360634 cv=0.0106869834 stable=1 metricVerified=1 worldUnitsPerMeter=0.99855119
[2026-10-10 03:28:48.123] [INFO] PostRace observation: phase=Roaming complete=1 liveCount=11 registryStatus=Stable observedRacerCount=0 capturedRaceCount=0 matchingRaceIdentities=0 readOnly=1 lifetimeProven=0
[2026-10-10 03:28:48.343] [INFO] FRR_MOTION_V1 capture=707000 cohort=147 generation=1 model=2030390099 timeMs=761984 dt=0.245383814 valid=1 safe=1 grounded=1 x=355.403839 y=115.645676 z=2545.63672 speed=47.3034859 speedometer=46.9136543 absolute=47.3034859 local=47.3034859 linear=47.3034859 vx=35.6156273 vy=-0.471095353 vz=-31.1275597 slip=-0.000854492188 accepted=1 window=110 ratio=0.998244107 cv=0.0107091637 stable=1 metricVerified=1 worldUnitsPerMeter=0.99855119
[2026-10-10 03:28:48.595] [INFO] FRR_MOTION_V1 capture=707000 cohort=147 generation=1 model=2030390099 timeMs=762234 dt=0.252017498 valid=1 safe=1 grounded=1 x=364.903656 y=115.603607 z=2538.38647 speed=46.9125786 speedometer=46.4983253 absolute=46.9125786 local=46.9125748 linear=46.9125786 vx=39.3872108 vy=0.570073366 vz=-25.4776897 slip=0.000228881836 accepted=1 window=111 ratio=0.998319447 cv=0.010689361 stable=1 metricVerified=1 worldUnitsPerMeter=0.99855119
[2026-10-10 03:28:48.621] [INFO] PostRace observation: phase=Roaming complete=1 liveCount=11 registryStatus=Stable observedRacerCount=0 capturedRaceCount=0 matchingRaceIdentities=0 readOnly=1 lifetimeProven=0
[2026-10-10 03:28:48.843] [INFO] FRR_MOTION_V1 capture=707000 cohort=147 generation=1 model=2030390099 timeMs=762484 dt=0.248229504 valid=1 safe=1 grounded=1 x=374.998413 y=115.957893 z=2532.91772 speed=46.924511 speedometer=46.8809814 absolute=46.924511 local=46.9245186 linear=46.924511 vx=42.7748108 vy=2.39030957 vz=-19.1444912 slip=0.00723266602 accepted=1 window=112 ratio=0.998211622 cv=0.0107033299 stable=1 metricVerified=1 worldUnitsPerMeter=0.99855119
[2026-10-10 03:28:49.084] [INFO] FRR_MOTION_V1 capture=707000 cohort=147 generation=1 model=2030390099 timeMs=762718 dt=0.241418406 valid=1 safe=1 grounded=1 x=385.614563 y=116.753136 z=2529.0874 speed=47.0122833 speedometer=47.0003242 absolute=47.0122833 local=47.0122871 linear=47.0122833 vx=44.9558411 vy=4.1508646 vz=-13.1109638 slip=0.00410461426 accepted=1 window=113 ratio=0.998207927 cv=0.0106559768 stable=1 metricVerified=1 worldUnitsPerMeter=0.99855119
[2026-10-10 03:28:49.124] [INFO] PostRace observation: phase=Roaming complete=1 liveCount=11 registryStatus=Stable observedRacerCount=0 capturedRaceCount=0 matchingRaceIdentities=0 readOnly=1 lifetimeProven=0
[2026-10-10 03:28:49.314] [INFO] FRR_MOTION_V1 capture=707000 cohort=147 generation=1 model=2030390099 timeMs=762953 dt=0.228952199 valid=1 safe=1 grounded=1 x=396.19162 y=117.907761 z=2526.47217 speed=47.1287537 speedometer=47.1302452 absolute=47.1287537 local=47.1287613 linear=47.1287537 vx=45.7462349 vy=5.80657101 vz=-9.73062038 slip=0.00196838379 accepted=1 window=114 ratio=0.998369873 cv=0.0107467053 stable=1 metricVerified=1 worldUnitsPerMeter=0.99855119
[2026-10-10 03:28:49.533] [INFO] FRR_MOTION_V1 capture=707000 cohort=147 generation=1 model=2030390099 timeMs=763171 dt=0.219301596 valid=1 safe=1 grounded=1 x=406.121826 y=119.282448 z=2524.55981 speed=47.2196045 speedometer=47.2261543 absolute=47.2196045 local=47.2196121 linear=47.2196045 vx=45.9960098 vy=6.96169472 vz=-8.09896851 slip=0.00100708008 accepted=1 window=115 ratio=0.998266637 cv=0.0107578104 stable=1 metricVerified=1 worldUnitsPerMeter=0.99855119
[2026-10-10 03:28:49.625] [INFO] PostRace observation: phase=Roaming complete=1 liveCount=11 registryStatus=Stable observedRacerCount=0 capturedRaceCount=0 matchingRaceIdentities=0 readOnly=1 lifetimeProven=0
[2026-10-10 03:28:49.754] [INFO] FRR_MOTION_V1 capture=707000 cohort=147 generation=1 model=2030390099 timeMs=763390 dt=0.221553296 valid=1 safe=1 grounded=1 x=416.451263 y=120.946609 z=2522.77075 speed=47.0809059 speedometer=46.7989273 absolute=47.0809059 local=47.0809135 linear=47.0809059 vx=45.590744 vy=7.6715579 vz=-8.90184784 slip=0.00448608398 accepted=1 window=116 ratio=0.998420417 cv=0.0108362567 stable=1 metricVerified=1 worldUnitsPerMeter=0.99855119
[2026-10-10 03:28:49.976] [INFO] FRR_MOTION_V1 capture=707000 cohort=147 generation=1 model=2030390099 timeMs=763609 dt=0.221867993 valid=1 safe=1 grounded=1 x=426.422699 y=122.704994 z=2520.58618 speed=46.895256 speedometer=46.8861694 absolute=46.895256 local=46.8952675 linear=46.895256 vx=44.9864082 vy=7.82755375 vz=-10.6825743 slip=-0.0032043457 accepted=1 window=117 ratio=0.998379052 cv=0.010799503 stable=1 metricVerified=1 worldUnitsPerMeter=0.99855119
[2026-10-10 03:28:50.123] [INFO] PostRace observation: phase=Roaming complete=1 liveCount=11 registryStatus=Stable observedRacerCount=0 capturedRaceCount=0 matchingRaceIdentities=0 readOnly=1 lifetimeProven=0
[2026-10-10 03:28:50.196] [INFO] FRR_MOTION_V1 capture=707000 cohort=147 generation=1 model=2030390099 timeMs=763828 dt=0.220014006 valid=1 safe=1 grounded=1 x=436.273346 y=124.413605 z=2517.88525 speed=46.880806 speedometer=46.8693962 absolute=46.880806 local=46.8807983 linear=46.880806 vx=44.2556648 vy=7.56259346 vz=-13.4927025 slip=-0.00233459473 accepted=1 window=118 ratio=0.998425782 cv=0.0107650328 stable=1 metricVerified=1 worldUnitsPerMeter=0.99855119
[2026-10-10 03:28:50.414] [INFO] FRR_MOTION_V1 capture=707000 cohort=147 generation=1 model=2030390099 timeMs=764046 dt=0.217057303 valid=1 safe=1 grounded=1 x=445.82428 y=125.961876 z=2514.75269 speed=46.9282303 speedometer=46.9183006 absolute=46.9282303 local=46.9282265 linear=46.9282303 vx=43.8807755 vy=6.87330627 vz=-15.1490574 slip=-0.00123596191 accepted=1 window=119 ratio=0.998430014 cv=0.0107197594 stable=1 metricVerified=1 worldUnitsPerMeter=0.99855119
[2026-10-10 03:28:50.618] [INFO] PostRace observation: phase=Roaming complete=1 liveCount=11 registryStatus=Stable observedRacerCount=0 capturedRaceCount=0 matchingRaceIdentities=0 readOnly=1 lifetimeProven=0
[2026-10-10 03:28:50.642] [INFO] FRR_MOTION_V1 capture=707000 cohort=147 generation=1 model=2030390099 timeMs=764281 dt=0.229452699 valid=1 safe=1 grounded=1 x=455.866394 y=127.45578 z=2511.15015 speed=47.0185509 speedometer=47.0058746 absolute=47.0185509 local=47.0185471 linear=47.0185509 vx=43.7440109 vy=6.16081953 vz=-16.1012402 slip=-0.000640869141 accepted=1 window=120 ratio=0.998438954 cv=0.0106753539 stable=1 metricVerified=1 worldUnitsPerMeter=0.99855119
[2026-10-10 03:28:50.875] [INFO] FRR_MOTION_V1 capture=707000 cohort=147 generation=1 model=2030390099 timeMs=764515 dt=0.233067289 valid=1 safe=1 grounded=1 x=465.753021 y=128.750824 z=2507.13062 speed=46.6687012 speedometer=46.6136169 absolute=46.6687012 local=46.6687088 linear=46.6687012 vx=42.3562164 vy=5.03559017 vz=-18.9357224 slip=0.00103759766 accepted=1 window=120 ratio=0.998424351 cv=0.0106931394 stable=1 metricVerified=1 worldUnitsPerMeter=0.99855119
[2026-10-10 03:28:50.875] [INFO] Runtime state changed: mode=FreeRoamCandidate inWorld=1 raceMode=Roaming loading=0 inNIS=0 fade=0 flow=6 IVehicle=0x46EB41C PVehicle=0x46EB370 raceStatus=0xED291F8 roadNetwork=0x46CD390 pvehicleCount=13 playerCrossCheck=1 vehicles=12 human=1 traffic=9 cops=0 racers=0 none=2 nisCars=0 remote=0 unknown=0 cash=335950 careerCars=3 currentCarHandle=89 careerCompleted=0 profileKey=pseudonymous caps=[world:1,player:1,freeroam:1,road:1,roadNav:1,careerRead:1,spawnWrite:0,economyWrite:0,garageWrite:0] motion=[speed:46.669,speedometer:46.614,absSpeed:46.669,localMag:46.669,linearMag:46.669,slip:0.001,wheels:4,units:engine/unverified] roadNav=[ai:0xECE270C,curSeg:0,curLane:0,curWidthWorld:0.0,curSpanWorld:0.0,curSegTime:0.000,curCurve:0.0000,curRoadOcc:0,curAvoidOcc:0,curOccBehind:0,futureSeg:0,futureLane:0,futureWidthWorld:0.0,navGapWorld:0.0,futureRoadOcc:0,futureAvoidOcc:0,seekDistWorld:2553.3,seekProjWorld:0.0,farDistWorld:2553.3,farProjWorld:0.0,playerPos:(465.8,128.8,2507.1),seek:(0.0,0.0,0.0),far:(0.0,0.0,0.0),units:world]
[2026-10-10 03:28:50.875] [INFO] Vehicle-spatial observation: registryComplete=1 registryCount=12 enabledActive=9 ignoredInactive=3 boxes=9 failedSpatialReads=0 halfExtentSemanticsResearchBacked=1 learnedModels=10 verifiedLearnedModels=10 catalogFootprintKey=0x79054B53
[2026-10-10 03:28:50.876] [INFO] Primary-camera observation: coherent=1 viewId=1 coordinateMapping=sim(z,-x,y)_to_render fullPlayerViewCoverageVerified=0 renderEnvelopeVerified=0 spawnVisibilityVerified=0
[2026-10-10 03:28:50.876] [INFO] Road-candidate observations: count=4 exactUsable=0 [CurrentRoad:RoadInvalid,seg=0,lane=0,distWorld=2553.3,projWorld=0.0,pointOccupancy=clear,fleetChecked=9,fleetInvalid=0,nearestVehicleGapWorld=2319.0,selectedRivalId=18331059014694192571,selectedVehicleKey=0x79054b53,preconstructionOverlap=unverified,overlapVerified=0,promotion=RoadInvalid,primaryCamera=unverified,separatingPlane=-1,completeSpawnVisibilityVerified=0] [FutureRoad:RoadInvalid,seg=0,lane=0,distWorld=2553.3,projWorld=0.0,pointOccupancy=clear,fleetChecked=9,fleetInvalid=0,nearestVehicleGapWorld=2319.0,selectedRivalId=18331059014694192571,selectedVehicleKey=0x79054b53,preconstructionOverlap=unverified,overlapVerified=0,promotion=RoadInvalid,primaryCamera=unverified,separatingPlane=-1,completeSpawnVisibilityVerified=0] [SeekAhead:RoadGeometryAssociationUnverified,seg=0,lane=0,distWorld=2553.3,projWorld=0.0,pointOccupancy=clear,fleetChecked=9,fleetInvalid=0,nearestVehicleGapWorld=2319.0,selectedRivalId=18331059014694192571,selectedVehicleKey=0x79054b53,preconstructionOverlap=unverified,overlapVerified=0,promotion=RoadGeometryAssociationUnverified,primaryCamera=unverified,separatingPlane=-1,completeSpawnVisibilityVerified=0] [FarFuture:RoadGeometryAssociationUnverified,seg=0,lane=0,distWorld=2553.3,projWorld=0.0,pointOccupancy=clear,fleetChecked=9,fleetInvalid=0,nearestVehicleGapWorld=2319.0,selectedRivalId=18331059014694192571,selectedVehicleKey=0x79054b53,preconstructionOverlap=unverified,overlapVerified=0,promotion=RoadGeometryAssociationUnverified,primaryCamera=unverified,separatingPlane=-1,completeSpawnVisibilityVerified=0]
[2026-10-10 03:28:50.876] [INFO] World-collision evidence: addressAvailable=1 gameplayThreadConfirmed=1 result=pending_or_unavailable cameraVisibilityVerified=0 streamingVerified=0
[2026-10-10 03:28:50.876] [INFO] Motion-scale observation: accepted=123 rejected=11 window=120 worldUnitsPerSpeedUnitSecond=0.99842 cv=0.01069 speedometerToSpeedRatio=0.99213 absoluteToSpeedRatio=1.00000 speedToLocalRatio=1.00000 speedToLinearRatio=1.00000 stable=1 metricVerified=1 worldUnitsPerMeter=0.99855
[2026-10-10 03:28:51.111] [INFO] FRR_MOTION_V1 capture=707000 cohort=147 generation=1 model=2030390099 timeMs=764750 dt=0.234704092 valid=1 safe=1 grounded=1 x=475.551331 y=129.870071 z=2502.47095 speed=46.8040886 speedometer=46.7909889 absolute=46.8040886 local=46.8040924 linear=46.8040886 vx=41.4138832 vy=4.52826738 vz=-21.3309059 slip=-0.00285339355 accepted=1 window=120 ratio=0.998483539 cv=0.0106499959 stable=1 metricVerified=1 worldUnitsPerMeter=0.99855119
[2026-10-10 03:28:51.119] [INFO] PostRace observation: phase=Roaming complete=1 liveCount=12 registryStatus=Stable observedRacerCount=0 capturedRaceCount=0 matchingRaceIdentities=0 readOnly=1 lifetimeProven=0
[2026-10-10 03:28:51.356] [INFO] FRR_MOTION_V1 capture=707000 cohort=147 generation=1 model=2030390099 timeMs=765000 dt=0.24602221 valid=1 safe=1 grounded=1 x=485.580994 y=130.93512 z=2496.60327 speed=46.5465508 speedometer=46.5344925 absolute=46.5465508 local=46.5465622 linear=46.5465508 vx=39.0047493 vy=3.77062249 vz=-25.1195774 slip=-0.00201416016 accepted=1 window=120 ratio=0.998524189 cv=0.0107076159 stable=1 metricVerified=1 worldUnitsPerMeter=0.99855119
[2026-10-10 03:28:51.606] [INFO] FRR_MOTION_V1 capture=707000 cohort=147 generation=1 model=2030390099 timeMs=765250 dt=0.249965295 valid=1 safe=1 grounded=1 x=494.934845 y=131.728073 z=2489.78589 speed=46.1192169 speedometer=45.4110413 absolute=46.1192169 local=46.1192398 linear=46.1192169 vx=35.4791298 vy=2.47947836 vz=-29.3609543 slip=-0.00268554688 accepted=1 window=120 ratio=0.998626709 cv=0.0106777344 stable=1 metricVerified=1 worldUnitsPerMeter=0.99855119
[2026-10-10 03:28:51.625] [INFO] PostRace observation: phase=Roaming complete=1 liveCount=12 registryStatus=Stable observedRacerCount=0 capturedRaceCount=0 matchingRaceIdentities=0 readOnly=1 lifetimeProven=0
[2026-10-10 03:28:51.869] [INFO] FRR_MOTION_V1 capture=707000 cohort=147 generation=1 model=2030390099 timeMs=765515 dt=0.263330102 valid=1 safe=1 grounded=1 x=503.56015 y=132.231903 z=2481.43018 speed=45.5083389 speedometer=44.8758888 absolute=45.5083389 local=45.5083504 linear=45.5083389 vx=29.9737339 vy=1.57657802 vz=-34.2067032 slip=-0.00303649902 accepted=1 window=120 ratio=0.998423398 cv=0.0104876924 stable=1 metricVerified=1 worldUnitsPerMeter=0.99855119
[2026-10-10 03:28:52.122] [INFO] FRR_MOTION_V1 capture=707000 cohort=147 generation=1 model=2030390099 timeMs=765765 dt=0.251942217 valid=1 safe=1 grounded=1 x=510.184692 y=132.67009 z=2472.30884 speed=45.1296349 speedometer=45.0859566 absolute=45.1296349 local=45.1296387 linear=45.1296349 vx=23.6944942 vy=1.90972269 vz=-38.3615417 slip=-0.00691223145 accepted=1 window=120 ratio=0.998238146 cv=0.0104743904 stable=1 metricVerified=1 worldUnitsPerMeter=0.99855119
[2026-10-10 03:28:52.122] [INFO] Runtime state changed: mode=FreeRoamCandidate inWorld=1 raceMode=Roaming loading=0 inNIS=0 fade=0 flow=6 IVehicle=0x46EB41C PVehicle=0x46EB370 raceStatus=0xED291F8 roadNetwork=0x46CD390 pvehicleCount=14 playerCrossCheck=1 vehicles=12 human=1 traffic=9 cops=0 racers=0 none=2 nisCars=0 remote=0 unknown=0 cash=335950 careerCars=3 currentCarHandle=89 careerCompleted=0 profileKey=pseudonymous caps=[world:1,player:1,freeroam:1,road:1,roadNav:1,careerRead:1,spawnWrite:0,economyWrite:0,garageWrite:0] motion=[speed:45.130,speedometer:45.086,absSpeed:45.130,localMag:45.130,linearMag:45.130,slip:-0.007,wheels:4,units:engine/unverified] roadNav=[ai:0xECE270C,curSeg:0,curLane:0,curWidthWorld:0.0,curSpanWorld:0.0,curSegTime:0.000,curCurve:0.0000,curRoadOcc:0,curAvoidOcc:0,curOccBehind:0,futureSeg:0,futureLane:0,futureWidthWorld:0.0,navGapWorld:0.0,futureRoadOcc:0,futureAvoidOcc:0,seekDistWorld:2527.9,seekProjWorld:0.0,farDistWorld:2527.9,farProjWorld:0.0,playerPos:(510.2,132.7,2472.3),seek:(0.0,0.0,0.0),far:(0.0,0.0,0.0),units:world]
[2026-10-10 03:28:52.122] [INFO] PostRace observation: phase=Roaming complete=1 liveCount=12 registryStatus=Stable observedRacerCount=0 capturedRaceCount=0 matchingRaceIdentities=0 readOnly=1 lifetimeProven=0
[2026-10-10 03:28:52.363] [INFO] FRR_MOTION_V1 capture=707000 cohort=147 generation=1 model=2030390099 timeMs=766000 dt=0.241205499 valid=1 safe=1 grounded=1 x=515.223022 y=133.109879 z=2462.63867 speed=45.2526665 speedometer=45.2100754 absolute=45.2526665 local=45.2526703 linear=45.2526665 vx=18.1094837 vy=1.68036652 vz=-41.4370232 slip=-0.00624084473 accepted=1 window=120 ratio=0.998389542 cv=0.0103817331 stable=1 metricVerified=1 worldUnitsPerMeter=0.99855119
[2026-10-10 03:28:52.606] [INFO] FRR_MOTION_V1 capture=707000 cohort=147 generation=1 model=2030390099 timeMs=766250 dt=0.242744401 valid=1 safe=1 grounded=1 x=518.982239 y=133.471451 z=2452.36353 speed=45.2366638 speedometer=44.6845436 absolute=45.2366638 local=45.23666 linear=45.2366638 vx=12.7746353 vy=1.29361916 vz=-43.3761559 slip=-0.0009765625 accepted=1 window=120 ratio=0.998416662 cv=0.0103728734 stable=1 metricVerified=1 worldUnitsPerMeter=0.99855119
[2026-10-10 03:28:52.623] [INFO] PostRace observation: phase=Roaming complete=1 liveCount=12 registryStatus=Stable observedRacerCount=0 capturedRaceCount=0 matchingRaceIdentities=0 readOnly=1 lifetimeProven=0
[2026-10-10 03:28:52.851] [INFO] FRR_MOTION_V1 capture=707000 cohort=147 generation=1 model=2030390099 timeMs=766484 dt=0.245519906 valid=1 safe=1 grounded=1 x=521.487427 y=133.752838 z=2441.56396 speed=45.2052727 speedometer=45.1785927 absolute=45.2052727 local=45.2052727 linear=45.2052727 vx=8.20589161 vy=0.964153886 vz=-44.4437904 slip=-0.00433349609 accepted=1 window=120 ratio=0.998363316 cv=0.0103545254 stable=1 metricVerified=1 worldUnitsPerMeter=0.99855119
[2026-10-10 03:28:53.093] [INFO] FRR_MOTION_V1 capture=707000 cohort=147 generation=1 model=2030390099 timeMs=766734 dt=0.241640702 valid=1 safe=1 grounded=1 x=522.971802 y=133.950531 z=2430.70581 speed=45.5243149 speedometer=45.502037 absolute=45.5243149 local=45.5243225 linear=45.5243149 vx=4.40509558 vy=0.639821172 vz=-45.3061714 slip=-0.0027923584 accepted=1 window=120 ratio=0.998380959 cv=0.0103551513 stable=1 metricVerified=1 worldUnitsPerMeter=0.99855119
[2026-10-10 03:28:53.127] [INFO] PostRace observation: phase=Roaming complete=1 liveCount=12 registryStatus=Stable observedRacerCount=0 capturedRaceCount=0 matchingRaceIdentities=0 readOnly=1 lifetimeProven=0
[2026-10-10 03:28:53.342] [INFO] FRR_MOTION_V1 capture=707000 cohort=147 generation=1 model=2030390099 timeMs=766984 dt=0.248802304 valid=1 safe=1 grounded=1 x=523.766479 y=134.060608 z=2419.2998 speed=45.9217987 speedometer=45.9042358 absolute=45.9217987 local=45.9218102 linear=45.9217987 vx=2.27007723 vy=0.17748104 vz=-45.8653107 slip=-0.00137329102 accepted=1 window=120 ratio=0.998448014 cv=0.0103718257 stable=1 metricVerified=1 worldUnitsPerMeter=0.99855119
[2026-10-10 03:28:53.576] [INFO] FRR_MOTION_V1 capture=707000 cohort=147 generation=1 model=2030390099 timeMs=767218 dt=0.234458208 valid=1 safe=1 grounded=1 x=524.161743 y=134.066803 z=2408.35059 speed=46.3113441 speedometer=46.2965393 absolute=46.3113441 local=46.3113632 linear=46.3113441 vx=1.22266984 vy=-0.154033914 vz=-46.2949448 slip=-0.000610351562 accepted=1 window=120 ratio=0.998506129 cv=0.010434797 stable=1 metricVerified=1 worldUnitsPerMeter=0.99855119
[2026-10-10 03:28:53.623] [INFO] PostRace observation: phase=Roaming complete=1 liveCount=12 registryStatus=Stable observedRacerCount=0 capturedRaceCount=0 matchingRaceIdentities=0 readOnly=1 lifetimeProven=0
[2026-10-10 03:28:53.824] [INFO] FRR_MOTION_V1 capture=707000 cohort=147 generation=1 model=2030390099 timeMs=767468 dt=0.24800089 valid=1 safe=1 grounded=1 x=524.545532 y=134.018143 z=2396.93945 speed=46.4393196 speedometer=46.4166222 absolute=46.4393196 local=46.4393196 linear=46.4393196 vx=2.85663486 vy=-0.177894995 vz=-46.3510361 slip=-0.00341796875 accepted=1 window=120 ratio=0.998391926 cv=0.0104233492 stable=1 metricVerified=1 worldUnitsPerMeter=0.99855119
[2026-10-10 03:28:54.075] [INFO] FRR_MOTION_V1 capture=707000 cohort=147 generation=1 model=2030390099 timeMs=767718 dt=0.251384199 valid=1 safe=1 grounded=1 x=525.360718 y=133.939514 z=2385.30103 speed=46.8313179 speedometer=46.8096886 absolute=46.8313179 local=46.8313293 linear=46.8313179 vx=4.35397673 vy=-0.645000637 vz=-46.6240196 slip=0.0022277832 accepted=1 window=120 ratio=0.998296916 cv=0.0104008783 stable=1 metricVerified=1 worldUnitsPerMeter=0.99855119
[2026-10-10 03:28:54.127] [INFO] PostRace observation: phase=Roaming complete=1 liveCount=12 registryStatus=Stable observedRacerCount=0 capturedRaceCount=0 matchingRaceIdentities=0 readOnly=1 lifetimeProven=0
[2026-10-10 03:28:54.332] [INFO] FRR_MOTION_V1 capture=707000 cohort=147 generation=1 model=2030390099 timeMs=767968 dt=0.25651139 valid=1 safe=1 grounded=1 x=526.802856 y=133.726746 z=2373.23267 speed=47.2173424 speedometer=46.8954582 absolute=47.2173424 local=47.2173462 linear=47.2173424 vx=7.06408405 vy=-0.925869465 vz=-46.6767464 slip=-0.000854492188 accepted=1 window=120 ratio=0.998503745 cv=0.0103380261 stable=1 metricVerified=1 worldUnitsPerMeter=0.99855119
[2026-10-10 03:28:54.590] [INFO] FRR_MOTION_V1 capture=707000 cohort=147 generation=1 model=2030390099 timeMs=768234 dt=0.257884622 valid=1 safe=1 grounded=1 x=529.193115 y=133.434082 z=2361.30078 speed=47.0927429 speedometer=46.991024 absolute=47.0927429 local=47.0927429 linear=47.0927429 vx=10.8951015 vy=-1.32547426 vz=-45.7959175 slip=0.00344848633 accepted=1 window=120 ratio=0.99847436 cv=0.0103262058 stable=1 metricVerified=1 worldUnitsPerMeter=0.99855119
[2026-10-10 03:28:54.624] [INFO] PostRace observation: phase=Roaming complete=1 liveCount=12 registryStatus=Stable observedRacerCount=0 capturedRaceCount=0 matchingRaceIdentities=0 readOnly=1 lifetimeProven=0
[2026-10-10 03:28:54.852] [INFO] FRR_MOTION_V1 capture=707000 cohort=147 generation=1 model=2030390099 timeMs=768484 dt=0.262285501 valid=1 safe=1 grounded=1 x=531.90918 y=133.054855 z=2349.47021 speed=46.9022675 speedometer=46.6105995 absolute=46.9022675 local=46.9022675 linear=46.9022675 vx=9.89774799 vy=-1.62235796 vz=-45.8173027 slip=0.00549316406 accepted=1 window=120 ratio=0.998397768 cv=0.0103911282 stable=1 metricVerified=1 worldUnitsPerMeter=0.99855119
[2026-10-10 03:28:55.124] [INFO] FRR_MOTION_V1 capture=707000 cohort=147 generation=1 model=2030390099 timeMs=768765 dt=0.271598399 valid=1 safe=1 grounded=1 x=534.245667 y=132.594025 z=2337.14502 speed=47.2968979 speedometer=47.2651138 absolute=47.2968979 local=47.2969017 linear=47.2968979 vx=6.8854208 vy=-1.90959215 vz=-46.7540474 slip=-0.00422668457 accepted=1 window=120 ratio=0.998324931 cv=0.0104806619 stable=1 metricVerified=1 worldUnitsPerMeter=0.99855119
[2026-10-10 03:28:55.124] [INFO] Runtime state changed: mode=FreeRoamCandidate inWorld=1 raceMode=Roaming loading=0 inNIS=0 fade=0 flow=6 IVehicle=0x46EB41C PVehicle=0x46EB370 raceStatus=0xED291F8 roadNetwork=0x46CD390 pvehicleCount=14 playerCrossCheck=1 vehicles=13 human=1 traffic=10 cops=0 racers=0 none=2 nisCars=0 remote=0 unknown=0 cash=335950 careerCars=3 currentCarHandle=89 careerCompleted=0 profileKey=pseudonymous caps=[world:1,player:1,freeroam:1,road:1,roadNav:1,careerRead:1,spawnWrite:0,economyWrite:0,garageWrite:0] motion=[speed:47.297,speedometer:47.265,absSpeed:47.297,localMag:47.297,linearMag:47.297,slip:-0.004,wheels:4,units:engine/unverified] roadNav=[ai:0xECE270C,curSeg:0,curLane:0,curWidthWorld:0.0,curSpanWorld:0.0,curSegTime:0.000,curCurve:0.0000,curRoadOcc:0,curAvoidOcc:0,curOccBehind:0,futureSeg:0,futureLane:0,futureWidthWorld:0.0,navGapWorld:0.0,futureRoadOcc:0,futureAvoidOcc:0,seekDistWorld:2401.1,seekProjWorld:0.0,farDistWorld:2401.1,farProjWorld:0.0,playerPos:(534.2,132.6,2337.1),seek:(0.0,0.0,0.0),far:(0.0,0.0,0.0),units:world]
[2026-10-10 03:28:55.125] [INFO] PostRace observation: phase=Roaming complete=1 liveCount=13 registryStatus=Stable observedRacerCount=0 capturedRaceCount=0 matchingRaceIdentities=0 readOnly=1 lifetimeProven=0
[2026-10-10 03:28:55.383] [INFO] FRR_MOTION_V1 capture=707000 cohort=147 generation=1 model=2030390099 timeMs=769015 dt=0.25995329 valid=1 safe=1 grounded=1 x=535.511047 y=132.067841 z=2324.74634 speed=47.7709236 speedometer=47.7497826 absolute=47.7709236 local=47.7709389 linear=47.7709236 vx=3.26516151 vy=-2.11487937 vz=-47.6122589 slip=-0.00205993652 accepted=1 window=120 ratio=0.998485088 cv=0.0105019538 stable=1 metricVerified=1 worldUnitsPerMeter=0.99855119
[2026-10-10 03:28:55.623] [INFO] PostRace observation: phase=Roaming complete=1 liveCount=13 registryStatus=Stable observedRacerCount=0 capturedRaceCount=0 matchingRaceIdentities=0 readOnly=1 lifetimeProven=0
[2026-10-10 03:28:55.641] [INFO] FRR_MOTION_V1 capture=707000 cohort=147 generation=1 model=2030390099 timeMs=769281 dt=0.257470012 valid=1 safe=1 grounded=1 x=536.093079 y=131.502472 z=2312.56396 speed=48.2802124 speedometer=48.2712173 absolute=48.2802124 local=48.2802086 linear=48.2802124 vx=1.56426013 vy=-2.3038435 vz=-48.1998367 slip=-0.0009765625 accepted=1 window=120 ratio=0.998318434 cv=0.0105195958 stable=1 metricVerified=1 worldUnitsPerMeter=0.99855119
[2026-10-10 03:28:55.901] [INFO] FRR_MOTION_V1 capture=707000 cohort=147 generation=1 model=2030390099 timeMs=769546 dt=0.260409504 valid=1 safe=1 grounded=1 x=536.364014 y=130.803909 z=2299.83252 speed=48.8048477 speedometer=48.777317 absolute=48.8048477 local=48.8048553 linear=48.8048477 vx=0.655446708 vy=-3.30473542 vz=-48.6884193 slip=-0.000411987305 accepted=1 window=120 ratio=0.998437047 cv=0.0105568338 stable=1 metricVerified=1 worldUnitsPerMeter=0.99855119
[2026-10-10 03:28:55.901] [INFO] Runtime heartbeat: mode=FreeRoamCandidate inWorld=1 raceMode=Roaming loading=0 inNIS=0 fade=0 flow=6 IVehicle=0x46EB41C PVehicle=0x46EB370 raceStatus=0xED291F8 roadNetwork=0x46CD390 pvehicleCount=14 playerCrossCheck=1 vehicles=13 human=1 traffic=10 cops=0 racers=0 none=2 nisCars=0 remote=0 unknown=0 cash=335950 careerCars=3 currentCarHandle=89 careerCompleted=0 profileKey=pseudonymous caps=[world:1,player:1,freeroam:1,road:1,roadNav:1,careerRead:1,spawnWrite:0,economyWrite:0,garageWrite:0] motion=[speed:48.805,speedometer:48.777,absSpeed:48.805,localMag:48.805,linearMag:48.805,slip:-0.000,wheels:4,units:engine/unverified] roadNav=[ai:0xECE270C,curSeg:0,curLane:0,curWidthWorld:0.0,curSpanWorld:0.0,curSegTime:0.000,curCurve:0.0000,curRoadOcc:0,curAvoidOcc:0,curOccBehind:0,futureSeg:0,futureLane:0,futureWidthWorld:0.0,navGapWorld:0.0,futureRoadOcc:0,futureAvoidOcc:0,seekDistWorld:2365.2,seekProjWorld:0.0,farDistWorld:2365.2,farProjWorld:0.0,playerPos:(536.4,130.8,2299.8),seek:(0.0,0.0,0.0),far:(0.0,0.0,0.0),units:world]
[2026-10-10 03:28:55.901] [INFO] Vehicle-spatial observation: registryComplete=1 registryCount=13 enabledActive=10 ignoredInactive=3 boxes=10 failedSpatialReads=0 halfExtentSemanticsResearchBacked=1 learnedModels=11 verifiedLearnedModels=10 catalogFootprintKey=0x79054B53
[2026-10-10 03:28:55.901] [INFO] Primary-camera observation: coherent=1 viewId=1 coordinateMapping=sim(z,-x,y)_to_render fullPlayerViewCoverageVerified=0 renderEnvelopeVerified=0 spawnVisibilityVerified=0
[2026-10-10 03:28:55.901] [INFO] Road-candidate observations: count=4 exactUsable=0 [CurrentRoad:RoadInvalid,seg=0,lane=0,distWorld=2365.2,projWorld=0.0,pointOccupancy=clear,fleetChecked=10,fleetInvalid=0,nearestVehicleGapWorld=2039.4,selectedRivalId=18331059014694192571,selectedVehicleKey=0x79054b53,preconstructionOverlap=unverified,overlapVerified=0,promotion=RoadInvalid,primaryCamera=unverified,separatingPlane=-1,completeSpawnVisibilityVerified=0] [FutureRoad:RoadInvalid,seg=0,lane=0,distWorld=2365.2,projWorld=0.0,pointOccupancy=clear,fleetChecked=10,fleetInvalid=0,nearestVehicleGapWorld=2039.4,selectedRivalId=18331059014694192571,selectedVehicleKey=0x79054b53,preconstructionOverlap=unverified,overlapVerified=0,promotion=RoadInvalid,primaryCamera=unverified,separatingPlane=-1,completeSpawnVisibilityVerified=0] [SeekAhead:RoadGeometryAssociationUnverified,seg=0,lane=0,distWorld=2365.2,projWorld=0.0,pointOccupancy=clear,fleetChecked=10,fleetInvalid=0,nearestVehicleGapWorld=2039.4,selectedRivalId=18331059014694192571,selectedVehicleKey=0x79054b53,preconstructionOverlap=unverified,overlapVerified=0,promotion=RoadGeometryAssociationUnverified,primaryCamera=unverified,separatingPlane=-1,completeSpawnVisibilityVerified=0] [FarFuture:RoadGeometryAssociationUnverified,seg=0,lane=0,distWorld=2365.2,projWorld=0.0,pointOccupancy=clear,fleetChecked=10,fleetInvalid=0,nearestVehicleGapWorld=2039.4,selectedRivalId=18331059014694192571,selectedVehicleKey=0x79054b53,preconstructionOverlap=unverified,overlapVerified=0,promotion=RoadGeometryAssociationUnverified,primaryCamera=unverified,separatingPlane=-1,completeSpawnVisibilityVerified=0]
[2026-10-10 03:28:55.901] [INFO] World-collision evidence: addressAvailable=1 gameplayThreadConfirmed=1 result=pending_or_unavailable cameraVisibilityVerified=0 streamingVerified=0
[2026-10-10 03:28:55.901] [INFO] Motion-scale observation: accepted=143 rejected=11 window=120 worldUnitsPerSpeedUnitSecond=0.99844 cv=0.01056 speedometerToSpeedRatio=0.99499 absoluteToSpeedRatio=1.00000 speedToLocalRatio=1.00000 speedToLinearRatio=1.00000 stable=1 metricVerified=1 worldUnitsPerMeter=0.99855
[2026-10-10 03:28:56.124] [INFO] PostRace observation: phase=Roaming complete=1 liveCount=13 registryStatus=Stable observedRacerCount=0 capturedRaceCount=0 matchingRaceIdentities=0 readOnly=1 lifetimeProven=0
[2026-10-10 03:28:56.158] [INFO] FRR_MOTION_V1 capture=707000 cohort=147 generation=1 model=2030390099 timeMs=769796 dt=0.256409287 valid=1 safe=1 grounded=1 x=536.466553 y=129.821823 z=2287.38574 speed=49.355648 speedometer=49.3414955 absolute=49.355648 local=49.3556595 linear=49.355648 vx=0.222158059 vy=-4.28641558 vz=-49.168663 slip=-9.15527344e-05 accepted=1 window=120 ratio=0.998417079 cv=0.0105666667 stable=1 metricVerified=1 worldUnitsPerMeter=0.99855119
[2026-10-10 03:28:56.413] [INFO] FRR_MOTION_V1 capture=707000 cohort=147 generation=1 model=2030390099 timeMs=770046 dt=0.254816622 valid=1 safe=1 grounded=1 x=536.505188 y=128.625092 z=2274.604 speed=49.981144 speedometer=49.9610214 absolute=49.981144 local=49.9811554 linear=49.981144 vx=0.0964711234 vy=-4.82136726 vz=-49.747963 slip=-6.10351562e-05 accepted=1 window=120 ratio=0.998466611 cv=0.0106266933 stable=1 metricVerified=1 worldUnitsPerMeter=0.99855119
[2026-10-10 03:28:56.624] [INFO] PostRace observation: phase=Roaming complete=1 liveCount=13 registryStatus=Stable observedRacerCount=0 capturedRaceCount=0 matchingRaceIdentities=0 readOnly=1 lifetimeProven=0
[2026-10-10 03:28:56.668] [INFO] FRR_MOTION_V1 capture=707000 cohort=147 generation=1 model=2030390099 timeMs=770312 dt=0.256339192 valid=1 safe=1 grounded=1 x=536.521057 y=127.325531 z=2261.88281 speed=50.5945587 speedometer=50.5723648 absolute=50.5945587 local=50.5945625 linear=50.5945587 vx=0.0405088738 vy=-5.28870916 vz=-50.3173637 slip=-1.52587891e-05 accepted=1 window=120 ratio=0.998504043 cv=0.010595317 stable=1 metricVerified=1 worldUnitsPerMeter=0.99855119
[2026-10-10 03:28:56.933] [INFO] FRR_MOTION_V1 capture=707000 cohort=147 generation=1 model=2030390099 timeMs=770578 dt=0.264231294 valid=1 safe=1 grounded=1 x=536.96759 y=125.898666 z=2248.646 speed=50.9410896 speedometer=50.9157715 absolute=50.9410896 local=50.9410934 linear=50.9410896 vx=2.90717244 vy=-5.65464354 vz=-50.5427322 slip=0.00199890137 accepted=1 window=120 ratio=0.998450816 cv=0.0106072156 stable=1 metricVerified=1 worldUnitsPerMeter=0.99855119
[2026-10-10 03:28:57.126] [INFO] PostRace observation: phase=Roaming complete=1 liveCount=13 registryStatus=Stable observedRacerCount=0 capturedRaceCount=0 matchingRaceIdentities=0 readOnly=1 lifetimeProven=0
[2026-10-10 03:28:57.195] [INFO] FRR_MOTION_V1 capture=707000 cohort=147 generation=1 model=2030390099 timeMs=770828 dt=0.261517614 valid=1 safe=1 grounded=1 x=538.122437 y=124.404953 z=2235.33008 speed=51.4397278 speedometer=51.2504845 absolute=51.4397278 local=51.4397507 linear=51.4397278 vx=4.66613388 vy=-5.6944356 vz=-50.9101753 slip=0.00587463379 accepted=1 window=120 ratio=0.998375893 cv=0.0105318837 stable=1 metricVerified=1 worldUnitsPerMeter=0.99855119
[2026-10-10 03:28:57.453] [INFO] FRR_MOTION_V1 capture=707000 cohort=147 generation=1 model=2030390099 timeMs=771093 dt=0.258642495 valid=1 safe=1 grounded=1 x=539.300354 y=122.904015 z=2222.11646 speed=51.9594727 speedometer=51.9332352 absolute=51.9594727 local=51.959465 linear=51.9594727 vx=3.9289155 vy=-5.87691212 vz=-51.476326 slip=-0.00201416016 accepted=1 window=120 ratio=0.998362899 cv=0.0105309915 stable=1 metricVerified=1 worldUnitsPerMeter=0.99855119
[2026-10-10 03:28:57.626] [INFO] PostRace observation: phase=Roaming complete=1 liveCount=13 registryStatus=Stable observedRacerCount=0 capturedRaceCount=0 matchingRaceIdentities=0 readOnly=1 lifetimeProven=0
[2026-10-10 03:28:57.714] [INFO] FRR_MOTION_V1 capture=707000 cohort=147 generation=1 model=2030390099 timeMs=771359 dt=0.260992616 valid=1 safe=1 grounded=1 x=540.012634 y=121.336853 z=2208.49927 speed=52.6039352 speedometer=52.5826797 absolute=52.6039352 local=52.6039391 linear=52.6039352 vx=1.70017946 vy=-5.98112535 vz=-52.2351379 slip=-0.00112915039 accepted=1 window=120 ratio=0.998449385 cv=0.0105490005 stable=1 metricVerified=1 worldUnitsPerMeter=0.99855119
[2026-10-10 03:28:57.982] [INFO] FRR_MOTION_V1 capture=707000 cohort=147 generation=1 model=2030390099 timeMs=771625 dt=0.267223001 valid=1 safe=1 grounded=1 x=540.287964 y=119.761635 z=2194.69531 speed=53.2546043 speedometer=53.2336617 absolute=53.2546043 local=53.2546158 linear=53.2546043 vx=0.57706511 vy=-6.06506157 vz=-52.9049606 slip=-0.000549316406 accepted=1 window=120 ratio=0.998234332 cv=0.0106113805 stable=1 metricVerified=1 worldUnitsPerMeter=0.99855119
[2026-10-10 03:28:58.123] [INFO] PostRace observation: phase=Roaming complete=1 liveCount=13 registryStatus=Stable observedRacerCount=0 capturedRaceCount=0 matchingRaceIdentities=0 readOnly=1 lifetimeProven=0
[2026-10-10 03:28:58.245] [INFO] FRR_MOTION_V1 capture=707000 cohort=147 generation=1 model=2030390099 timeMs=771890 dt=0.262706995 valid=1 safe=1 grounded=1 x=540.360168 y=118.1633 z=2180.45923 speed=54.3013268 speedometer=53.5306778 absolute=54.3013268 local=54.3013458 linear=54.3013268 vx=0.0251108184 vy=-5.8809123 vz=-53.981926 slip=-0.000259399414 accepted=1 window=120 ratio=0.998344719 cv=0.0107046971 stable=1 metricVerified=1 worldUnitsPerMeter=0.99855119
[2026-10-10 03:28:58.505] [INFO] FRR_MOTION_V1 capture=707000 cohort=147 generation=1 model=2030390099 timeMs=772140 dt=0.260388702 valid=1 safe=1 grounded=1 x=540.559448 y=116.802864 z=2166.65674 speed=52.5338745 speedometer=51.8772316 absolute=52.5338745 local=52.5338821 linear=52.5338745 vx=2.90113354 vy=-4.697855 vz=-52.2429085 slip=-0.00444030762 accepted=1 window=120 ratio=0.998424649 cv=0.010659161 stable=1 metricVerified=1 worldUnitsPerMeter=0.99855119
[2026-10-10 03:28:58.505] [INFO] Runtime state changed: mode=FreeRoamCandidate inWorld=1 raceMode=Roaming loading=0 inNIS=0 fade=0 flow=6 IVehicle=0x46EB41C PVehicle=0x46EB370 raceStatus=0xED291F8 roadNetwork=0x46CD390 pvehicleCount=15 playerCrossCheck=1 vehicles=13 human=1 traffic=10 cops=0 racers=0 none=2 nisCars=0 remote=0 unknown=0 cash=335950 careerCars=3 currentCarHandle=89 careerCompleted=0 profileKey=pseudonymous caps=[world:1,player:1,freeroam:1,road:1,roadNav:1,careerRead:1,spawnWrite:0,economyWrite:0,garageWrite:0] motion=[speed:52.534,speedometer:51.877,absSpeed:52.534,localMag:52.534,linearMag:52.534,slip:-0.004,wheels:4,units:engine/unverified] roadNav=[ai:0xECE270C,curSeg:0,curLane:0,curWidthWorld:0.0,curSpanWorld:0.0,curSegTime:0.000,curCurve:0.0000,curRoadOcc:0,curAvoidOcc:0,curOccBehind:0,futureSeg:0,futureLane:0,futureWidthWorld:0.0,navGapWorld:0.0,futureRoadOcc:0,futureAvoidOcc:0,seekDistWorld:2236.1,seekProjWorld:0.0,farDistWorld:2236.1,farProjWorld:0.0,playerPos:(540.6,116.8,2166.7),seek:(0.0,0.0,0.0),far:(0.0,0.0,0.0),units:world]
[2026-10-10 03:28:58.619] [INFO] PostRace observation: phase=Roaming complete=1 liveCount=13 registryStatus=Stable observedRacerCount=0 capturedRaceCount=0 matchingRaceIdentities=0 readOnly=1 lifetimeProven=0
[2026-10-10 03:28:58.769] [INFO] FRR_MOTION_V1 capture=707000 cohort=147 generation=1 model=2030390099 timeMs=772406 dt=0.263453305 valid=1 safe=1 grounded=1 x=542.109131 y=115.638283 z=2153.27759 speed=48.6506233 speedometer=47.1172905 absolute=48.6506233 local=48.6506157 linear=48.6506233 vx=9.10161018 vy=-4.04141808 vz=-47.6204872 slip=0.00415039062 accepted=1 window=120 ratio=0.998529971 cv=0.0107514793 stable=1 metricVerified=1 worldUnitsPerMeter=0.99855119
[2026-10-10 03:28:59.038] [INFO] FRR_MOTION_V1 capture=707000 cohort=147 generation=1 model=2030390099 timeMs=772671 dt=0.269553512 valid=1 safe=1 grounded=1 x=545.587952 y=114.65023 z=2141.40332 speed=44.9135895 speedometer=44.3266907 absolute=44.9135895 local=44.9136009 linear=44.9135895 vx=16.5727119 vy=-3.47005391 vz=-41.5996933 slip=0.0110626221 accepted=1 window=120 ratio=0.998446167 cv=0.0108234771 stable=1 metricVerified=1 worldUnitsPerMeter=0.99855119
[2026-10-10 03:28:59.038] [INFO] Runtime state changed: mode=FreeRoamCandidate inWorld=1 raceMode=Roaming loading=0 inNIS=0 fade=0 flow=6 IVehicle=0x46EB41C PVehicle=0x46EB370 raceStatus=0xED291F8 roadNetwork=0x46CD390 pvehicleCount=15 playerCrossCheck=1 vehicles=14 human=1 traffic=11 cops=0 racers=0 none=2 nisCars=0 remote=0 unknown=0 cash=335950 careerCars=3 currentCarHandle=89 careerCompleted=0 profileKey=pseudonymous caps=[world:1,player:1,freeroam:1,road:1,roadNav:1,careerRead:1,spawnWrite:0,economyWrite:0,garageWrite:0] motion=[speed:44.914,speedometer:44.327,absSpeed:44.914,localMag:44.914,linearMag:44.914,slip:0.011,wheels:4,units:engine/unverified] roadNav=[ai:0xECE270C,curSeg:0,curLane:0,curWidthWorld:0.0,curSpanWorld:0.0,curSegTime:0.000,curCurve:0.0000,curRoadOcc:0,curAvoidOcc:0,curOccBehind:0,futureSeg:0,futureLane:0,futureWidthWorld:0.0,navGapWorld:0.0,futureRoadOcc:0,futureAvoidOcc:0,seekDistWorld:2212.8,seekProjWorld:0.0,farDistWorld:2212.8,farProjWorld:0.0,playerPos:(545.6,114.7,2141.4),seek:(0.0,0.0,0.0),far:(0.0,0.0,0.0),units:world]
[2026-10-10 03:28:59.119] [INFO] PostRace observation: phase=Roaming complete=1 liveCount=14 registryStatus=Stable observedRacerCount=0 capturedRaceCount=0 matchingRaceIdentities=0 readOnly=1 lifetimeProven=0
[2026-10-10 03:28:59.303] [INFO] FRR_MOTION_V1 capture=707000 cohort=147 generation=1 model=2030390099 timeMs=772937 dt=0.264372408 valid=1 safe=1 grounded=1 x=549.941467 y=113.771774 z=2130.56006 speed=42.9775085 speedometer=42.7197266 absolute=42.9775085 local=42.9775047 linear=42.9775085 vx=14.2606459 vy=-3.31787515 vz=-40.4065819 slip=0.0483551025 accepted=1 window=120 ratio=0.99847424 cv=0.0108450735 stable=1 metricVerified=1 worldUnitsPerMeter=0.99855119
[2026-10-10 03:28:59.569] [INFO] FRR_MOTION_V1 capture=707000 cohort=147 generation=1 model=2030390099 timeMs=773203 dt=0.266409397 valid=1 safe=1 grounded=1 x=553.389221 y=112.934151 z=2120.00415 speed=40.1141129 speedometer=40.1688271 absolute=40.1141129 local=40.1141243 linear=40.1141129 vx=12.0156393 vy=-2.96311355 vz=-38.1573906 slip=0.0650939941 accepted=1 window=120 ratio=0.998524606 cv=0.0108660562 stable=1 metricVerified=1 worldUnitsPerMeter=0.99855119
[2026-10-10 03:28:59.621] [INFO] PostRace observation: phase=Roaming complete=1 liveCount=14 registryStatus=Stable observedRacerCount=0 capturedRaceCount=0 matchingRaceIdentities=0 readOnly=1 lifetimeProven=0
[2026-10-10 03:28:59.818] [INFO] FRR_MOTION_V1 capture=707000 cohort=147 generation=1 model=2030390099 timeMs=773453 dt=0.250215799 valid=1 safe=1 grounded=1 x=556.218079 y=112.219452 z=2110.73804 speed=37.9073067 speedometer=37.9509811 absolute=37.9073067 local=37.9073029 linear=37.9073067 vx=10.6597271 vy=-2.81267858 vz=-36.2687607 slip=0.0669708252 accepted=1 window=120 ratio=0.998434424 cv=0.0108489655 stable=1 metricVerified=1 worldUnitsPerMeter=0.99855119
[2026-10-10 03:29:00.070] [INFO] FRR_MOTION_V1 capture=707000 cohort=147 generation=1 model=2030390099 timeMs=773703 dt=0.251178592 valid=1 safe=1 grounded=1 x=558.643799 y=111.544945 z=2101.85474 speed=35.9990311 speedometer=36.0749397 absolute=35.9990311 local=35.9990425 linear=35.9990311 vx=8.51618481 vy=-2.64413404 vz=-34.8771172 slip=0.0630645752 accepted=1 window=120 ratio=0.998352647 cv=0.0108402176 stable=1 metricVerified=1 worldUnitsPerMeter=0.99855119
[2026-10-10 03:29:00.124] [INFO] PostRace observation: phase=Roaming complete=1 liveCount=14 registryStatus=Stable observedRacerCount=0 capturedRaceCount=0 matchingRaceIdentities=0 readOnly=1 lifetimeProven=0
[2026-10-10 03:29:00.326] [INFO] FRR_MOTION_V1 capture=707000 cohort=147 generation=1 model=2030390099 timeMs=773968 dt=0.256770581 valid=1 safe=1 grounded=1 x=560.309631 y=110.899216 z=2093.12549 speed=33.1287804 speedometer=33.5354385 absolute=33.1287804 local=33.1287804 linear=33.1287804 vx=4.25523376 vy=-2.4227109 vz=-32.7649117 slip=0.0530853271 accepted=1 window=120 ratio=0.998500884 cv=0.0107925171 stable=1 metricVerified=1 worldUnitsPerMeter=0.99855119
[2026-10-10 03:29:00.326] [INFO] Runtime state changed: mode=FreeRoamCandidate inWorld=1 raceMode=Roaming loading=0 inNIS=0 fade=0 flow=6 IVehicle=0x46EB41C PVehicle=0x46EB370 raceStatus=0xED291F8 roadNetwork=0x46CD390 pvehicleCount=16 playerCrossCheck=1 vehicles=14 human=1 traffic=11 cops=0 racers=0 none=2 nisCars=0 remote=0 unknown=0 cash=335950 careerCars=3 currentCarHandle=89 careerCompleted=0 profileKey=pseudonymous caps=[world:1,player:1,freeroam:1,road:1,roadNav:1,careerRead:1,spawnWrite:0,economyWrite:0,garageWrite:0] motion=[speed:33.129,speedometer:33.535,absSpeed:33.129,localMag:33.129,linearMag:33.129,slip:0.053,wheels:4,units:engine/unverified] roadNav=[ai:0xECE270C,curSeg:0,curLane:0,curWidthWorld:0.0,curSpanWorld:0.0,curSegTime:0.000,curCurve:0.0000,curRoadOcc:0,curAvoidOcc:0,curOccBehind:0,futureSeg:0,futureLane:0,futureWidthWorld:0.0,navGapWorld:0.0,futureRoadOcc:0,futureAvoidOcc:0,seekDistWorld:2169.7,seekProjWorld:0.0,farDistWorld:2169.7,farProjWorld:0.0,playerPos:(560.3,110.9,2093.1),seek:(0.0,0.0,0.0),far:(0.0,0.0,0.0),units:world]
[2026-10-10 03:29:00.583] [INFO] FRR_MOTION_V1 capture=707000 cohort=147 generation=1 model=2030390099 timeMs=774218 dt=0.256625593 valid=1 safe=1 grounded=1 x=560.762634 y=110.326675 z=2085.07397 speed=30.5920753 speedometer=30.5409355 absolute=30.5920753 local=30.5920696 linear=30.5920753 vx=-0.331677139 vy=-2.12436819 vz=-30.5164242 slip=0.029800415 accepted=1 window=120 ratio=0.998330712 cv=0.0107851122 stable=1 metricVerified=1 worldUnitsPerMeter=0.99855119
[2026-10-10 03:29:00.618] [INFO] PostRace observation: phase=Roaming complete=1 liveCount=14 registryStatus=Stable observedRacerCount=0 capturedRaceCount=0 matchingRaceIdentities=0 readOnly=1 lifetimeProven=0
[2026-10-10 03:29:00.841] [INFO] FRR_MOTION_V1 capture=707000 cohort=147 generation=1 model=2030390099 timeMs=774484 dt=0.257546484 valid=1 safe=1 grounded=1 x=560.101135 y=109.807121 z=2077.50488 speed=28.176218 speedometer=26.0943241 absolute=28.176218 local=28.1762257 linear=28.176218 vx=-4.55773115 vy=-1.83090997 vz=-27.7448044 slip=-0.0107574463 accepted=1 window=120 ratio=0.998402894 cv=0.0108086942 stable=1 metricVerified=1 worldUnitsPerMeter=0.99855119
[2026-10-10 03:29:01.098] [INFO] FRR_MOTION_V1 capture=707000 cohort=147 generation=1 model=2030390099 timeMs=774734 dt=0.256527811 valid=1 safe=1 grounded=1 x=558.520142 y=109.381638 z=2071.06055 speed=24.0295029 speedometer=16.663456 absolute=24.0295029 local=24.0295067 linear=24.0295029 vx=-7.48297882 vy=-1.50583982 vz=-22.7849636 slip=-0.0648345947 accepted=1 window=120 ratio=0.998385966 cv=0.0108157955 stable=1 metricVerified=1 worldUnitsPerMeter=0.99855119
[2026-10-10 03:29:01.098] [INFO] Runtime heartbeat: mode=FreeRoamCandidate inWorld=1 raceMode=Roaming loading=0 inNIS=0 fade=0 flow=6 IVehicle=0x46EB41C PVehicle=0x46EB370 raceStatus=0xED291F8 roadNetwork=0x46CD390 pvehicleCount=16 playerCrossCheck=1 vehicles=14 human=1 traffic=11 cops=0 racers=0 none=2 nisCars=0 remote=0 unknown=0 cash=335950 careerCars=3 currentCarHandle=89 careerCompleted=0 profileKey=pseudonymous caps=[world:1,player:1,freeroam:1,road:1,roadNav:1,careerRead:1,spawnWrite:0,economyWrite:0,garageWrite:0] motion=[speed:24.030,speedometer:16.663,absSpeed:24.030,localMag:24.030,linearMag:24.030,slip:-0.065,wheels:4,units:engine/unverified] roadNav=[ai:0xECE270C,curSeg:0,curLane:0,curWidthWorld:0.0,curSpanWorld:0.0,curSegTime:0.000,curCurve:0.0000,curRoadOcc:0,curAvoidOcc:0,curOccBehind:0,futureSeg:0,futureLane:0,futureWidthWorld:0.0,navGapWorld:0.0,futureRoadOcc:0,futureAvoidOcc:0,seekDistWorld:2147.8,seekProjWorld:0.0,farDistWorld:2147.8,farProjWorld:0.0,playerPos:(558.5,109.4,2071.1),seek:(0.0,0.0,0.0),far:(0.0,0.0,0.0),units:world]
[2026-10-10 03:29:01.098] [INFO] Vehicle-spatial observation: registryComplete=1 registryCount=14 enabledActive=11 ignoredInactive=3 boxes=11 failedSpatialReads=0 halfExtentSemanticsResearchBacked=1 learnedModels=11 verifiedLearnedModels=11 catalogFootprintKey=0x79054B53
[2026-10-10 03:29:01.098] [INFO] Primary-camera observation: coherent=1 viewId=1 coordinateMapping=sim(z,-x,y)_to_render fullPlayerViewCoverageVerified=0 renderEnvelopeVerified=0 spawnVisibilityVerified=0
[2026-10-10 03:29:01.098] [INFO] Road-candidate observations: count=4 exactUsable=0 [CurrentRoad:RoadInvalid,seg=0,lane=0,distWorld=2147.8,projWorld=0.0,pointOccupancy=clear,fleetChecked=11,fleetInvalid=0,nearestVehicleGapWorld=1833.4,selectedRivalId=18331059014694192571,selectedVehicleKey=0x79054b53,preconstructionOverlap=unverified,overlapVerified=0,promotion=RoadInvalid,primaryCamera=unverified,separatingPlane=-1,completeSpawnVisibilityVerified=0] [FutureRoad:RoadInvalid,seg=0,lane=0,distWorld=2147.8,projWorld=0.0,pointOccupancy=clear,fleetChecked=11,fleetInvalid=0,nearestVehicleGapWorld=1833.4,selectedRivalId=18331059014694192571,selectedVehicleKey=0x79054b53,preconstructionOverlap=unverified,overlapVerified=0,promotion=RoadInvalid,primaryCamera=unverified,separatingPlane=-1,completeSpawnVisibilityVerified=0] [SeekAhead:RoadGeometryAssociationUnverified,seg=0,lane=0,distWorld=2147.8,projWorld=0.0,pointOccupancy=clear,fleetChecked=11,fleetInvalid=0,nearestVehicleGapWorld=1833.4,selectedRivalId=18331059014694192571,selectedVehicleKey=0x79054b53,preconstructionOverlap=unverified,overlapVerified=0,promotion=RoadGeometryAssociationUnverified,primaryCamera=unverified,separatingPlane=-1,completeSpawnVisibilityVerified=0] [FarFuture:RoadGeometryAssociationUnverified,seg=0,lane=0,distWorld=2147.8,projWorld=0.0,pointOccupancy=clear,fleetChecked=11,fleetInvalid=0,nearestVehicleGapWorld=1833.4,selectedRivalId=18331059014694192571,selectedVehicleKey=0x79054b53,preconstructionOverlap=unverified,overlapVerified=0,promotion=RoadGeometryAssociationUnverified,primaryCamera=unverified,separatingPlane=-1,completeSpawnVisibilityVerified=0]
[2026-10-10 03:29:01.098] [INFO] World-collision evidence: addressAvailable=1 gameplayThreadConfirmed=1 result=pending_or_unavailable cameraVisibilityVerified=0 streamingVerified=0
[2026-10-10 03:29:01.098] [INFO] Motion-scale observation: accepted=163 rejected=11 window=120 worldUnitsPerSpeedUnitSecond=0.99839 cv=0.01082 speedometerToSpeedRatio=0.99301 absoluteToSpeedRatio=1.00000 speedToLocalRatio=1.00000 speedToLinearRatio=1.00000 stable=1 metricVerified=1 worldUnitsPerMeter=0.99855
[2026-10-10 03:29:01.128] [INFO] PostRace observation: phase=Roaming complete=1 liveCount=14 registryStatus=Stable observedRacerCount=0 capturedRaceCount=0 matchingRaceIdentities=0 readOnly=1 lifetimeProven=0
[2026-10-10 03:29:01.354] [INFO] FRR_MOTION_V1 capture=707000 cohort=147 generation=1 model=2030390099 timeMs=775000 dt=0.256764621 valid=1 safe=1 grounded=1 x=556.467712 y=109.048729 z=2065.85107 speed=20.2154751 speedometer=9.90778542 absolute=20.2154751 local=20.2154808 linear=20.2154751 vx=-8.40989494 vy=-1.14579809 vz=-18.3473778 slip=-0.115463257 accepted=1 window=120 ratio=0.998218417 cv=0.0108297635 stable=1 metricVerified=1 worldUnitsPerMeter=0.99855119
[2026-10-10 03:29:01.414] [INFO] Runtime hook health after 68s: renderFrames=9637 inputPolls=0 gameplayLoopCalls=9643 gameplayLoopCompleted=9642 gameplayCallbacks=9642 gameplayLoopInstalled=1 gameplayLoopSourceVerified=1 gameplayLoopThreadConsistent=1 gameplayLoopThread=3548 frameTicks=9643 samples=322 challengeFallbackPresses=0 renderThread=3548 inputThread=0 frameTickThread=3548 renderWorkerStarted=1 endSceneInstalled=1 presentInstalled=1 endSceneCalls=9637 presentCalls=9637 deviceGlobal=0x982bdc device=0x95fd800 vtable=0x960075c frameTickEqualsGameplayLoop=1 frameTickEqualsRender=1
[2026-10-10 03:29:01.414] [INFO] Construction readiness after 68s: BLOCKED blocker=ExactRoadCandidateUnavailable gameplayThreadConfirmed=1 freeRoamObserved=1 roadLookaheadObserved=1 exactRoadCandidateObserved=0 vehicleSpatialEvidenceObserved=1 vehicleFootprintVerified=1 verifiedFootprintVehicleKey=0x79054B53 groundEvidenceVerified=0 worldOcclusionEvidenceObserved=0 metricCalibrationVerified=1 worldUnitsPerMeter=0.998551 spawnCandidateVerified=0
[2026-10-10 03:29:01.610] [INFO] FRR_MOTION_V1 capture=707000 cohort=147 generation=1 model=2030390099 timeMs=775250 dt=0.25509271 valid=1 safe=1 grounded=1 x=554.295044 y=108.78952 z=2061.69238 speed=16.2563496 speedometer=5.91072226 absolute=16.2563496 local=16.2563496 linear=16.2563496 vx=-8.20338631 vy=-0.865203023 vz=-14.0080252 slip=-0.140945435 accepted=1 window=120 ratio=0.998371243 cv=0.0108664576 stable=1 metricVerified=1 worldUnitsPerMeter=0.99855119
[2026-10-10 03:29:01.619] [INFO] PostRace observation: phase=Roaming complete=1 liveCount=14 registryStatus=Stable observedRacerCount=0 capturedRaceCount=0 matchingRaceIdentities=0 readOnly=1 lifetimeProven=0
[2026-10-10 03:29:01.868] [INFO] FRR_MOTION_V1 capture=707000 cohort=147 generation=1 model=2030390099 timeMs=775500 dt=0.258388698 valid=1 safe=1 grounded=1 x=552.29834 y=108.609818 z=2058.62964 speed=12.3368855 speedometer=4.17355061 absolute=12.3368855 local=12.3368874 linear=12.3368855 vx=-7.32773924 vy=-0.569982409 vz=-9.90848637 slip=-0.14654541 accepted=0 window=0 ratio=0 cv=0 stable=0 metricVerified=1 worldUnitsPerMeter=0.99855119
[2026-10-10 03:29:02.095] [INFO] FRR_MOTION_V1 capture=707000 cohort=147 generation=1 model=2030390099 timeMs=775734 dt=0.227567196 valid=1 safe=1 grounded=1 x=550.676575 y=108.505951 z=2056.76782 speed=9.35366344 speedometer=4.1160121 absolute=9.35366344 local=9.35366344 linear=9.35366344 vx=-6.81901741 vy=-0.342437655 vz=-6.39333677 slip=-0.129623413 accepted=0 window=0 ratio=0 cv=0 stable=0 metricVerified=1 worldUnitsPerMeter=0.99855119
[2026-10-10 03:29:02.124] [INFO] PostRace observation: phase=Roaming complete=1 liveCount=14 registryStatus=Stable observedRacerCount=0 capturedRaceCount=0 matchingRaceIdentities=0 readOnly=1 lifetimeProven=0
[2026-10-10 03:29:02.299] [INFO] FRR_MOTION_V1 capture=707000 cohort=147 generation=1 model=2030390099 timeMs=775937 dt=0.203559205 valid=1 safe=1 grounded=1 x=549.342957 y=108.45665 z=2055.79883 speed=6.98191214 speedometer=5.47640133 absolute=6.98191214 local=6.98191309 linear=6.98191214 vx=-6.23765993 vy=-0.145201117 vz=-3.13330698 slip=-0.0911865234 accepted=0 window=0 ratio=0 cv=0 stable=0 metricVerified=1 worldUnitsPerMeter=0.99855119
[2026-10-10 03:29:02.493] [INFO] FRR_MOTION_V1 capture=707000 cohort=147 generation=1 model=2030390099 timeMs=776140 dt=0.193998396 valid=1 safe=1 grounded=1 x=548.194763 y=108.447418 z=2055.50977 speed=5.44579124 speedometer=5.04697418 absolute=5.44579124 local=5.44579124 linear=5.44579124 vx=-5.4440279 vy=0.0533243828 vz=0.127910063 slip=-0.019821167 accepted=1 window=1 ratio=0.982230604 cv=0 stable=0 metricVerified=1 worldUnitsPerMeter=0.99855119
[2026-10-10 03:29:02.620] [INFO] PostRace observation: phase=Roaming complete=1 liveCount=14 registryStatus=Stable observedRacerCount=0 capturedRaceCount=0 matchingRaceIdentities=0 readOnly=1 lifetimeProven=0
[2026-10-10 03:29:02.684] [INFO] FRR_MOTION_V1 capture=707000 cohort=147 generation=1 model=2030390099 timeMs=776328 dt=0.191198394 valid=1 safe=1 grounded=1 x=547.219116 y=108.472984 z=2055.76953 speed=5.27586794 speedometer=5.7069869 absolute=5.27586794 local=5.27586842 linear=5.27586794 vx=-4.85829592 vy=0.175547302 vz=2.04961634 slip=0.030670166 accepted=1 window=2 ratio=0.983787298 cv=0.0015823486 stable=0 metricVerified=1 worldUnitsPerMeter=0.99855119
[2026-10-10 03:29:02.885] [INFO] FRR_MOTION_V1 capture=707000 cohort=147 generation=1 model=2030390099 timeMs=776531 dt=0.201370403 valid=1 safe=1 grounded=1 x=546.284302 y=108.516792 z=2056.31836 speed=5.62172842 speedometer=6.30384064 absolute=5.62172842 local=5.62172842 linear=5.62172842 vx=-4.47768831 vy=0.250997484 vz=3.38985825 slip=0.050567627 accepted=1 window=3 ratio=0.98544693 cv=0.0027085538 stable=0 metricVerified=1 worldUnitsPerMeter=0.99855119
[2026-10-10 03:29:03.092] [INFO] FRR_MOTION_V1 capture=707000 cohort=147 generation=1 model=2030390099 timeMs=776734 dt=0.206542403 valid=1 safe=1 grounded=1 x=545.414307 y=108.578064 z=2057.16406 speed=6.24292898 speedometer=7.16250658 absolute=6.24292898 local=6.2429285 linear=6.24292898 vx=-4.04523802 vy=0.34164089 vz=4.74273062 slip=0.0534515381 accepted=1 window=4 ratio=0.98695755 cv=0.00353743089 stable=0 metricVerified=1 worldUnitsPerMeter=0.99855119
[2026-10-10 03:29:03.120] [INFO] PostRace observation: phase=Roaming complete=1 liveCount=14 registryStatus=Stable observedRacerCount=0 capturedRaceCount=0 matchingRaceIdentities=0 readOnly=1 lifetimeProven=0
[2026-10-10 03:29:03.311] [INFO] FRR_MOTION_V1 capture=707000 cohort=147 generation=1 model=2030390099 timeMs=776953 dt=0.219058588 valid=1 safe=1 grounded=1 x=544.627563 y=108.663094 z=2058.37964 speed=6.92402792 speedometer=8.04533291 absolute=6.92402792 local=6.92402792 linear=6.92402792 vx=-2.9478488 vy=0.423634887 vz=6.25083065 slip=0.0482635498 accepted=1 window=5 ratio=0.990715384 cv=0.00821485836 stable=0 metricVerified=1 worldUnitsPerMeter=0.99855119
[2026-10-10 03:29:03.540] [INFO] FRR_MOTION_V1 capture=707000 cohort=147 generation=1 model=2030390099 timeMs=777187 dt=0.228992999 valid=1 safe=1 grounded=1 x=544.224976 y=108.769669 z=2059.99854 speed=7.92130852 speedometer=9.44392014 absolute=7.92130852 local=7.92130852 linear=7.92130852 vx=-0.546551168 vy=0.506420135 vz=7.88618708 slip=0.0484008789 accepted=1 window=6 ratio=0.989504099 cv=0.00799169019 stable=0 metricVerified=1 worldUnitsPerMeter=0.99855119
[2026-10-10 03:29:03.622] [INFO] PostRace observation: phase=Roaming complete=1 liveCount=14 registryStatus=Stable observedRacerCount=0 capturedRaceCount=0 matchingRaceIdentities=0 readOnly=1 lifetimeProven=0
[2026-10-10 03:29:03.789] [INFO] FRR_MOTION_V1 capture=707000 cohort=147 generation=1 model=2030390099 timeMs=777421 dt=0.249740705 valid=1 safe=1 grounded=1 x=544.523865 y=108.903427 z=2062.08105 speed=9.17479038 speedometer=10.2901554 absolute=9.17479038 local=9.17479038 linear=9.17479038 vx=2.09903455 vy=0.543613493 vz=8.91489315 slip=0.0222167969 accepted=1 window=7 ratio=0.98921752 cv=0.0074349544 stable=0 metricVerified=1 worldUnitsPerMeter=0.99855119
[2026-10-10 03:29:03.789] [INFO] Runtime state changed: mode=FreeRoamCandidate inWorld=1 raceMode=Roaming loading=0 inNIS=0 fade=0 flow=6 IVehicle=0x46EB41C PVehicle=0x46EB370 raceStatus=0xED291F8 roadNetwork=0x46CD390 pvehicleCount=16 playerCrossCheck=1 vehicles=15 human=1 traffic=12 cops=0 racers=0 none=2 nisCars=0 remote=0 unknown=0 cash=335950 careerCars=3 currentCarHandle=89 careerCompleted=0 profileKey=pseudonymous caps=[world:1,player:1,freeroam:1,road:1,roadNav:1,careerRead:1,spawnWrite:0,economyWrite:0,garageWrite:0] motion=[speed:9.175,speedometer:10.290,absSpeed:9.175,localMag:9.175,linearMag:9.175,slip:0.022,wheels:4,units:engine/unverified] roadNav=[ai:0xECE270C,curSeg:0,curLane:0,curWidthWorld:0.0,curSpanWorld:0.0,curSegTime:0.000,curCurve:0.0000,curRoadOcc:0,curAvoidOcc:0,curOccBehind:0,futureSeg:0,futureLane:0,futureWidthWorld:0.0,navGapWorld:0.0,futureRoadOcc:0,futureAvoidOcc:0,seekDistWorld:2135.5,seekProjWorld:0.0,farDistWorld:2135.5,farProjWorld:0.0,playerPos:(544.5,108.9,2062.1),seek:(0.0,0.0,0.0),far:(0.0,0.0,0.0),units:world]
[2026-10-10 03:29:04.035] [INFO] FRR_MOTION_V1 capture=707000 cohort=147 generation=1 model=2030390099 timeMs=777671 dt=0.244647205 valid=1 safe=1 grounded=1 x=545.106628 y=109.055557 z=2064.48584 speed=10.8451672 speedometer=10.477047 absolute=10.8451672 local=10.8451681 linear=10.8451672 vx=2.45171785 vy=0.666306496 vz=10.543376 slip=-0.0432891846 accepted=1 window=8 ratio=0.992104173 cv=0.0103610391 stable=0 metricVerified=1 worldUnitsPerMeter=0.99855119
[2026-10-10 03:29:04.122] [INFO] PostRace observation: phase=Roaming complete=1 liveCount=15 registryStatus=Stable observedRacerCount=0 capturedRaceCount=0 matchingRaceIdentities=0 readOnly=1 lifetimeProven=0
[2026-10-10 03:29:04.277] [INFO] FRR_MOTION_V1 capture=707000 cohort=147 generation=1 model=2030390099 timeMs=777921 dt=0.242960498 valid=1 safe=1 grounded=1 x=545.556274 y=109.224968 z=2067.13257 speed=11.3475113 speedometer=10.7550812 absolute=11.3475113 local=11.3475113 linear=11.3475113 vx=1.72355473 vy=0.722109795 vz=11.1925831 slip=-0.096282959 accepted=1 window=9 ratio=0.992735028 cv=0.00992633682 stable=0 metricVerified=1 worldUnitsPerMeter=0.99855119
[2026-10-10 03:29:04.519] [INFO] FRR_MOTION_V1 capture=707000 cohort=147 generation=1 model=2030390099 timeMs=778156 dt=0.2422833 valid=1 safe=1 grounded=1 x=546.061157 y=109.399971 z=2069.83691 speed=11.4571238 speedometer=11.2128172 absolute=11.4571238 local=11.4571247 linear=11.4571238 vx=2.48568797 vy=0.717416286 vz=11.1611986 slip=-0.101699829 accepted=1 window=10 ratio=0.99324578 cv=0.00953770988 stable=0 metricVerified=1 worldUnitsPerMeter=0.99855119
[2026-10-10 03:29:04.626] [INFO] PostRace observation: phase=Roaming complete=1 liveCount=15 registryStatus=Stable observedRacerCount=0 capturedRaceCount=0 matchingRaceIdentities=0 readOnly=1 lifetimeProven=0
[2026-10-10 03:29:04.765] [INFO] FRR_MOTION_V1 capture=707000 cohort=147 generation=1 model=2030390099 timeMs=778406 dt=0.244821906 valid=1 safe=1 grounded=1 x=546.760986 y=109.577713 z=2072.56201 speed=11.452445 speedometer=11.3945503 absolute=11.452445 local=11.4524441 linear=11.452445 vx=3.18819785 vy=0.733738363 vz=10.9752226 slip=-0.0927886963 accepted=1 window=11 ratio=0.994337976 cv=0.00972530339 stable=0 metricVerified=1 worldUnitsPerMeter=0.99855119
[2026-10-10 03:29:05.012] [INFO] FRR_MOTION_V1 capture=707000 cohort=147 generation=1 model=2030390099 timeMs=778656 dt=0.2470828 valid=1 safe=1 grounded=1 x=547.621582 y=109.751343 z=2075.23535 speed=11.44203 speedometer=11.5848475 absolute=11.44203 local=11.4420309 linear=11.44203 vx=3.83430696 vy=0.685777187 vz=10.7586174 slip=-0.0741119385 accepted=1 window=12 ratio=0.994379461 cv=0.00931190792 stable=1 metricVerified=1 worldUnitsPerMeter=0.99855119
[2026-10-10 03:29:05.118] [INFO] PostRace observation: phase=Roaming complete=1 liveCount=15 registryStatus=Stable observedRacerCount=0 capturedRaceCount=0 matchingRaceIdentities=0 readOnly=1 lifetimeProven=0
[2026-10-10 03:29:05.258] [INFO] FRR_MOTION_V1 capture=707000 cohort=147 generation=1 model=2030390099 timeMs=778890 dt=0.246501908 valid=1 safe=1 grounded=1 x=549.043274 y=109.900597 z=2077.63745 speed=11.7237225 speedometer=12.1583633 absolute=11.7237225 local=11.7237225 linear=11.7237225 vx=7.56917334 vy=0.535158753 vz=8.93682766 slip=-0.0022277832 accepted=1 window=13 ratio=0.993197322 cv=0.00986059848 stable=1 metricVerified=1 worldUnitsPerMeter=0.99855119
[2026-10-10 03:29:05.258] [INFO] Runtime state changed: mode=FreeRoamCandidate inWorld=1 raceMode=Roaming loading=0 inNIS=0 fade=0 flow=6 IVehicle=0x46EB41C PVehicle=0x46EB370 raceStatus=0xED291F8 roadNetwork=0x46CD390 pvehicleCount=17 playerCrossCheck=1 vehicles=15 human=1 traffic=12 cops=0 racers=0 none=2 nisCars=0 remote=0 unknown=0 cash=335950 careerCars=3 currentCarHandle=89 careerCompleted=0 profileKey=pseudonymous caps=[world:1,player:1,freeroam:1,road:1,roadNav:1,careerRead:1,spawnWrite:0,economyWrite:0,garageWrite:0] motion=[speed:11.724,speedometer:12.158,absSpeed:11.724,localMag:11.724,linearMag:11.724,slip:-0.002,wheels:4,units:engine/unverified] roadNav=[ai:0xECE270C,curSeg:0,curLane:0,curWidthWorld:0.0,curSpanWorld:0.0,curSegTime:0.000,curCurve:0.0000,curRoadOcc:0,curAvoidOcc:0,curOccBehind:0,futureSeg:0,futureLane:0,futureWidthWorld:0.0,navGapWorld:0.0,futureRoadOcc:0,futureAvoidOcc:0,seekDistWorld:2151.8,seekProjWorld:0.0,farDistWorld:2151.8,farProjWorld:0.0,playerPos:(549.0,109.9,2077.6),seek:(0.0,0.0,0.0),far:(0.0,0.0,0.0),units:world]
[2026-10-10 03:29:05.511] [INFO] FRR_MOTION_V1 capture=707000 cohort=147 generation=1 model=2030390099 timeMs=779156 dt=0.252864599 valid=1 safe=1 grounded=1 x=550.958984 y=110.049538 z=2080.11035 speed=12.3485289 speedometer=12.7016554 absolute=12.3485289 local=12.3485289 linear=12.3485289 vx=6.73527908 vy=0.648232281 vz=10.3296652 slip=-0.0107421875 accepted=1 window=14 ratio=0.995752335 cv=0.0132443188 stable=1 metricVerified=1 worldUnitsPerMeter=0.99855119
[2026-10-10 03:29:05.626] [INFO] PostRace observation: phase=Roaming complete=1 liveCount=15 registryStatus=Stable observedRacerCount=0 capturedRaceCount=0 matchingRaceIdentities=0 readOnly=1 lifetimeProven=0
[2026-10-10 03:29:05.761] [INFO] FRR_MOTION_V1 capture=707000 cohort=147 generation=1 model=2030390099 timeMs=779406 dt=0.249553606 valid=1 safe=1 grounded=1 x=552.377075 y=110.225975 z=2082.78369 speed=12.4763517 speedometer=12.9815779 absolute=12.4763517 local=12.4763517 linear=12.4763517 vx=5.21912384 vy=0.765828311 vz=11.3063526 slip=-0.00721740723 accepted=1 window=15 ratio=0.994609475 cv=0.0135121141 stable=1 metricVerified=1 worldUnitsPerMeter=0.99855119
[2026-10-10 03:29:05.761] [INFO] Runtime heartbeat: mode=FreeRoamCandidate inWorld=1 raceMode=Roaming loading=0 inNIS=0 fade=0 flow=6 IVehicle=0x46EB41C PVehicle=0x46EB370 raceStatus=0xED291F8 roadNetwork=0x46CD390 pvehicleCount=17 playerCrossCheck=1 vehicles=15 human=1 traffic=12 cops=0 racers=0 none=2 nisCars=0 remote=0 unknown=0 cash=335950 careerCars=3 currentCarHandle=89 careerCompleted=0 profileKey=pseudonymous caps=[world:1,player:1,freeroam:1,road:1,roadNav:1,careerRead:1,spawnWrite:0,economyWrite:0,garageWrite:0] motion=[speed:12.476,speedometer:12.982,absSpeed:12.476,localMag:12.476,linearMag:12.476,slip:-0.007,wheels:4,units:engine/unverified] roadNav=[ai:0xECE270C,curSeg:0,curLane:0,curWidthWorld:0.0,curSpanWorld:0.0,curSegTime:0.000,curCurve:0.0000,curRoadOcc:0,curAvoidOcc:0,curOccBehind:0,futureSeg:0,futureLane:0,futureWidthWorld:0.0,navGapWorld:0.0,futureRoadOcc:0,futureAvoidOcc:0,seekDistWorld:2157.6,seekProjWorld:0.0,farDistWorld:2157.6,farProjWorld:0.0,playerPos:(552.4,110.2,2082.8),seek:(0.0,0.0,0.0),far:(0.0,0.0,0.0),units:world]
[2026-10-10 03:29:05.761] [INFO] Vehicle-spatial observation: registryComplete=1 registryCount=15 enabledActive=12 ignoredInactive=3 boxes=12 failedSpatialReads=0 halfExtentSemanticsResearchBacked=1 learnedModels=11 verifiedLearnedModels=11 catalogFootprintKey=0x79054B53
[2026-10-10 03:29:05.761] [INFO] Primary-camera observation: coherent=1 viewId=1 coordinateMapping=sim(z,-x,y)_to_render fullPlayerViewCoverageVerified=0 renderEnvelopeVerified=0 spawnVisibilityVerified=0
[2026-10-10 03:29:05.761] [INFO] Road-candidate observations: count=4 exactUsable=0 [CurrentRoad:RoadInvalid,seg=0,lane=0,distWorld=2157.6,projWorld=0.0,pointOccupancy=clear,fleetChecked=12,fleetInvalid=0,nearestVehicleGapWorld=1763.5,selectedRivalId=18331059014694192571,selectedVehicleKey=0x79054b53,preconstructionOverlap=unverified,overlapVerified=0,promotion=RoadInvalid,primaryCamera=unverified,separatingPlane=-1,completeSpawnVisibilityVerified=0] [FutureRoad:RoadInvalid,seg=0,lane=0,distWorld=2157.6,projWorld=0.0,pointOccupancy=clear,fleetChecked=12,fleetInvalid=0,nearestVehicleGapWorld=1763.5,selectedRivalId=18331059014694192571,selectedVehicleKey=0x79054b53,preconstructionOverlap=unverified,overlapVerified=0,promotion=RoadInvalid,primaryCamera=unverified,separatingPlane=-1,completeSpawnVisibilityVerified=0] [SeekAhead:RoadGeometryAssociationUnverified,seg=0,lane=0,distWorld=2157.6,projWorld=0.0,pointOccupancy=clear,fleetChecked=12,fleetInvalid=0,nearestVehicleGapWorld=1763.5,selectedRivalId=18331059014694192571,selectedVehicleKey=0x79054b53,preconstructionOverlap=unverified,overlapVerified=0,promotion=RoadGeometryAssociationUnverified,primaryCamera=unverified,separatingPlane=-1,completeSpawnVisibilityVerified=0] [FarFuture:RoadGeometryAssociationUnverified,seg=0,lane=0,distWorld=2157.6,projWorld=0.0,pointOccupancy=clear,fleetChecked=12,fleetInvalid=0,nearestVehicleGapWorld=1763.5,selectedRivalId=18331059014694192571,selectedVehicleKey=0x79054b53,preconstructionOverlap=unverified,overlapVerified=0,promotion=RoadGeometryAssociationUnverified,primaryCamera=unverified,separatingPlane=-1,completeSpawnVisibilityVerified=0]
[2026-10-10 03:29:05.761] [INFO] World-collision evidence: addressAvailable=1 gameplayThreadConfirmed=1 result=pending_or_unavailable cameraVisibilityVerified=0 streamingVerified=0
[2026-10-10 03:29:05.761] [INFO] Motion-scale observation: accepted=180 rejected=14 window=15 worldUnitsPerSpeedUnitSecond=0.99461 cv=0.01351 speedometerToSpeedRatio=1.04096 absoluteToSpeedRatio=1.00000 speedToLocalRatio=1.00000 speedToLinearRatio=1.00000 stable=1 metricVerified=1 worldUnitsPerMeter=0.99855
[2026-10-10 03:29:06.021] [INFO] FRR_MOTION_V1 capture=707000 cohort=147 generation=1 model=2030390099 timeMs=779656 dt=0.259887516 valid=1 safe=1 grounded=1 x=553.733276 y=110.438362 z=2085.91235 speed=14.0484619 speedometer=14.0247669 absolute=14.0484619 local=14.048461 linear=14.0484619 vx=5.21154881 vy=0.874384642 vz=13.0167007 slip=0.00148010254 accepted=1 window=16 ratio=0.994399369 cv=0.0131113874 stable=1 metricVerified=1 worldUnitsPerMeter=0.99855119
[2026-10-10 03:29:06.125] [INFO] PostRace observation: phase=Roaming complete=1 liveCount=15 registryStatus=Stable observedRacerCount=0 capturedRaceCount=0 matchingRaceIdentities=0 readOnly=1 lifetimeProven=0
[2026-10-10 03:29:06.285] [INFO] FRR_MOTION_V1 capture=707000 cohort=147 generation=1 model=2030390099 timeMs=779921 dt=0.264530092 valid=1 safe=1 grounded=1 x=555.136414 y=110.686295 z=2089.61133 speed=15.6273727 speedometer=15.5802155 absolute=15.6273727 local=15.6273727 linear=15.6273727 vx=5.42587948 vy=0.983119011 vz=14.6221781 slip=0.000152587891 accepted=1 window=17 ratio=0.995310962 cv=0.0132258292 stable=1 metricVerified=1 worldUnitsPerMeter=0.99855119
[2026-10-10 03:29:06.285] [INFO] Runtime state changed: mode=FreeRoamCandidate inWorld=1 raceMode=Roaming loading=0 inNIS=0 fade=0 flow=6 IVehicle=0x46EB41C PVehicle=0x46EB370 raceStatus=0xED291F8 roadNetwork=0x46CD390 pvehicleCount=28 playerCrossCheck=1 vehicles=15 human=1 traffic=12 cops=0 racers=0 none=2 nisCars=0 remote=0 unknown=0 cash=335950 careerCars=3 currentCarHandle=89 careerCompleted=0 profileKey=pseudonymous caps=[world:1,player:1,freeroam:1,road:1,roadNav:1,careerRead:1,spawnWrite:0,economyWrite:0,garageWrite:0] motion=[speed:15.627,speedometer:15.580,absSpeed:15.627,localMag:15.627,linearMag:15.627,slip:0.000,wheels:4,units:engine/unverified] roadNav=[ai:0xECE270C,curSeg:0,curLane:0,curWidthWorld:0.0,curSpanWorld:0.0,curSegTime:0.000,curCurve:0.0000,curRoadOcc:0,curAvoidOcc:0,curOccBehind:0,futureSeg:0,futureLane:0,futureWidthWorld:0.0,navGapWorld:0.0,futureRoadOcc:0,futureAvoidOcc:0,seekDistWorld:2164.9,seekProjWorld:0.0,farDistWorld:2164.9,farProjWorld:0.0,playerPos:(555.1,110.7,2089.6),seek:(0.0,0.0,0.0),far:(0.0,0.0,0.0),units:world]
[2026-10-10 03:29:06.558] [INFO] FRR_MOTION_V1 capture=707000 cohort=147 generation=1 model=2030390099 timeMs=780203 dt=0.273519188 valid=1 safe=1 grounded=1 x=556.667175 y=110.974243 z=2093.76807 speed=17.1237373 speedometer=17.0802345 absolute=17.1237373 local=17.1237373 linear=17.1237373 vx=5.88530159 vy=1.12779462 vz=16.0410004 slip=9.15527344e-05 accepted=1 window=18 ratio=0.995074868 cv=0.0128934234 stable=1 metricVerified=1 worldUnitsPerMeter=0.99855119
[2026-10-10 03:29:06.558] [INFO] Runtime state changed: mode=FreeRoamCandidate inWorld=1 raceMode=Roaming loading=0 inNIS=0 fade=0 flow=6 IVehicle=0x46EB41C PVehicle=0x46EB370 raceStatus=0xED291F8 roadNetwork=0x46CD390 pvehicleCount=29 playerCrossCheck=1 vehicles=15 human=1 traffic=12 cops=0 racers=0 none=2 nisCars=0 remote=0 unknown=0 cash=335950 careerCars=3 currentCarHandle=89 careerCompleted=0 profileKey=pseudonymous caps=[world:1,player:1,freeroam:1,road:1,roadNav:1,careerRead:1,spawnWrite:0,economyWrite:0,garageWrite:0] motion=[speed:17.124,speedometer:17.080,absSpeed:17.124,localMag:17.124,linearMag:17.124,slip:0.000,wheels:4,units:engine/unverified] roadNav=[ai:0xECE270C,curSeg:0,curLane:0,curWidthWorld:0.0,curSpanWorld:0.0,curSegTime:0.000,curCurve:0.0000,curRoadOcc:0,curAvoidOcc:0,curOccBehind:0,futureSeg:0,futureLane:0,futureWidthWorld:0.0,navGapWorld:0.0,futureRoadOcc:0,futureAvoidOcc:0,seekDistWorld:2169.3,seekProjWorld:0.0,farDistWorld:2169.3,farProjWorld:0.0,playerPos:(556.7,111.0,2093.8),seek:(0.0,0.0,0.0),far:(0.0,0.0,0.0),units:world]
[2026-10-10 03:29:06.624] [INFO] PostRace observation: phase=Roaming complete=1 liveCount=15 registryStatus=Stable observedRacerCount=0 capturedRaceCount=0 matchingRaceIdentities=0 readOnly=1 lifetimeProven=0
[2026-10-10 03:29:06.839] [INFO] FRR_MOTION_V1 capture=707000 cohort=147 generation=1 model=2030390099 timeMs=780484 dt=0.28096348 valid=1 safe=1 grounded=1 x=558.417419 y=111.315903 z=2098.54712 speed=19.4627266 speedometer=17.5234509 absolute=19.4627266 local=19.4627285 linear=19.4627266 vx=6.67436123 vy=1.28869545 vz=18.2370472 slip=6.10351562e-05 accepted=1 window=19 ratio=0.994936705 cv=0.0125650978 stable=1 metricVerified=1 worldUnitsPerMeter=0.99855119
[2026-10-10 03:29:06.839] [INFO] Runtime state changed: mode=FreeRoamCandidate inWorld=1 raceMode=Roaming loading=0 inNIS=0 fade=0 flow=6 IVehicle=0x46EB41C PVehicle=0x46EB370 raceStatus=0xED291F8 roadNetwork=0x46CD390 pvehicleCount=55 playerCrossCheck=1 vehicles=15 human=1 traffic=12 cops=0 racers=0 none=2 nisCars=0 remote=0 unknown=0 cash=335950 careerCars=3 currentCarHandle=89 careerCompleted=0 profileKey=pseudonymous caps=[world:1,player:1,freeroam:1,road:1,roadNav:1,careerRead:1,spawnWrite:0,economyWrite:0,garageWrite:0] motion=[speed:19.463,speedometer:17.523,absSpeed:19.463,localMag:19.463,linearMag:19.463,slip:0.000,wheels:4,units:engine/unverified] roadNav=[ai:0xECE270C,curSeg:0,curLane:0,curWidthWorld:0.0,curSpanWorld:0.0,curSegTime:0.000,curCurve:0.0000,curRoadOcc:0,curAvoidOcc:0,curOccBehind:0,futureSeg:0,futureLane:0,futureWidthWorld:0.0,navGapWorld:0.0,futureRoadOcc:0,futureAvoidOcc:0,seekDistWorld:2174.4,seekProjWorld:0.0,farDistWorld:2174.4,farProjWorld:0.0,playerPos:(558.4,111.3,2098.5),seek:(0.0,0.0,0.0),far:(0.0,0.0,0.0),units:world]
[2026-10-10 03:29:07.114] [INFO] FRR_MOTION_V1 capture=707000 cohort=147 generation=1 model=2030390099 timeMs=780750 dt=0.274580002 valid=1 safe=1 grounded=1 x=559.912537 y=111.685486 z=2103.64185 speed=18.9672508 speedometer=17.5234509 absolute=18.9672508 local=18.9672527 linear=18.9672508 vx=4.02949619 vy=1.38754499 vz=18.482275 slip=-0.00828552246 accepted=1 window=20 ratio=0.995629311 cv=0.0126085039 stable=1 metricVerified=1 worldUnitsPerMeter=0.99855119
[2026-10-10 03:29:07.125] [INFO] PostRace observation: phase=Roaming complete=1 liveCount=15 registryStatus=Stable observedRacerCount=0 capturedRaceCount=0 matchingRaceIdentities=0 readOnly=1 lifetimeProven=0
[2026-10-10 03:29:07.391] [INFO] FRR_MOTION_V1 capture=707000 cohort=147 generation=1 model=2030390099 timeMs=781031 dt=0.277192801 valid=1 safe=1 grounded=1 x=560.697327 y=112.07296 z=2108.78271 speed=19.3410454 speedometer=19.3114815 absolute=19.3410454 local=19.3410454 linear=19.3410454 vx=2.10493183 vy=1.42798877 vz=19.1730576 slip=0.0026550293 accepted=1 window=21 ratio=0.994989455 cv=0.0126439985 stable=1 metricVerified=1 worldUnitsPerMeter=0.99855119
[2026-10-10 03:29:07.391] [INFO] Runtime state changed: mode=FreeRoamCandidate inWorld=1 raceMode=Roaming loading=0 inNIS=0 fade=0 flow=6 IVehicle=0x46EB41C PVehicle=0x46EB370 raceStatus=0xED291F8 roadNetwork=0x46CD390 pvehicleCount=56 playerCrossCheck=1 vehicles=15 human=1 traffic=12 cops=0 racers=0 none=2 nisCars=0 remote=0 unknown=0 cash=335950 careerCars=3 currentCarHandle=89 careerCompleted=0 profileKey=pseudonymous caps=[world:1,player:1,freeroam:1,road:1,roadNav:1,careerRead:1,spawnWrite:0,economyWrite:0,garageWrite:0] motion=[speed:19.341,speedometer:19.311,absSpeed:19.341,localMag:19.341,linearMag:19.341,slip:0.003,wheels:4,units:engine/unverified] roadNav=[ai:0xECE270C,curSeg:0,curLane:0,curWidthWorld:0.0,curSpanWorld:0.0,curSegTime:0.000,curCurve:0.0000,curRoadOcc:0,curAvoidOcc:0,curOccBehind:0,futureSeg:0,futureLane:0,futureWidthWorld:0.0,navGapWorld:0.0,futureRoadOcc:0,futureAvoidOcc:0,seekDistWorld:2184.9,seekProjWorld:0.0,farDistWorld:2184.9,farProjWorld:0.0,playerPos:(560.7,112.1,2108.8),seek:(0.0,0.0,0.0),far:(0.0,0.0,0.0),units:world]
[2026-10-10 03:29:07.622] [INFO] PostRace observation: phase=Roaming complete=1 liveCount=15 registryStatus=Stable observedRacerCount=0 capturedRaceCount=0 matchingRaceIdentities=0 readOnly=1 lifetimeProven=0
[2026-10-10 03:29:07.669] [INFO] FRR_MOTION_V1 capture=707000 cohort=147 generation=1 model=2030390099 timeMs=781312 dt=0.278000504 valid=1 safe=1 grounded=1 x=561.03949 y=112.492905 z=2114.36719 speed=20.2619705 speedometer=20.2358932 absolute=20.2619705 local=20.2619705 linear=20.2619705 vx=0.691754043 vy=1.54366052 vz=20.1912365 slip=0.000549316406 accepted=1 window=22 ratio=0.996091247 cv=0.0133401807 stable=1 metricVerified=1 worldUnitsPerMeter=0.99855119
[2026-10-10 03:29:07.669] [INFO] Runtime state changed: mode=FreeRoamCandidate inWorld=1 raceMode=Roaming loading=0 inNIS=0 fade=0 flow=6 IVehicle=0x46EB41C PVehicle=0x46EB370 raceStatus=0xED291F8 roadNetwork=0x46CD390 pvehicleCount=57 playerCrossCheck=1 vehicles=15 human=1 traffic=12 cops=0 racers=0 none=2 nisCars=0 remote=0 unknown=0 cash=335950 careerCars=3 currentCarHandle=89 careerCompleted=0 profileKey=pseudonymous caps=[world:1,player:1,freeroam:1,road:1,roadNav:1,careerRead:1,spawnWrite:0,economyWrite:0,garageWrite:0] motion=[speed:20.262,speedometer:20.236,absSpeed:20.262,localMag:20.262,linearMag:20.262,slip:0.001,wheels:4,units:engine/unverified] roadNav=[ai:0xECE270C,curSeg:0,curLane:0,curWidthWorld:0.0,curSpanWorld:0.0,curSegTime:0.000,curCurve:0.0000,curRoadOcc:0,curAvoidOcc:0,curOccBehind:0,futureSeg:0,futureLane:0,futureWidthWorld:0.0,navGapWorld:0.0,futureRoadOcc:0,futureAvoidOcc:0,seekDistWorld:2190.4,seekProjWorld:0.0,farDistWorld:2190.4,farProjWorld:0.0,playerPos:(561.0,112.5,2114.4),seek:(0.0,0.0,0.0),far:(0.0,0.0,0.0),units:world]
[2026-10-10 03:29:07.943] [INFO] FRR_MOTION_V1 capture=707000 cohort=147 generation=1 model=2030390099 timeMs=781578 dt=0.273759484 valid=1 safe=1 grounded=1 x=561.170959 y=112.925331 z=2119.95679 speed=21.13657 speedometer=21.1096745 absolute=21.13657 local=21.1365681 linear=21.13657 vx=0.357330501 vy=1.62729228 vz=21.0708046 slip=0.000152587891 accepted=1 window=23 ratio=0.995810211 cv=0.0131176012 stable=1 metricVerified=1 worldUnitsPerMeter=0.99855119
[2026-10-10 03:29:07.943] [INFO] Runtime state changed: mode=FreeRoamCandidate inWorld=1 raceMode=Roaming loading=0 inNIS=0 fade=0 flow=6 IVehicle=0x46EB41C PVehicle=0x46EB370 raceStatus=0xED291F8 roadNetwork=0x46CD390 pvehicleCount=57 playerCrossCheck=1 vehicles=16 human=1 traffic=13 cops=0 racers=0 none=2 nisCars=0 remote=0 unknown=0 cash=335950 careerCars=3 currentCarHandle=89 careerCompleted=0 profileKey=pseudonymous caps=[world:1,player:1,freeroam:1,road:1,roadNav:1,careerRead:1,spawnWrite:0,economyWrite:0,garageWrite:0] motion=[speed:21.137,speedometer:21.110,absSpeed:21.137,localMag:21.137,linearMag:21.137,slip:0.000,wheels:4,units:engine/unverified] roadNav=[ai:0xECE270C,curSeg:0,curLane:0,curWidthWorld:0.0,curSpanWorld:0.0,curSegTime:0.000,curCurve:0.0000,curRoadOcc:0,curAvoidOcc:0,curOccBehind:0,futureSeg:0,futureLane:0,futureWidthWorld:0.0,navGapWorld:0.0,futureRoadOcc:0,futureAvoidOcc:0,seekDistWorld:2195.9,seekProjWorld:0.0,farDistWorld:2195.9,farProjWorld:0.0,playerPos:(561.2,112.9,2120.0),seek:(0.0,0.0,0.0),far:(0.0,0.0,0.0),units:world]
[2026-10-10 03:29:08.122] [INFO] PostRace observation: phase=Roaming complete=1 liveCount=16 registryStatus=Stable observedRacerCount=0 capturedRaceCount=0 matchingRaceIdentities=0 readOnly=1 lifetimeProven=0
[2026-10-10 03:29:08.225] [INFO] FRR_MOTION_V1 capture=707000 cohort=147 generation=1 model=2030390099 timeMs=781859 dt=0.28182292 valid=1 safe=1 grounded=1 x=561.256165 y=113.402672 z=2126.05737 speed=22.0455761 speedometer=22.0184097 absolute=22.0455761 local=22.045578 linear=22.0455761 vx=0.2657139 vy=1.72044063 vz=21.9767361 slip=4.57763672e-05 accepted=1 window=24 ratio=0.996224225 cv=0.0129898833 stable=1 metricVerified=1 worldUnitsPerMeter=0.99855119
[2026-10-10 03:29:08.505] [INFO] FRR_MOTION_V1 capture=707000 cohort=147 generation=1 model=2030390099 timeMs=782140 dt=0.279425591 valid=1 safe=1 grounded=1 x=561.326843 y=113.89212 z=2132.31812 speed=22.9376068 speedometer=22.9132309 absolute=22.9376068 local=22.9376049 linear=22.9376068 vx=0.245499417 vy=1.85075057 vz=22.8615017 slip=3.05175781e-05 accepted=1 window=25 ratio=0.996346712 cv=0.0127401147 stable=1 metricVerified=1 worldUnitsPerMeter=0.99855119
[2026-10-10 03:29:08.626] [INFO] PostRace observation: phase=Roaming complete=1 liveCount=16 registryStatus=Stable observedRacerCount=0 capturedRaceCount=0 matchingRaceIdentities=0 readOnly=1 lifetimeProven=0
[2026-10-10 03:29:08.784] [INFO] FRR_MOTION_V1 capture=707000 cohort=147 generation=1 model=2030390099 timeMs=782421 dt=0.280080795 valid=1 safe=1 grounded=1 x=561.396423 y=114.420616 z=2138.82202 speed=23.8166523 speedometer=23.7902851 absolute=23.8166523 local=23.8166542 linear=23.8166523 vx=0.245108336 vy=1.9079932 vz=23.7388382 slip=1.52587891e-05 accepted=1 window=26 ratio=0.996359348 cv=0.0124927126 stable=1 metricVerified=1 worldUnitsPerMeter=0.99855119
[2026-10-10 03:29:09.063] [INFO] FRR_MOTION_V1 capture=707000 cohort=147 generation=1 model=2030390099 timeMs=782703 dt=0.279289901 valid=1 safe=1 grounded=1 x=561.466003 y=114.972855 z=2145.57178 speed=24.689949 speedometer=24.6636162 absolute=24.689949 local=24.6899471 linear=24.689949 vx=0.250948519 vy=2.05513644 vz=24.6029873 slip=1.52587891e-05 accepted=1 window=27 ratio=0.996488512 cv=0.0122754043 stable=1 metricVerified=1 worldUnitsPerMeter=0.99855119
[2026-10-10 03:29:09.121] [INFO] PostRace observation: phase=Roaming complete=1 liveCount=16 registryStatus=Stable observedRacerCount=0 capturedRaceCount=0 matchingRaceIdentities=0 readOnly=1 lifetimeProven=0
[2026-10-10 03:29:09.344] [INFO] FRR_MOTION_V1 capture=707000 cohort=147 generation=1 model=2030390099 timeMs=782984 dt=0.280358911 valid=1 safe=1 grounded=1 x=561.537109 y=115.552155 z=2152.5625 speed=25.5530777 speedometer=25.5285625 absolute=25.5530777 local=25.5530777 linear=25.5530777 vx=0.259792984 vy=2.14216065 vz=25.4618034 slip=1.52587891e-05 accepted=1 window=28 ratio=0.996471941 cv=0.0120547172 stable=1 metricVerified=1 worldUnitsPerMeter=0.99855119
[2026-10-10 03:29:09.625] [INFO] FRR_MOTION_V1 capture=707000 cohort=147 generation=1 model=2030390099 timeMs=783265 dt=0.280824393 valid=1 safe=1 grounded=1 x=561.611816 y=116.18811 z=2159.89624 speed=26.4037971 speedometer=26.3788776 absolute=26.4037971 local=26.4037952 linear=26.4037971 vx=0.268756449 vy=2.28692365 vz=26.3031979 slip=1.52587891e-05 accepted=1 window=29 ratio=0.996906817 cv=0.0120627787 stable=1 metricVerified=1 worldUnitsPerMeter=0.99855119
[2026-10-10 03:29:09.627] [INFO] PostRace observation: phase=Roaming complete=1 liveCount=16 registryStatus=Stable observedRacerCount=0 capturedRaceCount=0 matchingRaceIdentities=0 readOnly=1 lifetimeProven=0
[2026-10-10 03:29:09.899] [INFO] FRR_MOTION_V1 capture=707000 cohort=147 generation=1 model=2030390099 timeMs=783531 dt=0.274818808 valid=1 safe=1 grounded=1 x=561.685181 y=116.847931 z=2167.23633 speed=27.206337 speedometer=27.1816158 absolute=27.206337 local=27.206337 linear=27.206337 vx=0.276666492 vy=2.47677422 vz=27.0919514 slip=0 accepted=1 window=30 ratio=0.997025847 cv=0.0118760206 stable=1 metricVerified=1 worldUnitsPerMeter=0.99855119
[2026-10-10 03:29:10.126] [INFO] PostRace observation: phase=Roaming complete=1 liveCount=16 registryStatus=Stable observedRacerCount=0 capturedRaceCount=0 matchingRaceIdentities=0 readOnly=1 lifetimeProven=0
[2026-10-10 03:29:10.174] [INFO] FRR_MOTION_V1 capture=707000 cohort=147 generation=1 model=2030390099 timeMs=783812 dt=0.2745727 valid=1 safe=1 grounded=1 x=561.761719 y=117.558456 z=2174.78467 speed=27.9844913 speedometer=27.9653549 absolute=27.9844913 local=27.9844913 linear=27.9844913 vx=0.284989685 vy=2.89972878 vz=27.8323936 slip=0 accepted=1 window=31 ratio=0.997143686 cv=0.0116994428 stable=1 metricVerified=1 worldUnitsPerMeter=0.99855119
[2026-10-10 03:29:10.446] [INFO] FRR_MOTION_V1 capture=707000 cohort=147 generation=1 model=2030390099 timeMs=784078 dt=0.272291481 valid=1 safe=1 grounded=1 x=561.840637 y=118.359695 z=2182.50513 speed=29.4276237 speedometer=28.1741428 absolute=29.4276237 local=29.4276237 linear=29.4276237 vx=0.293025047 vy=2.93750453 vz=29.2791767 slip=1.52587891e-05 accepted=1 window=32 ratio=0.997016668 cv=0.0115384683 stable=1 metricVerified=1 worldUnitsPerMeter=0.99855119
[2026-10-10 03:29:10.627] [INFO] PostRace observation: phase=Roaming complete=1 liveCount=16 registryStatus=Stable observedRacerCount=0 capturedRaceCount=0 matchingRaceIdentities=0 readOnly=1 lifetimeProven=0
[2026-10-10 03:29:10.729] [INFO] FRR_MOTION_V1 capture=707000 cohort=147 generation=1 model=2030390099 timeMs=784375 dt=0.282394111 valid=1 safe=1 grounded=1 x=561.924377 y=119.170731 z=2190.75977 speed=29.9374924 speedometer=29.9232998 absolute=29.9374924 local=29.9374905 linear=29.9374924 vx=0.290225178 vy=2.91626048 vz=29.7937012 slip=1.52587891e-05 accepted=1 window=33 ratio=0.996791244 cv=0.0114366654 stable=1 metricVerified=1 worldUnitsPerMeter=0.99855119
[2026-10-10 03:29:11.006] [INFO] FRR_MOTION_V1 capture=707000 cohort=147 generation=1 model=2030390099 timeMs=784640 dt=0.277628005 valid=1 safe=1 grounded=1 x=562.006714 y=119.999641 z=2199.14404 speed=30.4137764 speedometer=30.39818 absolute=30.4137764 local=30.4137764 linear=30.4137764 vx=0.28874898 vy=2.94742465 vz=30.2692432 slip=1.52587891e-05 accepted=1 window=34 ratio=0.997053981 cv=0.0113655105 stable=1 metricVerified=1 worldUnitsPerMeter=0.99855119
[2026-10-10 03:29:11.124] [INFO] PostRace observation: phase=Roaming complete=1 liveCount=16 registryStatus=Stable observedRacerCount=0 capturedRaceCount=0 matchingRaceIdentities=0 readOnly=1 lifetimeProven=0
[2026-10-10 03:29:11.276] [INFO] FRR_MOTION_V1 capture=707000 cohort=147 generation=1 model=2030390099 timeMs=784921 dt=0.26985243 valid=1 safe=1 grounded=1 x=562.086304 y=120.80854 z=2207.40112 speed=30.8826103 speedometer=30.8669643 absolute=30.8826103 local=30.8826084 linear=30.8826103 vx=0.289075732 vy=3.09798598 vz=30.7254696 slip=1.52587891e-05 accepted=1 window=35 ratio=0.997229695 cv=0.0112470239 stable=1 metricVerified=1 worldUnitsPerMeter=0.99855119
[2026-10-10 03:29:11.276] [INFO] Runtime heartbeat: mode=FreeRoamCandidate inWorld=1 raceMode=Roaming loading=0 inNIS=0 fade=0 flow=6 IVehicle=0x46EB41C PVehicle=0x46EB370 raceStatus=0xED291F8 roadNetwork=0x46CD390 pvehicleCount=57 playerCrossCheck=1 vehicles=16 human=1 traffic=13 cops=0 racers=0 none=2 nisCars=0 remote=0 unknown=0 cash=335950 careerCars=3 currentCarHandle=89 careerCompleted=0 profileKey=pseudonymous caps=[world:1,player:1,freeroam:1,road:1,roadNav:1,careerRead:1,spawnWrite:0,economyWrite:0,garageWrite:0] motion=[speed:30.883,speedometer:30.867,absSpeed:30.883,localMag:30.883,linearMag:30.883,slip:0.000,wheels:4,units:engine/unverified] roadNav=[ai:0xECE270C,curSeg:0,curLane:0,curWidthWorld:0.0,curSpanWorld:0.0,curSegTime:0.000,curCurve:0.0000,curRoadOcc:0,curAvoidOcc:0,curOccBehind:0,futureSeg:0,futureLane:0,futureWidthWorld:0.0,navGapWorld:0.0,futureRoadOcc:0,futureAvoidOcc:0,seekDistWorld:2281.0,seekProjWorld:0.0,farDistWorld:2281.0,farProjWorld:0.0,playerPos:(562.1,120.8,2207.4),seek:(0.0,0.0,0.0),far:(0.0,0.0,0.0),units:world]
[2026-10-10 03:29:11.276] [INFO] Vehicle-spatial observation: registryComplete=1 registryCount=16 enabledActive=13 ignoredInactive=3 boxes=13 failedSpatialReads=0 halfExtentSemanticsResearchBacked=1 learnedModels=11 verifiedLearnedModels=11 catalogFootprintKey=0x79054B53
[2026-10-10 03:29:11.276] [INFO] Primary-camera observation: coherent=1 viewId=1 coordinateMapping=sim(z,-x,y)_to_render fullPlayerViewCoverageVerified=0 renderEnvelopeVerified=0 spawnVisibilityVerified=0
[2026-10-10 03:29:11.276] [INFO] Road-candidate observations: count=4 exactUsable=0 [CurrentRoad:RoadInvalid,seg=0,lane=0,distWorld=2281.0,projWorld=0.0,pointOccupancy=clear,fleetChecked=13,fleetInvalid=0,nearestVehicleGapWorld=1675.0,selectedRivalId=18331059014694192571,selectedVehicleKey=0x79054b53,preconstructionOverlap=unverified,overlapVerified=0,promotion=RoadInvalid,primaryCamera=unverified,separatingPlane=-1,completeSpawnVisibilityVerified=0] [FutureRoad:RoadInvalid,seg=0,lane=0,distWorld=2281.0,projWorld=0.0,pointOccupancy=clear,fleetChecked=13,fleetInvalid=0,nearestVehicleGapWorld=1675.0,selectedRivalId=18331059014694192571,selectedVehicleKey=0x79054b53,preconstructionOverlap=unverified,overlapVerified=0,promotion=RoadInvalid,primaryCamera=unverified,separatingPlane=-1,completeSpawnVisibilityVerified=0] [SeekAhead:RoadGeometryAssociationUnverified,seg=0,lane=0,distWorld=2281.0,projWorld=0.0,pointOccupancy=clear,fleetChecked=13,fleetInvalid=0,nearestVehicleGapWorld=1675.0,selectedRivalId=18331059014694192571,selectedVehicleKey=0x79054b53,preconstructionOverlap=unverified,overlapVerified=0,promotion=RoadGeometryAssociationUnverified,primaryCamera=unverified,separatingPlane=-1,completeSpawnVisibilityVerified=0] [FarFuture:RoadGeometryAssociationUnverified,seg=0,lane=0,distWorld=2281.0,projWorld=0.0,pointOccupancy=clear,fleetChecked=13,fleetInvalid=0,nearestVehicleGapWorld=1675.0,selectedRivalId=18331059014694192571,selectedVehicleKey=0x79054b53,preconstructionOverlap=unverified,overlapVerified=0,promotion=RoadGeometryAssociationUnverified,primaryCamera=unverified,separatingPlane=-1,completeSpawnVisibilityVerified=0]
[2026-10-10 03:29:11.276] [INFO] World-collision evidence: addressAvailable=1 gameplayThreadConfirmed=1 result=pending_or_unavailable cameraVisibilityVerified=0 streamingVerified=0
[2026-10-10 03:29:11.276] [INFO] Motion-scale observation: accepted=200 rejected=14 window=35 worldUnitsPerSpeedUnitSecond=0.99723 cv=0.01125 speedometerToSpeedRatio=1.01118 absoluteToSpeedRatio=1.00000 speedToLocalRatio=1.00000 speedToLinearRatio=1.00000 stable=1 metricVerified=1 worldUnitsPerMeter=0.99855
[2026-10-10 03:29:11.544] [INFO] FRR_MOTION_V1 capture=707000 cohort=147 generation=1 model=2030390099 timeMs=785187 dt=0.268334806 valid=1 safe=1 grounded=1 x=562.163147 y=121.6306 z=2215.78979 speed=31.3553333 speedometer=31.3422203 absolute=31.3553333 local=31.3553295 linear=31.3553333 vx=0.291672796 vy=3.05511594 vz=31.2047768 slip=0 accepted=1 window=36 ratio=0.997569084 cv=0.0112672122 stable=1 metricVerified=1 worldUnitsPerMeter=0.99855119
[2026-10-10 03:29:11.622] [INFO] PostRace observation: phase=Roaming complete=1 liveCount=16 registryStatus=Stable observedRacerCount=0 capturedRaceCount=0 matchingRaceIdentities=0 readOnly=1 lifetimeProven=0
[2026-10-10 03:29:11.815] [INFO] FRR_MOTION_V1 capture=707000 cohort=147 generation=1 model=2030390099 timeMs=785453 dt=0.270207107 valid=1 safe=1 grounded=1 x=562.24469 y=122.463974 z=2224.3064 speed=31.8323059 speedometer=31.8184319 absolute=31.8323059 local=31.8323059 linear=31.8323059 vx=0.296914607 vy=3.11197329 vz=31.6784344 slip=1.52587891e-05 accepted=1 window=37 ratio=0.997700632 cv=0.0111405589 stable=1 metricVerified=1 worldUnitsPerMeter=0.99855119
[2026-10-10 03:29:12.074] [INFO] FRR_MOTION_V1 capture=707000 cohort=147 generation=1 model=2030390099 timeMs=785718 dt=0.259676397 valid=1 safe=1 grounded=1 x=562.320679 y=123.264603 z=2232.55103 speed=32.2924919 speedometer=32.2776413 absolute=32.2924919 local=32.2924957 linear=32.2924919 vx=0.300623953 vy=3.10621309 vz=32.141346 slip=1.52587891e-05 accepted=1 window=38 ratio=0.997628093 cv=0.0110026831 stable=1 metricVerified=1 worldUnitsPerMeter=0.99855119
[2026-10-10 03:29:12.121] [INFO] PostRace observation: phase=Roaming complete=1 liveCount=16 registryStatus=Stable observedRacerCount=0 capturedRaceCount=0 matchingRaceIdentities=0 readOnly=1 lifetimeProven=0
[2026-10-10 03:29:12.337] [INFO] FRR_MOTION_V1 capture=707000 cohort=147 generation=1 model=2030390099 timeMs=785984 dt=0.262507379 valid=1 safe=1 grounded=1 x=562.401184 y=124.0886 z=2241.05054 speed=32.7639389 speedometer=32.7484818 absolute=32.7639389 local=32.7639389 linear=32.7639389 vx=0.304279774 vy=3.12783337 vz=32.6128769 slip=0 accepted=1 window=39 ratio=0.997691453 cv=0.0108670685 stable=1 metricVerified=1 worldUnitsPerMeter=0.99855119
[2026-10-10 03:29:12.598] [INFO] FRR_MOTION_V1 capture=707000 cohort=147 generation=1 model=2030390099 timeMs=786234 dt=0.261278391 valid=1 safe=1 grounded=1 x=562.43927 y=124.913857 z=2249.66919 speed=33.0428505 speedometer=32.4348221 absolute=33.0428505 local=33.0428505 linear=33.0428505 vx=-0.691313684 vy=3.08021069 vz=32.8917084 slip=-0.00364685059 accepted=1 window=40 ratio=0.997927189 cv=0.0108287698 stable=1 metricVerified=1 worldUnitsPerMeter=0.99855119
[2026-10-10 03:29:12.629] [INFO] PostRace observation: phase=Roaming complete=1 liveCount=16 registryStatus=Stable observedRacerCount=0 capturedRaceCount=0 matchingRaceIdentities=0 readOnly=1 lifetimeProven=0
[2026-10-10 03:29:12.864] [INFO] FRR_MOTION_V1 capture=707000 cohort=147 generation=1 model=2030390099 timeMs=786500 dt=0.265910089 valid=1 safe=1 grounded=1 x=562.125793 y=125.747437 z=2258.45117 speed=33.3310509 speedometer=33.3135757 absolute=33.3310509 local=33.3310509 linear=33.3310509 vx=-1.7061938 vy=3.14204717 vz=33.1387291 slip=0.00135803223 accepted=1 window=41 ratio=0.997983992 cv=0.0107013546 stable=1 metricVerified=1 worldUnitsPerMeter=0.99855119
[2026-10-10 03:29:13.123] [INFO] FRR_MOTION_V1 capture=707000 cohort=147 generation=1 model=2030390099 timeMs=786765 dt=0.258950412 valid=1 safe=1 grounded=1 x=561.520996 y=126.556129 z=2267.06543 speed=33.7990341 speedometer=33.7808609 absolute=33.7990341 local=33.7990341 linear=33.7990341 vx=-2.79502726 vy=3.12424159 vz=33.538063 slip=0.000610351562 accepted=1 window=42 ratio=0.997981548 cv=0.0105732288 stable=1 metricVerified=1 worldUnitsPerMeter=0.99855119
[2026-10-10 03:29:13.126] [INFO] PostRace observation: phase=Roaming complete=1 liveCount=16 registryStatus=Stable observedRacerCount=0 capturedRaceCount=0 matchingRaceIdentities=0 readOnly=1 lifetimeProven=0
[2026-10-10 03:29:13.385] [INFO] FRR_MOTION_V1 capture=707000 cohort=147 generation=1 model=2030390099 timeMs=787031 dt=0.261566579 valid=1 safe=1 grounded=1 x=560.725708 y=127.352013 z=2275.78467 speed=34.2717056 speedometer=34.2584991 absolute=34.2717056 local=34.2717056 linear=34.2717056 vx=-3.29122257 vy=3.1355145 vz=33.9688988 slip=0.000228881836 accepted=1 window=43 ratio=0.99773854 cv=0.0105705904 stable=1 metricVerified=1 worldUnitsPerMeter=0.99855119
[2026-10-10 03:29:13.619] [INFO] PostRace observation: phase=Roaming complete=1 liveCount=16 registryStatus=Stable observedRacerCount=0 capturedRaceCount=0 matchingRaceIdentities=0 readOnly=1 lifetimeProven=0
[2026-10-10 03:29:13.648] [INFO] FRR_MOTION_V1 capture=707000 cohort=147 generation=1 model=2030390099 timeMs=787281 dt=0.263310909 valid=1 safe=1 grounded=1 x=559.809692 y=128.177475 z=2284.90625 speed=34.7559433 speedometer=34.7423592 absolute=34.7559433 local=34.7559433 linear=34.7559433 vx=-3.53119969 vy=3.08802032 vz=34.4379196 slip=7.62939453e-05 accepted=1 window=44 ratio=0.998081744 cv=0.0106867757 stable=1 metricVerified=1 worldUnitsPerMeter=0.99855119
[2026-10-10 03:29:13.908] [INFO] FRR_MOTION_V1 capture=707000 cohort=147 generation=1 model=2030390099 timeMs=787546 dt=0.260686487 valid=1 safe=1 grounded=1 x=558.881897 y=128.965073 z=2293.86572 speed=35.2249069 speedometer=35.2106705 absolute=35.2249069 local=35.2249069 linear=35.2249069 vx=-3.65615273 vy=3.07100749 vz=34.8997917 slip=3.05175781e-05 accepted=1 window=45 ratio=0.99792999 cv=0.0106169879 stable=1 metricVerified=1 worldUnitsPerMeter=0.99855119
[2026-10-10 03:29:14.122] [INFO] PostRace observation: phase=Roaming complete=1 liveCount=16 registryStatus=Stable observedRacerCount=0 capturedRaceCount=0 matchingRaceIdentities=0 readOnly=1 lifetimeProven=0
[2026-10-10 03:29:14.165] [INFO] FRR_MOTION_V1 capture=707000 cohort=147 generation=1 model=2030390099 timeMs=787812 dt=0.256102413 valid=1 safe=1 grounded=1 x=557.925842 y=129.726852 z=2302.94751 speed=35.6972885 speedometer=35.6822777 absolute=35.6972885 local=35.6972885 linear=35.6972885 vx=-3.7404654 vy=2.92243338 vz=35.3802872 slip=0 accepted=1 window=46 ratio=0.998171329 cv=0.0106229484 stable=1 metricVerified=1 worldUnitsPerMeter=0.99855119
[2026-10-10 03:29:14.417] [INFO] FRR_MOTION_V1 capture=707000 cohort=147 generation=1 model=2030390099 timeMs=788062 dt=0.252684712 valid=1 safe=1 grounded=1 x=556.983521 y=130.42627 z=2311.85669 speed=36.1612816 speedometer=36.1447067 absolute=36.1612816 local=36.1612778 linear=36.1612816 vx=-3.80698037 vy=2.7276566 vz=35.8567276 slip=0 accepted=1 window=47 ratio=0.997993112 cv=0.0105807502 stable=1 metricVerified=1 worldUnitsPerMeter=0.99855119
[2026-10-10 03:29:14.621] [INFO] PostRace observation: phase=Roaming complete=1 liveCount=16 registryStatus=Stable observedRacerCount=0 capturedRaceCount=0 matchingRaceIdentities=0 readOnly=1 lifetimeProven=0
[2026-10-10 03:29:14.683] [INFO] FRR_MOTION_V1 capture=707000 cohort=147 generation=1 model=2030390099 timeMs=788328 dt=0.265150011 valid=1 safe=1 grounded=1 x=555.95697 y=131.09729 z=2321.49829 speed=36.6716957 speedometer=36.6495171 absolute=36.6716957 local=36.6716995 linear=36.6716957 vx=-3.87762737 vy=2.2836802 vz=36.3945351 slip=0 accepted=1 window=48 ratio=0.998171866 cv=0.0105398027 stable=1 metricVerified=1 worldUnitsPerMeter=0.99855119
[2026-10-10 03:29:14.950] [INFO] FRR_MOTION_V1 capture=707000 cohort=147 generation=1 model=2030390099 timeMs=788593 dt=0.267430812 valid=1 safe=1 grounded=1 x=554.91394 y=131.6465 z=2331.28125 speed=37.2086563 speedometer=37.1903 absolute=37.2086563 local=37.2086601 linear=37.2086563 vx=-3.94439816 vy=1.97347832 vz=36.9463272 slip=0 accepted=1 window=49 ratio=0.998157084 cv=0.0104323588 stable=1 metricVerified=1 worldUnitsPerMeter=0.99855119
[2026-10-10 03:29:15.121] [INFO] PostRace observation: phase=Roaming complete=1 liveCount=16 registryStatus=Stable observedRacerCount=0 capturedRaceCount=0 matchingRaceIdentities=0 readOnly=1 lifetimeProven=0
[2026-10-10 03:29:15.206] [INFO] FRR_MOTION_V1 capture=707000 cohort=147 generation=1 model=2030390099 timeMs=788843 dt=0.255553991 valid=1 safe=1 grounded=1 x=553.887817 y=132.148163 z=2340.89404 speed=37.7330017 speedometer=37.7144356 absolute=37.7330017 local=37.7330055 linear=37.7330017 vx=-4.00869274 vy=1.92176151 vz=37.470211 slip=0 accepted=1 window=50 ratio=0.998412371 cv=0.0104788849 stable=1 metricVerified=1 worldUnitsPerMeter=0.99855119
[2026-10-10 03:29:15.458] [INFO] FRR_MOTION_V1 capture=707000 cohort=147 generation=1 model=2030390099 timeMs=789093 dt=0.25244531 valid=1 safe=1 grounded=1 x=552.878174 y=132.600479 z=2350.32739 speed=38.24403 speedometer=38.2264748 absolute=38.24403 local=38.24403 linear=38.24403 vx=-4.06947851 vy=1.7417469 vz=37.9869919 slip=0 accepted=1 window=51 ratio=0.998255372 cv=0.0104367072 stable=1 metricVerified=1 worldUnitsPerMeter=0.99855119
[2026-10-10 03:29:15.624] [INFO] PostRace observation: phase=Roaming complete=1 liveCount=16 registryStatus=Stable observedRacerCount=0 capturedRaceCount=0 matchingRaceIdentities=0 readOnly=1 lifetimeProven=0
[2026-10-10 03:29:15.706] [INFO] FRR_MOTION_V1 capture=707000 cohort=147 generation=1 model=2030390099 timeMs=789343 dt=0.248596698 valid=1 safe=1 grounded=1 x=551.854309 y=133.019882 z=2359.89185 speed=38.7588272 speedometer=38.7409554 absolute=38.7588272 local=38.7588272 linear=38.7588272 vx=-4.13005781 vy=1.56718385 vz=38.5062752 slip=0 accepted=1 window=52 ratio=0.998403251 cv=0.0103883389 stable=1 metricVerified=1 worldUnitsPerMeter=0.99855119
[2026-10-10 03:29:15.963] [INFO] FRR_MOTION_V1 capture=707000 cohort=147 generation=1 model=2030390099 timeMs=789609 dt=0.255967587 valid=1 safe=1 grounded=1 x=550.795532 y=133.392807 z=2369.75171 speed=39.2900696 speedometer=39.2726784 absolute=39.2900696 local=39.2900696 linear=39.2900696 vx=-4.19106531 vy=1.29836905 vz=39.0443192 slip=0 accepted=1 window=53 ratio=0.998309791 cv=0.0103129586 stable=1 metricVerified=1 worldUnitsPerMeter=0.99855119
[2026-10-10 03:29:16.125] [INFO] PostRace observation: phase=Roaming complete=1 liveCount=16 registryStatus=Stable observedRacerCount=0 capturedRaceCount=0 matchingRaceIdentities=0 readOnly=1 lifetimeProven=0
[2026-10-10 03:29:16.220] [INFO] FRR_MOTION_V1 capture=707000 cohort=147 generation=1 model=2030390099 timeMs=789859 dt=0.257117778 valid=1 safe=1 grounded=1 x=549.705933 y=133.704132 z=2379.91284 speed=39.8405037 speedometer=39.8213844 absolute=39.8405037 local=39.8405037 linear=39.8405037 vx=-4.25168133 vy=1.04321623 vz=39.5992508 slip=0 accepted=1 window=54 ratio=0.998434246 cv=0.0102559924 stable=1 metricVerified=1 worldUnitsPerMeter=0.99855119
[2026-10-10 03:29:16.472] [INFO] FRR_MOTION_V1 capture=707000 cohort=147 generation=1 model=2030390099 timeMs=790109 dt=0.251633912 valid=1 safe=1 grounded=1 x=548.6297 y=133.920792 z=2389.93799 speed=41.0009422 speedometer=40.0549698 absolute=41.0009422 local=41.0009422 linear=41.0009422 vx=-4.3774972 vy=0.62940222 vz=40.7617302 slip=0 accepted=1 window=55 ratio=0.998308718 cv=0.0102055203 stable=1 metricVerified=1 worldUnitsPerMeter=0.99855119
[2026-10-10 03:29:16.472] [INFO] Runtime heartbeat: mode=FreeRoamCandidate inWorld=1 raceMode=Roaming loading=0 inNIS=0 fade=0 flow=6 IVehicle=0x46EB41C PVehicle=0x46EB370 raceStatus=0xED291F8 roadNetwork=0x46CD390 pvehicleCount=57 playerCrossCheck=1 vehicles=16 human=1 traffic=13 cops=0 racers=0 none=2 nisCars=0 remote=0 unknown=0 cash=335950 careerCars=3 currentCarHandle=89 careerCompleted=0 profileKey=pseudonymous caps=[world:1,player:1,freeroam:1,road:1,roadNav:1,careerRead:1,spawnWrite:0,economyWrite:0,garageWrite:0] motion=[speed:41.001,speedometer:40.055,absSpeed:41.001,localMag:41.001,linearMag:41.001,slip:0.000,wheels:4,units:engine/unverified] roadNav=[ai:0xECE270C,curSeg:0,curLane:0,curWidthWorld:0.0,curSpanWorld:0.0,curSegTime:0.000,curCurve:0.0000,curRoadOcc:0,curAvoidOcc:0,curOccBehind:0,futureSeg:0,futureLane:0,futureWidthWorld:0.0,navGapWorld:0.0,futureRoadOcc:0,futureAvoidOcc:0,seekDistWorld:2455.8,seekProjWorld:0.0,farDistWorld:2455.8,farProjWorld:0.0,playerPos:(548.6,133.9,2389.9),seek:(0.0,0.0,0.0),far:(0.0,0.0,0.0),units:world]
[2026-10-10 03:29:16.472] [INFO] Vehicle-spatial observation: registryComplete=1 registryCount=16 enabledActive=13 ignoredInactive=3 boxes=13 failedSpatialReads=0 halfExtentSemanticsResearchBacked=1 learnedModels=11 verifiedLearnedModels=11 catalogFootprintKey=0x79054B53
[2026-10-10 03:29:16.472] [INFO] Primary-camera observation: coherent=1 viewId=1 coordinateMapping=sim(z,-x,y)_to_render fullPlayerViewCoverageVerified=0 renderEnvelopeVerified=0 spawnVisibilityVerified=0
[2026-10-10 03:29:16.472] [INFO] Road-candidate observations: count=4 exactUsable=0 [CurrentRoad:RoadInvalid,seg=0,lane=0,distWorld=2455.8,projWorld=0.0,pointOccupancy=clear,fleetChecked=13,fleetInvalid=0,nearestVehicleGapWorld=1708.5,selectedRivalId=18331059014694192571,selectedVehicleKey=0x79054b53,preconstructionOverlap=unverified,overlapVerified=0,promotion=RoadInvalid,primaryCamera=unverified,separatingPlane=-1,completeSpawnVisibilityVerified=0] [FutureRoad:RoadInvalid,seg=0,lane=0,distWorld=2455.8,projWorld=0.0,pointOccupancy=clear,fleetChecked=13,fleetInvalid=0,nearestVehicleGapWorld=1708.5,selectedRivalId=18331059014694192571,selectedVehicleKey=0x79054b53,preconstructionOverlap=unverified,overlapVerified=0,promotion=RoadInvalid,primaryCamera=unverified,separatingPlane=-1,completeSpawnVisibilityVerified=0] [SeekAhead:RoadGeometryAssociationUnverified,seg=0,lane=0,distWorld=2455.8,projWorld=0.0,pointOccupancy=clear,fleetChecked=13,fleetInvalid=0,nearestVehicleGapWorld=1708.5,selectedRivalId=18331059014694192571,selectedVehicleKey=0x79054b53,preconstructionOverlap=unverified,overlapVerified=0,promotion=RoadGeometryAssociationUnverified,primaryCamera=unverified,separatingPlane=-1,completeSpawnVisibilityVerified=0] [FarFuture:RoadGeometryAssociationUnverified,seg=0,lane=0,distWorld=2455.8,projWorld=0.0,pointOccupancy=clear,fleetChecked=13,fleetInvalid=0,nearestVehicleGapWorld=1708.5,selectedRivalId=18331059014694192571,selectedVehicleKey=0x79054b53,preconstructionOverlap=unverified,overlapVerified=0,promotion=RoadGeometryAssociationUnverified,primaryCamera=unverified,separatingPlane=-1,completeSpawnVisibilityVerified=0]
[2026-10-10 03:29:16.472] [INFO] World-collision evidence: addressAvailable=1 gameplayThreadConfirmed=1 result=pending_or_unavailable cameraVisibilityVerified=0 streamingVerified=0
[2026-10-10 03:29:16.472] [INFO] Motion-scale observation: accepted=220 rejected=14 window=55 worldUnitsPerSpeedUnitSecond=0.99831 cv=0.01021 speedometerToSpeedRatio=1.00641 absoluteToSpeedRatio=1.00000 speedToLocalRatio=1.00000 speedToLinearRatio=1.00000 stable=1 metricVerified=1 worldUnitsPerMeter=0.99855
[2026-10-10 03:29:16.624] [INFO] PostRace observation: phase=Roaming complete=1 liveCount=16 registryStatus=Stable observedRacerCount=0 capturedRaceCount=0 matchingRaceIdentities=0 readOnly=1 lifetimeProven=0
[2026-10-10 03:29:16.728] [INFO] FRR_MOTION_V1 capture=707000 cohort=147 generation=1 model=2030390099 timeMs=790375 dt=0.256239206 valid=1 safe=1 grounded=1 x=547.489929 y=134.021271 z=2400.55469 speed=41.5265503 speedometer=41.5125809 absolute=41.5265503 local=41.5265503 linear=41.5265503 vx=-4.43417549 vy=0.209325999 vz=41.2886009 slip=0 accepted=1 window=56 ratio=0.998515904 cv=0.0102282949 stable=1 metricVerified=1 worldUnitsPerMeter=0.99855119
[2026-10-10 03:29:16.987] [INFO] FRR_MOTION_V1 capture=707000 cohort=147 generation=1 model=2030390099 timeMs=790625 dt=0.258748293 valid=1 safe=1 grounded=1 x=546.338135 y=134.066605 z=2411.27954 speed=41.9662971 speedometer=41.9509735 absolute=41.9662971 local=41.966301 linear=41.9662971 vx=-4.48120594 vy=0.0902245715 vz=41.7262611 slip=0 accepted=1 window=57 ratio=0.998517275 cv=0.0101381671 stable=1 metricVerified=1 worldUnitsPerMeter=0.99855119
[2026-10-10 03:29:17.126] [INFO] PostRace observation: phase=Roaming complete=1 liveCount=16 registryStatus=Stable observedRacerCount=0 capturedRaceCount=0 matchingRaceIdentities=0 readOnly=1 lifetimeProven=0
[2026-10-10 03:29:17.225] [INFO] FRR_MOTION_V1 capture=707000 cohort=147 generation=1 model=2030390099 timeMs=790859 dt=0.238377407 valid=1 safe=1 grounded=1 x=545.248657 y=134.084167 z=2421.41455 speed=42.3860435 speedometer=42.3706627 absolute=42.3860435 local=42.3860397 linear=42.3860435 vx=-4.52683401 vy=0.0309617482 vz=42.1436043 slip=0 accepted=1 window=58 ratio=0.998782158 cv=0.0102453213 stable=1 metricVerified=1 worldUnitsPerMeter=0.99855119
[2026-10-10 03:29:17.476] [INFO] FRR_MOTION_V1 capture=707000 cohort=147 generation=1 model=2030390099 timeMs=791109 dt=0.251931816 valid=1 safe=1 grounded=1 x=544.066101 y=134.087173 z=2431.99487 speed=42.6712685 speedometer=42.2493477 absolute=42.6712685 local=42.6712646 linear=42.6712685 vx=-5.66388607 vy=0.0344448164 vz=42.2936935 slip=-0.00300598145 accepted=1 window=59 ratio=0.998695076 cv=0.010180708 stable=1 metricVerified=1 worldUnitsPerMeter=0.99855119
[2026-10-10 03:29:17.624] [INFO] PostRace observation: phase=Roaming complete=1 liveCount=16 registryStatus=Stable observedRacerCount=0 capturedRaceCount=0 matchingRaceIdentities=0 readOnly=1 lifetimeProven=0
[2026-10-10 03:29:17.711] [INFO] FRR_MOTION_V1 capture=707000 cohort=147 generation=1 model=2030390099 timeMs=791343 dt=0.234295815 valid=1 safe=1 grounded=1 x=542.546814 y=134.083725 z=2441.84277 speed=42.8686638 speedometer=42.8517761 absolute=42.8686638 local=42.8686638 linear=42.8686638 vx=-7.23691702 vy=-0.00604526605 vz=42.2533951 slip=0.00198364258 accepted=1 window=60 ratio=0.998622954 cv=0.0101114549 stable=1 metricVerified=1 worldUnitsPerMeter=0.99855119
[2026-10-10 03:29:17.955] [INFO] FRR_MOTION_V1 capture=707000 cohort=147 generation=1 model=2030390099 timeMs=791593 dt=0.243984804 valid=1 safe=1 grounded=1 x=540.223022 y=134.060318 z=2452.1167 speed=42.9407845 speedometer=42.9209976 absolute=42.9407845 local=42.9407883 linear=42.9407845 vx=-10.833333 vy=-0.171461314 vz=41.5514221 slip=0.00260925293 accepted=1 window=61 ratio=0.998747945 cv=0.0100737 stable=1 metricVerified=1 worldUnitsPerMeter=0.99855119
[2026-10-10 03:29:18.125] [INFO] PostRace observation: phase=Roaming complete=1 liveCount=16 registryStatus=Stable observedRacerCount=0 capturedRaceCount=0 matchingRaceIdentities=0 readOnly=1 lifetimeProven=0
[2026-10-10 03:29:18.200] [INFO] FRR_MOTION_V1 capture=707000 cohort=147 generation=1 model=2030390099 timeMs=791843 dt=0.244761199 valid=1 safe=1 grounded=1 x=537.231567 y=133.983719 z=2462.10645 speed=43.3568153 speedometer=43.272789 absolute=43.3568153 local=43.3568192 linear=43.3568153 vx=-13.8450136 vy=-0.356684774 vz=41.0853004 slip=0.00120544434 accepted=1 window=62 ratio=0.998565257 cv=0.0100955795 stable=1 metricVerified=1 worldUnitsPerMeter=0.99855119
[2026-10-10 03:29:18.448] [INFO] FRR_MOTION_V1 capture=707000 cohort=147 generation=1 model=2030390099 timeMs=792093 dt=0.248502702 valid=1 safe=1 grounded=1 x=533.279907 y=133.847015 z=2472.19287 speed=43.4718971 speedometer=43.450779 absolute=43.4718971 local=43.4719009 linear=43.4718971 vx=-17.0018539 vy=-0.650366306 vz=40.0039978 slip=0.00248718262 accepted=1 window=63 ratio=0.998654485 cv=0.0100389272 stable=1 metricVerified=1 worldUnitsPerMeter=0.99855119
[2026-10-10 03:29:18.624] [INFO] PostRace observation: phase=Roaming complete=1 liveCount=16 registryStatus=Stable observedRacerCount=0 capturedRaceCount=0 matchingRaceIdentities=0 readOnly=1 lifetimeProven=0
[2026-10-10 03:29:18.702] [INFO] FRR_MOTION_V1 capture=707000 cohort=147 generation=1 model=2030390099 timeMs=792343 dt=0.253746599 valid=1 safe=1 grounded=1 x=528.357849 y=133.650742 z=2482.08325 speed=43.5702705 speedometer=43.453495 absolute=43.5702705 local=43.5702705 linear=43.5702705 vx=-21.2840614 vy=-0.886715829 vz=38.0075111 slip=0.00198364258 accepted=1 window=64 ratio=0.99868381 cv=0.00996262394 stable=1 metricVerified=1 worldUnitsPerMeter=0.99855119
[2026-10-10 03:29:18.964] [INFO] FRR_MOTION_V1 capture=707000 cohort=147 generation=1 model=2030390099 timeMs=792609 dt=0.261827111 valid=1 safe=1 grounded=1 x=522.013428 y=133.389206 z=2491.53857 speed=43.2693481 speedometer=42.6874313 absolute=43.2693481 local=43.2693481 linear=43.2693481 vx=-26.9022179 vy=-1.06336749 vz=33.8729477 slip=0.00105285645 accepted=1 window=65 ratio=0.998732626 cv=0.00989294611 stable=1 metricVerified=1 worldUnitsPerMeter=0.99855119
[2026-10-10 03:29:19.121] [INFO] PostRace observation: phase=Roaming complete=1 liveCount=16 registryStatus=Stable observedRacerCount=0 capturedRaceCount=0 matchingRaceIdentities=0 readOnly=1 lifetimeProven=0
[2026-10-10 03:29:19.230] [INFO] FRR_MOTION_V1 capture=707000 cohort=147 generation=1 model=2030390099 timeMs=792875 dt=0.2660065 valid=1 safe=1 grounded=1 x=514.335571 y=133.062958 z=2499.93091 speed=43.4463654 speedometer=42.8554497 absolute=43.4463654 local=43.4463692 linear=43.4463654 vx=-31.6924076 vy=-1.46312559 vz=29.6822739 slip=0.00448608398 accepted=1 window=66 ratio=0.998549223 cv=0.0099305464 stable=1 metricVerified=1 worldUnitsPerMeter=0.99855119
[2026-10-10 03:29:19.509] [INFO] FRR_MOTION_V1 capture=707000 cohort=147 generation=1 model=2030390099 timeMs=793140 dt=0.279172719 valid=1 safe=1 grounded=1 x=504.823395 y=132.563492 z=2507.38794 speed=43.3536835 speedometer=42.7240639 absolute=43.3536835 local=43.3536835 linear=43.3536835 vx=-36.0731697 vy=-2.14779305 vz=23.9511032 slip=0.00346374512 accepted=1 window=67 ratio=0.998547435 cv=0.00985618867 stable=1 metricVerified=1 worldUnitsPerMeter=0.99855119
[2026-10-10 03:29:19.627] [INFO] PostRace observation: phase=Roaming complete=1 liveCount=16 registryStatus=Stable observedRacerCount=0 capturedRaceCount=0 matchingRaceIdentities=0 readOnly=1 lifetimeProven=0
[2026-10-10 03:29:19.798] [INFO] FRR_MOTION_V1 capture=707000 cohort=147 generation=1 model=2030390099 timeMs=793437 dt=0.289111406 valid=1 safe=1 grounded=1 x=493.923523 y=131.824158 z=2513.28101 speed=43.2400398 speedometer=43.2011528 absolute=43.2400398 local=43.2400398 linear=43.2400398 vx=-39.3070755 vy=-3.00878 vz=17.765192 slip=0.00497436523 accepted=1 window=68 ratio=0.998445868 cv=0.00981980935 stable=1 metricVerified=1 worldUnitsPerMeter=0.99855119
[2026-10-10 03:29:20.086] [INFO] FRR_MOTION_V1 capture=707000 cohort=147 generation=1 model=2030390099 timeMs=793718 dt=0.287453175 valid=1 safe=1 grounded=1 x=482.062958 y=130.779556 z=2517.71484 speed=43.8350334 speedometer=43.71595 absolute=43.8350334 local=43.8350372 linear=43.8350334 vx=-41.7062454 vy=-4.29006863 vz=12.7943182 slip=0.00335693359 accepted=1 window=69 ratio=0.998688638 cv=0.00995012373 stable=1 metricVerified=1 worldUnitsPerMeter=0.99855119
[2026-10-10 03:29:20.124] [INFO] PostRace observation: phase=Roaming complete=1 liveCount=16 registryStatus=Stable observedRacerCount=0 capturedRaceCount=0 matchingRaceIdentities=0 readOnly=1 lifetimeProven=0
[2026-10-10 03:29:20.360] [INFO] FRR_MOTION_V1 capture=707000 cohort=147 generation=1 model=2030390099 timeMs=794000 dt=0.274452984 valid=1 safe=1 grounded=1 x=470.550049 y=129.514282 z=2520.37842 speed=44.0084076 speedometer=43.9670792 absolute=44.0084076 local=44.0084076 linear=44.0084076 vx=-42.9312897 vy=-5.47760916 vz=7.97748709 slip=0.00430297852 accepted=1 window=70 ratio=0.998506069 cv=0.00999670103 stable=1 metricVerified=1 worldUnitsPerMeter=0.99855119
[2026-10-10 03:29:20.623] [INFO] PostRace observation: phase=Roaming complete=1 liveCount=16 registryStatus=Stable observedRacerCount=0 capturedRaceCount=0 matchingRaceIdentities=0 readOnly=1 lifetimeProven=0
[2026-10-10 03:29:20.635] [INFO] FRR_MOTION_V1 capture=707000 cohort=147 generation=1 model=2030390099 timeMs=794281 dt=0.275162578 valid=1 safe=1 grounded=1 x=458.558624 y=127.889488 z=2521.94824 speed=44.6981087 speedometer=44.6625786 absolute=44.6981087 local=44.6981163 linear=44.6981087 vx=-44.0625114 vy=-6.54940319 vz=3.6771493 slip=0.00372314453 accepted=1 window=71 ratio=0.998524845 cv=0.00992711354 stable=1 metricVerified=1 worldUnitsPerMeter=0.99855119
[2026-10-10 03:29:20.906] [INFO] FRR_MOTION_V1 capture=707000 cohort=147 generation=1 model=2030390099 timeMs=794546 dt=0.270993203 valid=1 safe=1 grounded=1 x=446.316711 y=125.996658 z=2522.53491 speed=45.4932289 speedometer=45.4671822 absolute=45.4932289 local=45.4932365 linear=45.4932289 vx=-44.9382591 vy=-7.03176069 vz=0.860895514 slip=0.00166320801 accepted=1 window=72 ratio=0.998750627 cv=0.0100381179 stable=1 metricVerified=1 worldUnitsPerMeter=0.99855119
[2026-10-10 03:29:21.122] [INFO] PostRace observation: phase=Roaming complete=1 liveCount=16 registryStatus=Stable observedRacerCount=0 capturedRaceCount=0 matchingRaceIdentities=0 readOnly=1 lifetimeProven=0
[2026-10-10 03:29:21.186] [INFO] FRR_MOTION_V1 capture=707000 cohort=147 generation=1 model=2030390099 timeMs=794828 dt=0.280350506 valid=1 safe=1 grounded=1 x=433.711853 y=123.866058 z=2522.82056 speed=46.1294708 speedometer=46.0970612 absolute=46.1294708 local=46.1294708 linear=46.1294708 vx=-45.4506187 vy=-7.83974028 vz=0.841417015 slip=-0.000396728516 accepted=1 window=73 ratio=0.998707592 cv=0.00997625571 stable=1 metricVerified=1 worldUnitsPerMeter=0.99855119
[2026-10-10 03:29:21.461] [INFO] FRR_MOTION_V1 capture=707000 cohort=147 generation=1 model=2030390099 timeMs=795093 dt=0.274534792 valid=1 safe=1 grounded=1 x=421.133636 y=121.705406 z=2523.4165 speed=46.6949463 speedometer=46.6702957 absolute=46.6949463 local=46.6949425 linear=46.6949463 vx=-45.8499374 vy=-7.97727537 vz=3.81631541 slip=0.000534057617 accepted=1 window=74 ratio=0.998761773 cv=0.00991890207 stable=1 metricVerified=1 worldUnitsPerMeter=0.99855119
[2026-10-10 03:29:21.625] [INFO] PostRace observation: phase=Roaming complete=1 liveCount=16 registryStatus=Stable observedRacerCount=0 capturedRaceCount=0 matchingRaceIdentities=0 readOnly=1 lifetimeProven=0
[2026-10-10 03:29:21.737] [INFO] FRR_MOTION_V1 capture=707000 cohort=147 generation=1 model=2030390099 timeMs=795375 dt=0.275961876 valid=1 safe=1 grounded=1 x=408.582245 y=119.607574 z=2525.29102 speed=46.8770447 speedometer=46.3612823 absolute=46.8770447 local=46.8770485 linear=46.8770447 vx=-45.1319885 vy=-7.17557669 vz=10.4437542 slip=-0.00109863281 accepted=1 window=75 ratio=0.998728335 cv=0.00985708274 stable=1 metricVerified=1 worldUnitsPerMeter=0.99855119
[2026-10-10 03:29:21.737] [INFO] Runtime heartbeat: mode=FreeRoamCandidate inWorld=1 raceMode=Roaming loading=0 inNIS=0 fade=0 flow=6 IVehicle=0x46EB41C PVehicle=0x46EB370 raceStatus=0xED291F8 roadNetwork=0x46CD390 pvehicleCount=57 playerCrossCheck=1 vehicles=16 human=1 traffic=13 cops=0 racers=0 none=2 nisCars=0 remote=0 unknown=0 cash=335950 careerCars=3 currentCarHandle=89 careerCompleted=0 profileKey=pseudonymous caps=[world:1,player:1,freeroam:1,road:1,roadNav:1,careerRead:1,spawnWrite:0,economyWrite:0,garageWrite:0] motion=[speed:46.877,speedometer:46.361,absSpeed:46.877,localMag:46.877,linearMag:46.877,slip:-0.001,wheels:4,units:engine/unverified] roadNav=[ai:0xECE270C,curSeg:0,curLane:0,curWidthWorld:0.0,curSpanWorld:0.0,curSegTime:0.000,curCurve:0.0000,curRoadOcc:0,curAvoidOcc:0,curOccBehind:0,futureSeg:0,futureLane:0,futureWidthWorld:0.0,navGapWorld:0.0,futureRoadOcc:0,futureAvoidOcc:0,seekDistWorld:2560.9,seekProjWorld:0.0,farDistWorld:2560.9,farProjWorld:0.0,playerPos:(408.6,119.6,2525.3),seek:(0.0,0.0,0.0),far:(0.0,0.0,0.0),units:world]
[2026-10-10 03:29:21.737] [INFO] Vehicle-spatial observation: registryComplete=1 registryCount=16 enabledActive=13 ignoredInactive=3 boxes=13 failedSpatialReads=0 halfExtentSemanticsResearchBacked=1 learnedModels=11 verifiedLearnedModels=11 catalogFootprintKey=0x79054B53
[2026-10-10 03:29:21.737] [INFO] Primary-camera observation: coherent=1 viewId=1 coordinateMapping=sim(z,-x,y)_to_render fullPlayerViewCoverageVerified=0 renderEnvelopeVerified=0 spawnVisibilityVerified=0
[2026-10-10 03:29:21.737] [INFO] Road-candidate observations: count=4 exactUsable=0 [CurrentRoad:RoadInvalid,seg=0,lane=0,distWorld=2560.9,projWorld=0.0,pointOccupancy=clear,fleetChecked=13,fleetInvalid=0,nearestVehicleGapWorld=2129.6,selectedRivalId=18331059014694192571,selectedVehicleKey=0x79054b53,preconstructionOverlap=unverified,overlapVerified=0,promotion=RoadInvalid,primaryCamera=unverified,separatingPlane=-1,completeSpawnVisibilityVerified=0] [FutureRoad:RoadInvalid,seg=0,lane=0,distWorld=2560.9,projWorld=0.0,pointOccupancy=clear,fleetChecked=13,fleetInvalid=0,nearestVehicleGapWorld=2129.6,selectedRivalId=18331059014694192571,selectedVehicleKey=0x79054b53,preconstructionOverlap=unverified,overlapVerified=0,promotion=RoadInvalid,primaryCamera=unverified,separatingPlane=-1,completeSpawnVisibilityVerified=0] [SeekAhead:RoadGeometryAssociationUnverified,seg=0,lane=0,distWorld=2560.9,projWorld=0.0,pointOccupancy=clear,fleetChecked=13,fleetInvalid=0,nearestVehicleGapWorld=2129.6,selectedRivalId=18331059014694192571,selectedVehicleKey=0x79054b53,preconstructionOverlap=unverified,overlapVerified=0,promotion=RoadGeometryAssociationUnverified,primaryCamera=unverified,separatingPlane=-1,completeSpawnVisibilityVerified=0] [FarFuture:RoadGeometryAssociationUnverified,seg=0,lane=0,distWorld=2560.9,projWorld=0.0,pointOccupancy=clear,fleetChecked=13,fleetInvalid=0,nearestVehicleGapWorld=2129.6,selectedRivalId=18331059014694192571,selectedVehicleKey=0x79054b53,preconstructionOverlap=unverified,overlapVerified=0,promotion=RoadGeometryAssociationUnverified,primaryCamera=unverified,separatingPlane=-1,completeSpawnVisibilityVerified=0]
[2026-10-10 03:29:21.737] [INFO] World-collision evidence: addressAvailable=1 gameplayThreadConfirmed=1 result=pending_or_unavailable cameraVisibilityVerified=0 streamingVerified=0
[2026-10-10 03:29:21.737] [INFO] Motion-scale observation: accepted=240 rejected=14 window=75 worldUnitsPerSpeedUnitSecond=0.99873 cv=0.00986 speedometerToSpeedRatio=1.00360 absoluteToSpeedRatio=1.00000 speedToLocalRatio=1.00000 speedToLinearRatio=1.00000 stable=1 metricVerified=1 worldUnitsPerMeter=0.99855
[2026-10-10 03:29:22.025] [INFO] FRR_MOTION_V1 capture=707000 cohort=147 generation=1 model=2030390099 timeMs=795671 dt=0.288174599 valid=1 safe=1 grounded=1 x=396.201477 y=117.704247 z=2529.54297 speed=46.8833809 speedometer=46.822567 absolute=46.8833809 local=46.8833847 linear=46.8833809 vx=-42.3715706 vy=-6.07744503 vz=19.1250095 slip=-0.00729370117 accepted=1 window=76 ratio=0.998470902 cv=0.010045819 stable=1 metricVerified=1 worldUnitsPerMeter=0.99855119
[2026-10-10 03:29:22.124] [INFO] PostRace observation: phase=Roaming complete=1 liveCount=16 registryStatus=Stable observedRacerCount=0 capturedRaceCount=0 matchingRaceIdentities=0 readOnly=1 lifetimeProven=0
[2026-10-10 03:29:22.314] [INFO] FRR_MOTION_V1 capture=707000 cohort=147 generation=1 model=2030390099 timeMs=795953 dt=0.28900221 valid=1 safe=1 grounded=1 x=384.402069 y=116.096016 z=2536.3313 speed=47.3815765 speedometer=47.3429642 absolute=47.3815765 local=47.3815765 linear=47.3815765 vx=-38.6861763 vy=-4.76444054 vz=26.9386997 slip=-0.00543212891 accepted=1 window=77 ratio=0.998572826 cv=0.010018928 stable=1 metricVerified=1 worldUnitsPerMeter=0.99855119
[2026-10-10 03:29:22.600] [INFO] FRR_MOTION_V1 capture=707000 cohort=147 generation=1 model=2030390099 timeMs=796234 dt=0.285892189 valid=1 safe=1 grounded=1 x=374.017303 y=115.0905 z=2545.04517 speed=47.4815636 speedometer=47.4720802 absolute=47.4815636 local=47.4815636 linear=47.4815636 vx=-33.7360649 vy=-1.94060218 vz=33.3558197 slip=-0.00143432617 accepted=1 window=78 ratio=0.998622596 cv=0.00996359996 stable=1 metricVerified=1 worldUnitsPerMeter=0.99855119
[2026-10-10 03:29:22.620] [INFO] PostRace observation: phase=Roaming complete=1 liveCount=16 registryStatus=Stable observedRacerCount=0 capturedRaceCount=0 matchingRaceIdentities=0 readOnly=1 lifetimeProven=0
[2026-10-10 03:29:22.877] [INFO] FRR_MOTION_V1 capture=707000 cohort=147 generation=1 model=2030390099 timeMs=796515 dt=0.277564287 valid=1 safe=1 grounded=1 x=365.176056 y=114.942612 z=2554.9375 speed=47.8775406 speedometer=47.8550987 absolute=47.8775406 local=47.8775406 linear=47.8775406 vx=-29.5910435 vy=0.631123245 vz=37.632843 slip=-0.00393676758 accepted=1 window=79 ratio=0.998672664 cv=0.00990975462 stable=1 metricVerified=1 worldUnitsPerMeter=0.99855119
[2026-10-10 03:29:23.122] [INFO] PostRace observation: phase=Roaming complete=1 liveCount=16 registryStatus=Stable observedRacerCount=0 capturedRaceCount=0 matchingRaceIdentities=0 readOnly=1 lifetimeProven=0
[2026-10-10 03:29:23.150] [INFO] FRR_MOTION_V1 capture=707000 cohort=147 generation=1 model=2030390099 timeMs=796796 dt=0.272985697 valid=1 safe=1 grounded=1 x=357.463745 y=115.146576 z=2565.396 speed=47.997509 speedometer=47.6565742 absolute=47.997509 local=47.997509 linear=47.997509 vx=-28.5093746 vy=1.04731178 vz=38.5989571 slip=-0.00509643555 accepted=1 window=80 ratio=0.998603284 cv=0.00986767374 stable=1 metricVerified=1 worldUnitsPerMeter=0.99855119
[2026-10-10 03:29:23.408] [INFO] FRR_MOTION_V1 capture=707000 cohort=147 generation=1 model=2030390099 timeMs=797046 dt=0.257458895 valid=1 safe=1 grounded=1 x=349.702332 y=115.433571 z=2575.00269 speed=47.7480888 speedometer=47.7213593 absolute=47.7480888 local=47.7480888 linear=47.7480888 vx=-31.6249714 vy=0.943653166 vz=35.7610207 slip=0.00395202637 accepted=1 window=81 ratio=0.998648822 cv=0.00981461536 stable=1 metricVerified=1 worldUnitsPerMeter=0.99855119
[2026-10-10 03:29:23.625] [INFO] PostRace observation: phase=Roaming complete=1 liveCount=16 registryStatus=Stable observedRacerCount=0 capturedRaceCount=0 matchingRaceIdentities=0 readOnly=1 lifetimeProven=0
[2026-10-10 03:29:23.681] [INFO] FRR_MOTION_V1 capture=707000 cohort=147 generation=1 model=2030390099 timeMs=797328 dt=0.272301197 valid=1 safe=1 grounded=1 x=340.79538 y=115.570595 z=2584.41943 speed=47.8187943 speedometer=47.7410507 absolute=47.8187943 local=47.8187943 linear=47.8187943 vx=-34.0433617 vy=-0.0617445186 vz=33.5809898 slip=0.00770568848 accepted=1 window=82 ratio=0.998619437 cv=0.00975846872 stable=1 metricVerified=1 worldUnitsPerMeter=0.99855119
[2026-10-10 03:29:23.954] [INFO] FRR_MOTION_V1 capture=707000 cohort=147 generation=1 model=2030390099 timeMs=797593 dt=0.273771495 valid=1 safe=1 grounded=1 x=331.25708 y=115.472542 z=2593.50977 speed=47.9069176 speedometer=47.6254807 absolute=47.9069176 local=47.9069214 linear=47.9069176 vx=-35.0921516 vy=-0.649259388 vz=32.6066284 slip=-0.00370788574 accepted=1 window=83 ratio=0.998703301 cv=0.00972845405 stable=1 metricVerified=1 worldUnitsPerMeter=0.99855119
[2026-10-10 03:29:24.121] [INFO] PostRace observation: phase=Roaming complete=1 liveCount=16 registryStatus=Stable observedRacerCount=0 capturedRaceCount=0 matchingRaceIdentities=0 readOnly=1 lifetimeProven=0
[2026-10-10 03:29:24.234] [INFO] FRR_MOTION_V1 capture=707000 cohort=147 generation=1 model=2030390099 timeMs=797875 dt=0.279832393 valid=1 safe=1 grounded=1 x=321.229401 y=115.239746 z=2602.30688 speed=47.6505699 speedometer=47.2177162 absolute=47.6505699 local=47.6505737 linear=47.6505699 vx=-37.1422195 vy=-0.955514669 vz=29.8348656 slip=-0.000961303711 accepted=1 window=84 ratio=0.998693407 cv=0.00967089087 stable=1 metricVerified=1 worldUnitsPerMeter=0.99855119
[2026-10-10 03:29:24.516] [INFO] FRR_MOTION_V1 capture=707000 cohort=147 generation=1 model=2030390099 timeMs=798156 dt=0.282686025 valid=1 safe=1 grounded=1 x=310.177795 y=114.958809 z=2610.07495 speed=47.8638344 speedometer=47.8160286 absolute=47.8638344 local=47.8638344 linear=47.8638344 vx=-40.8545227 vy=-1.00630581 vz=24.9167042 slip=0.00639343262 accepted=1 window=85 ratio=0.9987185 cv=0.00961635448 stable=1 metricVerified=1 worldUnitsPerMeter=0.99855119
[2026-10-10 03:29:24.627] [INFO] PostRace observation: phase=Roaming complete=1 liveCount=16 registryStatus=Stable observedRacerCount=0 capturedRaceCount=0 matchingRaceIdentities=0 readOnly=1 lifetimeProven=0
[2026-10-10 03:29:24.819] [INFO] FRR_MOTION_V1 capture=707000 cohort=147 generation=1 model=2030390099 timeMs=798453 dt=0.302378297 valid=1 safe=1 grounded=1 x=297.381592 y=114.765602 z=2616.66895 speed=48.2085724 speedometer=47.8626022 absolute=48.2085724 local=48.2085686 linear=48.2085724 vx=-44.1829185 vy=-0.25496918 vz=19.2839584 slip=0.00128173828 accepted=1 window=86 ratio=0.998630524 cv=0.00959558319 stable=1 metricVerified=1 worldUnitsPerMeter=0.99855119
[2026-10-10 03:29:25.116] [INFO] FRR_MOTION_V1 capture=707000 cohort=147 generation=1 model=2030390099 timeMs=798750 dt=0.297247618 valid=1 safe=1 grounded=1 x=284.019226 y=114.741219 z=2621.65576 speed=48.4016724 speedometer=48.3796768 absolute=48.4016724 local=48.4016762 linear=48.4016724 vx=-46.0187263 vy=-0.030356368 vz=14.9999275 slip=0.00317382812 accepted=1 window=87 ratio=0.998569429 cv=0.00955771655 stable=1 metricVerified=1 worldUnitsPerMeter=0.99855119
[2026-10-10 03:29:25.129] [INFO] PostRace observation: phase=Roaming complete=1 liveCount=16 registryStatus=Stable observedRacerCount=0 capturedRaceCount=0 matchingRaceIdentities=0 readOnly=1 lifetimeProven=0
[2026-10-10 03:29:25.424] [INFO] FRR_MOTION_V1 capture=707000 cohort=147 generation=1 model=2030390099 timeMs=799062 dt=0.307941079 valid=1 safe=1 grounded=1 x=269.571838 y=114.678795 z=2625.48218 speed=48.5988083 speedometer=48.5797005 absolute=48.5988083 local=48.5988045 linear=48.5988083 vx=-47.4964676 vy=-0.22597152 vz=10.2897243 slip=0.00274658203 accepted=1 window=88 ratio=0.998593628 cv=0.00950571243 stable=1 metricVerified=1 worldUnitsPerMeter=0.99855119
[2026-10-10 03:29:25.626] [INFO] PostRace observation: phase=Roaming complete=1 liveCount=16 registryStatus=Stable observedRacerCount=0 capturedRaceCount=0 matchingRaceIdentities=0 readOnly=1 lifetimeProven=0
[2026-10-10 03:29:25.729] [INFO] FRR_MOTION_V1 capture=707000 cohort=147 generation=1 model=2030390099 timeMs=799375 dt=0.304844201 valid=1 safe=1 grounded=1 x=254.943314 y=114.59687 z=2627.93774 speed=48.9095345 speedometer=48.8956261 absolute=48.9095345 local=48.9095383 linear=48.9095345 vx=-48.572998 vy=-0.187833413 vz=5.72460079 slip=0.00048828125 accepted=1 window=89 ratio=0.998587489 cv=0.00945239142 stable=1 metricVerified=1 worldUnitsPerMeter=0.99855119
[2026-10-10 03:29:26.030] [INFO] FRR_MOTION_V1 capture=707000 cohort=147 generation=1 model=2030390099 timeMs=799671 dt=0.300715387 valid=1 safe=1 grounded=1 x=240.063431 y=114.525543 z=2629.09448 speed=49.1578102 speedometer=49.1423721 absolute=49.1578102 local=49.1578102 linear=49.1578102 vx=-49.138031 vy=-0.167045936 vz=1.38435924 slip=0.000839233398 accepted=1 window=90 ratio=0.998738647 cv=0.00950614735 stable=1 metricVerified=1 worldUnitsPerMeter=0.99855119
[2026-10-10 03:29:26.123] [INFO] PostRace observation: phase=Roaming complete=1 liveCount=16 registryStatus=Stable observedRacerCount=0 capturedRaceCount=0 matchingRaceIdentities=0 readOnly=1 lifetimeProven=0
[2026-10-10 03:29:26.345] [INFO] FRR_MOTION_V1 capture=707000 cohort=147 generation=1 model=2030390099 timeMs=799984 dt=0.315303624 valid=1 safe=1 grounded=1 x=224.63179 y=114.438507 z=2628.90918 speed=49.6101913 speedometer=49.591713 absolute=49.6101913 local=49.610199 linear=49.6101913 vx=-49.5454979 vy=-0.426112413 vz=-2.49659276 slip=0.00207519531 accepted=1 window=91 ratio=0.99865514 cv=0.00948777888 stable=1 metricVerified=1 worldUnitsPerMeter=0.99855119
[2026-10-10 03:29:26.628] [INFO] PostRace observation: phase=Roaming complete=1 liveCount=16 registryStatus=Stable observedRacerCount=0 capturedRaceCount=0 matchingRaceIdentities=0 readOnly=1 lifetimeProven=0
[2026-10-10 03:29:26.650] [INFO] FRR_MOTION_V1 capture=707000 cohort=147 generation=1 model=2030390099 timeMs=800296 dt=0.305139482 valid=1 safe=1 grounded=1 x=209.302292 y=114.292068 z=2627.74243 speed=50.121273 speedometer=50.1064301 absolute=50.121273 local=50.121273 linear=50.121273 vx=-49.8999786 vy=-0.576463997 vz=-4.66924477 slip=0.000793457031 accepted=1 window=92 ratio=0.998782992 cv=0.00951357372 stable=1 metricVerified=1 worldUnitsPerMeter=0.99855119
[2026-10-10 03:29:26.949] [INFO] FRR_MOTION_V1 capture=707000 cohort=147 generation=1 model=2030390099 timeMs=800593 dt=0.29951641 valid=1 safe=1 grounded=1 x=194.514969 y=114.093956 z=2626.04785 speed=50.4110603 speedometer=50.3936729 absolute=50.4110603 local=50.4110527 linear=50.4110603 vx=-49.8826447 vy=-0.820231855 vz=-7.23353624 slip=-0.00080871582 accepted=1 window=93 ratio=0.998674572 cv=0.00952042732 stable=1 metricVerified=1 worldUnitsPerMeter=0.99855119
[2026-10-10 03:29:27.128] [INFO] PostRace observation: phase=Roaming complete=1 liveCount=16 registryStatus=Stable observedRacerCount=0 capturedRaceCount=0 matchingRaceIdentities=0 readOnly=1 lifetimeProven=0
[2026-10-10 03:29:27.265] [INFO] FRR_MOTION_V1 capture=707000 cohort=147 generation=1 model=2030390099 timeMs=800906 dt=0.314987719 valid=1 safe=1 grounded=1 x=178.908051 y=113.822586 z=2623.39404 speed=50.9323196 speedometer=50.9152603 absolute=50.9323196 local=50.9323235 linear=50.9323196 vx=-49.9279823 vy=-0.966643751 vz=-10.0181484 slip=0.00170898438 accepted=1 window=94 ratio=0.998603582 cv=0.00949512143 stable=1 metricVerified=1 worldUnitsPerMeter=0.99855119
[2026-10-10 03:29:27.585] [INFO] FRR_MOTION_V1 capture=707000 cohort=147 generation=1 model=2030390099 timeMs=801218 dt=0.32009083 valid=1 safe=1 grounded=1 x=162.665115 y=113.401939 z=2619.77466 speed=51.4708519 speedometer=51.4508018 absolute=51.4708519 local=51.4708633 linear=51.4708519 vx=-50.0333366 vy=-1.75522888 vz=-11.9512749 slip=0.000640869141 accepted=1 window=95 ratio=0.998783648 cv=0.00960370433 stable=1 metricVerified=1 worldUnitsPerMeter=0.99855119
[2026-10-10 03:29:27.585] [INFO] Runtime heartbeat: mode=FreeRoamCandidate inWorld=1 raceMode=Roaming loading=0 inNIS=0 fade=0 flow=6 IVehicle=0x46EB41C PVehicle=0x46EB370 raceStatus=0xED291F8 roadNetwork=0x46CD390 pvehicleCount=57 playerCrossCheck=1 vehicles=16 human=1 traffic=13 cops=0 racers=0 none=2 nisCars=0 remote=0 unknown=0 cash=335950 careerCars=3 currentCarHandle=89 careerCompleted=0 profileKey=pseudonymous caps=[world:1,player:1,freeroam:1,road:1,roadNav:1,careerRead:1,spawnWrite:0,economyWrite:0,garageWrite:0] motion=[speed:51.471,speedometer:51.451,absSpeed:51.471,localMag:51.471,linearMag:51.471,slip:0.001,wheels:4,units:engine/unverified] roadNav=[ai:0xECE270C,curSeg:0,curLane:0,curWidthWorld:0.0,curSpanWorld:0.0,curSegTime:0.000,curCurve:0.0000,curRoadOcc:0,curAvoidOcc:0,curOccBehind:0,futureSeg:0,futureLane:0,futureWidthWorld:0.0,navGapWorld:0.0,futureRoadOcc:0,futureAvoidOcc:0,seekDistWorld:2627.3,seekProjWorld:0.0,farDistWorld:2627.3,farProjWorld:0.0,playerPos:(162.7,113.4,2619.8),seek:(0.0,0.0,0.0),far:(0.0,0.0,0.0),units:world]
[2026-10-10 03:29:27.585] [INFO] Vehicle-spatial observation: registryComplete=1 registryCount=16 enabledActive=13 ignoredInactive=3 boxes=13 failedSpatialReads=0 halfExtentSemanticsResearchBacked=1 learnedModels=11 verifiedLearnedModels=11 catalogFootprintKey=0x79054B53
[2026-10-10 03:29:27.585] [INFO] Primary-camera observation: coherent=1 viewId=1 coordinateMapping=sim(z,-x,y)_to_render fullPlayerViewCoverageVerified=0 renderEnvelopeVerified=0 spawnVisibilityVerified=0
[2026-10-10 03:29:27.585] [INFO] Road-candidate observations: count=4 exactUsable=0 [CurrentRoad:RoadInvalid,seg=0,lane=0,distWorld=2627.3,projWorld=0.0,pointOccupancy=clear,fleetChecked=13,fleetInvalid=0,nearestVehicleGapWorld=2545.0,selectedRivalId=18331059014694192571,selectedVehicleKey=0x79054b53,preconstructionOverlap=unverified,overlapVerified=0,promotion=RoadInvalid,primaryCamera=unverified,separatingPlane=-1,completeSpawnVisibilityVerified=0] [FutureRoad:RoadInvalid,seg=0,lane=0,distWorld=2627.3,projWorld=0.0,pointOccupancy=clear,fleetChecked=13,fleetInvalid=0,nearestVehicleGapWorld=2545.0,selectedRivalId=18331059014694192571,selectedVehicleKey=0x79054b53,preconstructionOverlap=unverified,overlapVerified=0,promotion=RoadInvalid,primaryCamera=unverified,separatingPlane=-1,completeSpawnVisibilityVerified=0] [SeekAhead:RoadGeometryAssociationUnverified,seg=0,lane=0,distWorld=2627.3,projWorld=0.0,pointOccupancy=clear,fleetChecked=13,fleetInvalid=0,nearestVehicleGapWorld=2545.0,selectedRivalId=18331059014694192571,selectedVehicleKey=0x79054b53,preconstructionOverlap=unverified,overlapVerified=0,promotion=RoadGeometryAssociationUnverified,primaryCamera=unverified,separatingPlane=-1,completeSpawnVisibilityVerified=0] [FarFuture:RoadGeometryAssociationUnverified,seg=0,lane=0,distWorld=2627.3,projWorld=0.0,pointOccupancy=clear,fleetChecked=13,fleetInvalid=0,nearestVehicleGapWorld=2545.0,selectedRivalId=18331059014694192571,selectedVehicleKey=0x79054b53,preconstructionOverlap=unverified,overlapVerified=0,promotion=RoadGeometryAssociationUnverified,primaryCamera=unverified,separatingPlane=-1,completeSpawnVisibilityVerified=0]
[2026-10-10 03:29:27.585] [INFO] World-collision evidence: addressAvailable=1 gameplayThreadConfirmed=1 result=pending_or_unavailable cameraVisibilityVerified=0 streamingVerified=0
[2026-10-10 03:29:27.585] [INFO] Motion-scale observation: accepted=260 rejected=14 window=95 worldUnitsPerSpeedUnitSecond=0.99878 cv=0.00960 speedometerToSpeedRatio=1.00238 absoluteToSpeedRatio=1.00000 speedToLocalRatio=1.00000 speedToLinearRatio=1.00000 stable=1 metricVerified=1 worldUnitsPerMeter=0.99855
[2026-10-10 03:29:27.629] [INFO] PostRace observation: phase=Roaming complete=1 liveCount=16 registryStatus=Stable observedRacerCount=0 capturedRaceCount=0 matchingRaceIdentities=0 readOnly=1 lifetimeProven=0
[2026-10-10 03:29:27.908] [INFO] FRR_MOTION_V1 capture=707000 cohort=147 generation=1 model=2030390099 timeMs=801546 dt=0.323935628 valid=1 safe=1 grounded=1 x=146.548386 y=112.783134 z=2615.79126 speed=52.0746193 speedometer=52.0616646 absolute=52.0746193 local=52.0746269 linear=52.0746193 vx=-50.4275169 vy=-2.07929277 vz=-12.8260708 slip=0.000274658203 accepted=1 window=96 ratio=0.998698294 cv=0.00959060714 stable=1 metricVerified=1 worldUnitsPerMeter=0.99855119
[2026-10-10 03:29:28.120] [INFO] PostRace observation: phase=Roaming complete=1 liveCount=16 registryStatus=Stable observedRacerCount=0 capturedRaceCount=0 matchingRaceIdentities=0 readOnly=1 lifetimeProven=0
[2026-10-10 03:29:28.226] [INFO] FRR_MOTION_V1 capture=707000 cohort=147 generation=1 model=2030390099 timeMs=801859 dt=0.316506594 valid=1 safe=1 grounded=1 x=130.491226 y=112.064316 z=2611.68066 speed=52.6746712 speedometer=52.6589508 absolute=52.6746712 local=52.6746826 linear=52.6746712 vx=-50.9172554 vy=-2.43084073 vz=-13.271966 slip=0.000152587891 accepted=1 window=97 ratio=0.998720169 cv=0.00954325031 stable=1 metricVerified=1 worldUnitsPerMeter=0.99855119
[2026-10-10 03:29:28.539] [INFO] FRR_MOTION_V1 capture=707000 cohort=147 generation=1 model=2030390099 timeMs=802171 dt=0.31307891 valid=1 safe=1 grounded=1 x=114.345863 y=111.34417 z=2607.26489 speed=53.0660477 speedometer=53.052166 absolute=53.0660477 local=53.0660439 linear=53.0660477 vx=-50.7839394 vy=-2.07790589 vz=-15.2538347 slip=-0.000534057617 accepted=1 window=98 ratio=0.99885726 cv=0.00958890654 stable=1 metricVerified=1 worldUnitsPerMeter=0.99855119
[2026-10-10 03:29:28.622] [INFO] PostRace observation: phase=Roaming complete=1 liveCount=16 registryStatus=Stable observedRacerCount=0 capturedRaceCount=0 matchingRaceIdentities=0 readOnly=1 lifetimeProven=0
[2026-10-10 03:29:28.849] [INFO] FRR_MOTION_V1 capture=707000 cohort=147 generation=1 model=2030390099 timeMs=802484 dt=0.310586691 valid=1 safe=1 grounded=1 x=98.7210312 y=110.822411 z=2602.1875 speed=53.6717262 speedometer=53.5278091 absolute=53.6717262 local=53.6717339 linear=53.6717262 vx=-50.5924911 vy=-1.41841042 vz=-17.8617535 slip=0.00250244141 accepted=1 window=99 ratio=0.998784542 cv=0.00956824049 stable=1 metricVerified=1 worldUnitsPerMeter=0.99855119
[2026-10-10 03:29:29.129] [INFO] PostRace observation: phase=Roaming complete=1 liveCount=16 registryStatus=Stable observedRacerCount=0 capturedRaceCount=0 matchingRaceIdentities=0 readOnly=1 lifetimeProven=0
[2026-10-10 03:29:29.160] [INFO] FRR_MOTION_V1 capture=707000 cohort=147 generation=1 model=2030390099 timeMs=802796 dt=0.311649412 valid=1 safe=1 grounded=1 x=82.7869644 y=110.378212 z=2596.55078 speed=54.3728027 speedometer=54.3621902 absolute=54.3728027 local=54.3728142 linear=54.3728027 vx=-51.2446861 vy=-1.46573699 vz=-18.1172714 slip=-0.000366210938 accepted=1 window=100 ratio=0.9988392 cv=0.00953530148 stable=1 metricVerified=1 worldUnitsPerMeter=0.99855119
[2026-10-10 03:29:29.476] [INFO] FRR_MOTION_V1 capture=707000 cohort=147 generation=1 model=2030390099 timeMs=803109 dt=0.315724611 valid=1 safe=1 grounded=1 x=66.6773758 y=109.914635 z=2590.98145 speed=54.7481995 speedometer=54.7385864 absolute=54.7481995 local=54.7482109 linear=54.7481995 vx=-51.8107147 vy=-1.5086726 vz=-17.6278 slip=-0.00016784668 accepted=1 window=101 ratio=0.998750269 cv=0.00953048002 stable=1 metricVerified=1 worldUnitsPerMeter=0.99855119
[2026-10-10 03:29:29.624] [INFO] PostRace observation: phase=Roaming complete=1 liveCount=16 registryStatus=Stable observedRacerCount=0 capturedRaceCount=0 matchingRaceIdentities=0 readOnly=1 lifetimeProven=0
[2026-10-10 03:29:29.791] [INFO] FRR_MOTION_V1 capture=707000 cohort=147 generation=1 model=2030390099 timeMs=803437 dt=0.31482771 valid=1 safe=1 grounded=1 x=50.1906319 y=109.486076 z=2585.42969 speed=55.1623726 speedometer=55.1509323 absolute=55.1623726 local=55.1623726 linear=55.1623726 vx=-52.3134499 vy=-1.28580952 vz=-17.4509926 slip=-4.57763672e-05 accepted=1 window=102 ratio=0.998819351 cv=0.00950840674 stable=1 metricVerified=1 worldUnitsPerMeter=0.99855119
[2026-10-10 03:29:30.101] [INFO] FRR_MOTION_V1 capture=707000 cohort=147 generation=1 model=2030390099 timeMs=803734 dt=0.3102718 valid=1 safe=1 grounded=1 x=33.9697113 y=109.101799 z=2579.73804 speed=53.9024582 speedometer=53.242424 absolute=53.9024582 local=53.9024658 linear=53.9024582 vx=-50.0511703 vy=-1.09854996 vz=-19.9787006 slip=-0.00247192383 accepted=1 window=103 ratio=0.998988569 cv=0.00961395912 stable=1 metricVerified=1 worldUnitsPerMeter=0.99855119
[2026-10-10 03:29:30.123] [INFO] PostRace observation: phase=Roaming complete=1 liveCount=16 registryStatus=Stable observedRacerCount=0 capturedRaceCount=0 matchingRaceIdentities=0 readOnly=1 lifetimeProven=0
[2026-10-10 03:29:30.450] [INFO] FRR_MOTION_V1 capture=707000 cohort=147 generation=1 model=2030390099 timeMs=804093 dt=0.349019289 valid=1 safe=1 grounded=1 x=18.2204285 y=108.70536 z=2571.98096 speed=49.3251724 speedometer=49.3092461 absolute=49.3251724 local=49.3251724 linear=49.3251724 vx=-42.0776482 vy=-1.32898033 vz=-25.7036591 slip=0.0103302002 accepted=1 window=104 ratio=0.998756051 cv=0.00985711999 stable=1 metricVerified=1 worldUnitsPerMeter=0.99855119
[2026-10-10 03:29:30.622] [INFO] PostRace observation: phase=Roaming complete=1 liveCount=16 registryStatus=Stable observedRacerCount=0 capturedRaceCount=0 matchingRaceIdentities=0 readOnly=1 lifetimeProven=0
[2026-10-10 03:29:30.795] [INFO] FRR_MOTION_V1 capture=707000 cohort=147 generation=1 model=2030390099 timeMs=804437 dt=0.344479203 valid=1 safe=1 grounded=1 x=5.38033915 y=108.273514 z=2562.39844 speed=35.9811249 speedometer=35.1692543 absolute=35.9811249 local=35.9811249 linear=35.9811249 vx=-27.8684196 vy=-1.67447329 vz=-22.6977692 slip=0.030670166 accepted=0 window=0 ratio=0 cv=0 stable=0 metricVerified=1 worldUnitsPerMeter=0.99855119
[2026-10-10 03:29:31.130] [INFO] PostRace observation: phase=Roaming complete=1 liveCount=16 registryStatus=Stable observedRacerCount=0 capturedRaceCount=0 matchingRaceIdentities=0 readOnly=1 lifetimeProven=0
[2026-10-10 03:29:31.155] [INFO] FRR_MOTION_V1 capture=707000 cohort=147 generation=1 model=2030390099 timeMs=804796 dt=0.360371292 valid=1 safe=1 grounded=1 x=-1.70570409 y=107.906151 z=2557.51953 speed=19.9317818 speedometer=20.4304237 absolute=19.9317818 local=19.9317818 linear=19.9317818 vx=-17.0083866 vy=-0.813373983 vz=-10.3599758 slip=0.0817565918 accepted=0 window=0 ratio=0 cv=0 stable=0 metricVerified=1 worldUnitsPerMeter=0.99855119
[2026-10-10 03:29:31.415] [INFO] Runtime hook health after 98s: renderFrames=12952 inputPolls=0 gameplayLoopCalls=12959 gameplayLoopCompleted=12958 gameplayCallbacks=12958 gameplayLoopInstalled=1 gameplayLoopSourceVerified=1 gameplayLoopThreadConsistent=1 gameplayLoopThread=3548 frameTicks=12959 samples=432 challengeFallbackPresses=0 renderThread=3548 inputThread=0 frameTickThread=3548 renderWorkerStarted=1 endSceneInstalled=1 presentInstalled=1 endSceneCalls=12952 presentCalls=12952 deviceGlobal=0x982bdc device=0x95fd800 vtable=0x960075c frameTickEqualsGameplayLoop=1 frameTickEqualsRender=1
[2026-10-10 03:29:31.415] [INFO] Construction readiness after 98s: BLOCKED blocker=ExactRoadCandidateUnavailable gameplayThreadConfirmed=1 freeRoamObserved=1 roadLookaheadObserved=1 exactRoadCandidateObserved=0 vehicleSpatialEvidenceObserved=1 vehicleFootprintVerified=1 verifiedFootprintVehicleKey=0x79054B53 groundEvidenceVerified=0 worldOcclusionEvidenceObserved=0 metricCalibrationVerified=1 worldUnitsPerMeter=0.998551 spawnCandidateVerified=0
[2026-10-10 03:29:31.511] [INFO] FRR_MOTION_V1 capture=707000 cohort=147 generation=1 model=2030390099 timeMs=805156 dt=0.356165797 valid=1 safe=1 grounded=1 x=-6.43010616 y=107.658623 z=2553.78369 speed=14.017911 speedometer=7.35789633 absolute=14.017911 local=14.017909 linear=14.017911 vx=-9.73829651 vy=-0.539230168 vz=-10.0685968 slip=0.0615081787 accepted=0 window=0 ratio=0 cv=0 stable=0 metricVerified=1 worldUnitsPerMeter=0.99855119
[2026-10-10 03:29:31.629] [INFO] PostRace observation: phase=Roaming complete=1 liveCount=16 registryStatus=Stable observedRacerCount=0 capturedRaceCount=0 matchingRaceIdentities=0 readOnly=1 lifetimeProven=0
[2026-10-10 03:29:31.862] [INFO] FRR_MOTION_V1 capture=707000 cohort=147 generation=1 model=2030390099 timeMs=805500 dt=0.350630313 valid=1 safe=1 grounded=1 x=-8.73517513 y=107.528175 z=2550.823 speed=7.3720088 speedometer=4.317029 absolute=7.3720088 local=7.37201166 linear=7.3720088 vx=-3.61661243 vy=-0.219697759 vz=-6.42015266 slip=0.0484313965 accepted=0 window=0 ratio=0 cv=0 stable=0 metricVerified=1 worldUnitsPerMeter=0.99855119
[2026-10-10 03:29:32.120] [INFO] PostRace observation: phase=Roaming complete=1 liveCount=16 registryStatus=Stable observedRacerCount=0 capturedRaceCount=0 matchingRaceIdentities=0 readOnly=1 lifetimeProven=0
[2026-10-10 03:29:32.180] [INFO] FRR_MOTION_V1 capture=707000 cohort=147 generation=1 model=2030390099 timeMs=805812 dt=0.319336981 valid=1 safe=1 grounded=1 x=-9.19072628 y=107.494675 z=2549.41162 speed=2.55510449 speedometer=3.39961863 absolute=2.55510449 local=2.55510473 linear=2.55510449 vx=0.438606262 vy=-0.00454970961 vz=-2.51717353 slip=-0.0296783447 accepted=0 window=0 ratio=0 cv=0 stable=0 metricVerified=1 worldUnitsPerMeter=0.99855119
[2026-10-10 03:29:32.472] [INFO] FRR_MOTION_V1 capture=707000 cohort=147 generation=1 model=2030390099 timeMs=806109 dt=0.289918005 valid=1 safe=1 grounded=1 x=-8.97678185 y=107.497086 z=2548.81665 speed=2.15827322 speedometer=2.78606248 absolute=2.15827322 local=2.15827274 linear=2.15827322 vx=0.469305873 vy=-0.00684392592 vz=-2.10662007 slip=-0.00540161133 accepted=1 window=1 ratio=0.925393999 cv=0 stable=0 metricVerified=1 worldUnitsPerMeter=0.99855119
[2026-10-10 03:29:32.628] [INFO] PostRace observation: phase=Roaming complete=1 liveCount=16 registryStatus=Stable observedRacerCount=0 capturedRaceCount=0 matchingRaceIdentities=0 readOnly=1 lifetimeProven=0
[2026-10-10 03:29:32.762] [INFO] FRR_MOTION_V1 capture=707000 cohort=147 generation=1 model=2030390099 timeMs=806406 dt=0.290268421 valid=1 safe=1 grounded=1 x=-8.6843214 y=107.498894 z=2548.09302 speed=2.94714069 speedometer=3.66948628 absolute=2.94714069 local=2.94714069 linear=2.94714069 vx=1.63145518 vy=0.0312856548 vz=-2.45418286 slip=-0.0444335938 accepted=0 window=0 ratio=0 cv=0 stable=0 metricVerified=1 worldUnitsPerMeter=0.99855119
[2026-10-10 03:29:33.051] [INFO] FRR_MOTION_V1 capture=707000 cohort=147 generation=1 model=2030390099 timeMs=806687 dt=0.289235711 valid=1 safe=1 grounded=1 x=-8.07067966 y=107.515717 z=2547.44824 speed=3.58026028 speedometer=4.53099728 absolute=3.58026028 local=3.58026171 linear=3.58026028 vx=2.74148893 vy=0.080372557 vz=-2.3013134 slip=-0.0563659668 accepted=1 window=1 ratio=0.943100214 cv=0 stable=0 metricVerified=1 worldUnitsPerMeter=0.99855119
[2026-10-10 03:29:33.129] [INFO] PostRace observation: phase=Roaming complete=1 liveCount=16 registryStatus=Stable observedRacerCount=0 capturedRaceCount=0 matchingRaceIdentities=0 readOnly=1 lifetimeProven=0
[2026-10-10 03:29:33.345] [INFO] FRR_MOTION_V1 capture=707000 cohort=147 generation=1 model=2030390099 timeMs=806984 dt=0.294109076 valid=1 safe=1 grounded=1 x=-7.00450706 y=107.550278 z=2546.80591 speed=4.94122839 speedometer=5.80341482 absolute=4.94122839 local=4.94122887 linear=4.94122839 vx=4.54717827 vy=0.158803239 vz=-1.92709327 slip=-0.0548400879 accepted=0 window=0 ratio=0 cv=0 stable=0 metricVerified=1 worldUnitsPerMeter=0.99855119
[2026-10-10 03:29:33.623] [INFO] PostRace observation: phase=Roaming complete=1 liveCount=16 registryStatus=Stable observedRacerCount=0 capturedRaceCount=0 matchingRaceIdentities=0 readOnly=1 lifetimeProven=0
[2026-10-10 03:29:33.668] [INFO] FRR_MOTION_V1 capture=707000 cohort=147 generation=1 model=2030390099 timeMs=807312 dt=0.322785407 valid=1 safe=1 grounded=1 x=-5.19050884 y=107.618912 z=2546.40161 speed=6.81688547 speedometer=7.3630352 absolute=6.81688547 local=6.81688499 linear=6.81688547 vx=6.74166059 vy=0.261483282 vz=-0.975480616 slip=-0.0293426514 accepted=0 window=0 ratio=0 cv=0 stable=0 metricVerified=1 worldUnitsPerMeter=0.99855119
[2026-10-10 03:29:34.009] [INFO] FRR_MOTION_V1 capture=707000 cohort=147 generation=1 model=2030390099 timeMs=807656 dt=0.34173131 valid=1 safe=1 grounded=1 x=-2.6922133 y=107.717667 z=2546.14233 speed=7.44922018 speedometer=6.97660398 absolute=7.44922018 local=7.44922066 linear=7.44922018 vx=7.40243578 vy=0.296034932 vz=-0.779225171 slip=0.00689697266 accepted=1 window=1 ratio=1.03120589 cv=0 stable=0 metricVerified=1 worldUnitsPerMeter=0.99855119
[2026-10-10 03:29:34.009] [INFO] Runtime heartbeat: mode=FreeRoamCandidate inWorld=1 raceMode=Roaming loading=0 inNIS=0 fade=0 flow=6 IVehicle=0x46EB41C PVehicle=0x46EB370 raceStatus=0xED291F8 roadNetwork=0x46CD390 pvehicleCount=57 playerCrossCheck=1 vehicles=16 human=1 traffic=13 cops=0 racers=0 none=2 nisCars=0 remote=0 unknown=0 cash=335950 careerCars=3 currentCarHandle=89 careerCompleted=0 profileKey=pseudonymous caps=[world:1,player:1,freeroam:1,road:1,roadNav:1,careerRead:1,spawnWrite:0,economyWrite:0,garageWrite:0] motion=[speed:7.449,speedometer:6.977,absSpeed:7.449,localMag:7.449,linearMag:7.449,slip:0.007,wheels:4,units:engine/unverified] roadNav=[ai:0xECE270C,curSeg:0,curLane:0,curWidthWorld:0.0,curSpanWorld:0.0,curSegTime:0.000,curCurve:0.0000,curRoadOcc:0,curAvoidOcc:0,curOccBehind:0,futureSeg:0,futureLane:0,futureWidthWorld:0.0,navGapWorld:0.0,futureRoadOcc:0,futureAvoidOcc:0,seekDistWorld:2548.4,seekProjWorld:0.0,farDistWorld:2548.4,farProjWorld:0.0,playerPos:(-2.7,107.7,2546.1),seek:(0.0,0.0,0.0),far:(0.0,0.0,0.0),units:world]
[2026-10-10 03:29:34.009] [INFO] Vehicle-spatial observation: registryComplete=1 registryCount=16 enabledActive=13 ignoredInactive=3 boxes=13 failedSpatialReads=0 halfExtentSemanticsResearchBacked=1 learnedModels=11 verifiedLearnedModels=11 catalogFootprintKey=0x79054B53
[2026-10-10 03:29:34.009] [INFO] Primary-camera observation: coherent=1 viewId=1 coordinateMapping=sim(z,-x,y)_to_render fullPlayerViewCoverageVerified=0 renderEnvelopeVerified=0 spawnVisibilityVerified=0
[2026-10-10 03:29:34.009] [INFO] Road-candidate observations: count=4 exactUsable=0 [CurrentRoad:RoadInvalid,seg=0,lane=0,distWorld=2548.4,projWorld=0.0,pointOccupancy=clear,fleetChecked=13,fleetInvalid=0,nearestVehicleGapWorld=2278.0,selectedRivalId=18331059014694192571,selectedVehicleKey=0x79054b53,preconstructionOverlap=unverified,overlapVerified=0,promotion=RoadInvalid,primaryCamera=unverified,separatingPlane=-1,completeSpawnVisibilityVerified=0] [FutureRoad:RoadInvalid,seg=0,lane=0,distWorld=2548.4,projWorld=0.0,pointOccupancy=clear,fleetChecked=13,fleetInvalid=0,nearestVehicleGapWorld=2278.0,selectedRivalId=18331059014694192571,selectedVehicleKey=0x79054b53,preconstructionOverlap=unverified,overlapVerified=0,promotion=RoadInvalid,primaryCamera=unverified,separatingPlane=-1,completeSpawnVisibilityVerified=0] [SeekAhead:RoadGeometryAssociationUnverified,seg=0,lane=0,distWorld=2548.4,projWorld=0.0,pointOccupancy=clear,fleetChecked=13,fleetInvalid=0,nearestVehicleGapWorld=2278.0,selectedRivalId=18331059014694192571,selectedVehicleKey=0x79054b53,preconstructionOverlap=unverified,overlapVerified=0,promotion=RoadGeometryAssociationUnverified,primaryCamera=unverified,separatingPlane=-1,completeSpawnVisibilityVerified=0] [FarFuture:RoadGeometryAssociationUnverified,seg=0,lane=0,distWorld=2548.4,projWorld=0.0,pointOccupancy=clear,fleetChecked=13,fleetInvalid=0,nearestVehicleGapWorld=2278.0,selectedRivalId=18331059014694192571,selectedVehicleKey=0x79054b53,preconstructionOverlap=unverified,overlapVerified=0,promotion=RoadGeometryAssociationUnverified,primaryCamera=unverified,separatingPlane=-1,completeSpawnVisibilityVerified=0]
[2026-10-10 03:29:34.009] [INFO] World-collision evidence: addressAvailable=1 gameplayThreadConfirmed=1 result=pending_or_unavailable cameraVisibilityVerified=0 streamingVerified=0
[2026-10-10 03:29:34.009] [INFO] Motion-scale observation: accepted=272 rejected=22 window=1 worldUnitsPerSpeedUnitSecond=1.03121 cv=0.00000 speedometerToSpeedRatio=1.00515 absoluteToSpeedRatio=1.00000 speedToLocalRatio=1.00000 speedToLinearRatio=1.00000 stable=0 metricVerified=1 worldUnitsPerMeter=0.99855
[2026-10-10 03:29:34.125] [INFO] PostRace observation: phase=Roaming complete=1 liveCount=16 registryStatus=Stable observedRacerCount=0 capturedRaceCount=0 matchingRaceIdentities=0 readOnly=1 lifetimeProven=0
[2026-10-10 03:29:34.350] [INFO] FRR_MOTION_V1 capture=707000 cohort=147 generation=1 model=2030390099 timeMs=807984 dt=0.340905219 valid=1 safe=1 grounded=1 x=-0.270127445 y=107.817551 z=2545.84497 speed=6.90732288 speedometer=7.8794179 absolute=6.90732288 local=6.90732241 linear=6.90732288 vx=6.8150382 vy=0.26278013 vz=-1.09421754 slip=0.0150299072 accepted=1 window=2 ratio=1.01462317 cv=0.0163437892 stable=0 metricVerified=1 worldUnitsPerMeter=0.99855119
[2026-10-10 03:29:34.621] [INFO] PostRace observation: phase=Roaming complete=1 liveCount=16 registryStatus=Stable observedRacerCount=0 capturedRaceCount=0 matchingRaceIdentities=0 readOnly=1 lifetimeProven=0
[2026-10-10 03:29:34.690] [INFO] FRR_MOTION_V1 capture=707000 cohort=147 generation=1 model=2030390099 timeMs=808328 dt=0.339005083 valid=1 safe=1 grounded=1 x=2.11635089 y=107.907509 z=2545.2522 speed=8.10678101 speedometer=8.74912071 absolute=8.10678101 local=8.10678196 linear=8.10678101 vx=7.82934952 vy=0.291956306 vz=-2.08229399 slip=0.00450134277 accepted=1 window=3 ratio=0.998708725 cv=0.0262991879 stable=0 metricVerified=1 worldUnitsPerMeter=0.99855119
[2026-10-10 03:29:35.019] [INFO] FRR_MOTION_V1 capture=707000 cohort=147 generation=1 model=2030390099 timeMs=808656 dt=0.330540001 valid=1 safe=1 grounded=1 x=4.75726748 y=108.00341 z=2544.65308 speed=7.93076468 speedometer=7.76207781 absolute=7.93076468 local=7.93076611 linear=7.93076468 vx=7.82554245 vy=0.296180516 vz=-1.25307417 slip=-0.0120544434 accepted=1 window=4 ratio=1.00461483 cv=0.0248262417 stable=0 metricVerified=1 worldUnitsPerMeter=0.99855119
[2026-10-10 03:29:35.123] [INFO] PostRace observation: phase=Roaming complete=1 liveCount=16 registryStatus=Stable observedRacerCount=0 capturedRaceCount=0 matchingRaceIdentities=0 readOnly=1 lifetimeProven=0
[2026-10-10 03:29:35.357] [INFO] FRR_MOTION_V1 capture=707000 cohort=147 generation=1 model=2030390099 timeMs=809000 dt=0.338017076 valid=1 safe=1 grounded=1 x=7.43795824 y=108.107658 z=2544.50098 speed=8.60781384 speedometer=8.88938332 absolute=8.60781384 local=8.60781574 linear=8.60781384 vx=8.60041332 vy=0.335596293 vz=-0.12135683 slip=-0.00704956055 accepted=1 window=5 ratio=0.995954514 cv=0.0283572357 stable=0 metricVerified=1 worldUnitsPerMeter=0.99855119
[2026-10-10 03:29:35.621] [INFO] PostRace observation: phase=Roaming complete=1 liveCount=16 registryStatus=Stable observedRacerCount=0 capturedRaceCount=0 matchingRaceIdentities=0 readOnly=1 lifetimeProven=0
[2026-10-10 03:29:35.691] [INFO] FRR_MOTION_V1 capture=707000 cohort=147 generation=1 model=2030390099 timeMs=809328 dt=0.333486199 valid=1 safe=1 grounded=1 x=10.5322952 y=108.23555 z=2544.70288 speed=9.73993492 speedometer=10.0391951 absolute=9.73993492 local=9.73993492 linear=9.73993492 vx=9.59492397 vy=0.445096612 vz=1.61420083 slip=-0.0136871338 accepted=1 window=6 ratio=0.999036312 cv=0.0267125778 stable=0 metricVerified=1 worldUnitsPerMeter=0.99855119
[2026-10-10 03:29:36.019] [INFO] FRR_MOTION_V1 capture=707000 cohort=147 generation=1 model=2030390099 timeMs=809656 dt=0.32711643 valid=1 safe=1 grounded=1 x=13.9566097 y=108.39373 z=2545.28687 speed=11.3766737 speedometer=11.3844585 absolute=11.3766737 local=11.3766747 linear=11.3766737 vx=11.176343 vy=0.520904362 vz=2.06075811 slip=0.000534057617 accepted=1 window=7 ratio=1.00014842 cv=0.0248532407 stable=0 metricVerified=1 worldUnitsPerMeter=0.99855119
[2026-10-10 03:29:36.129] [INFO] PostRace observation: phase=Roaming complete=1 liveCount=16 registryStatus=Stable observedRacerCount=0 capturedRaceCount=0 matchingRaceIdentities=0 readOnly=1 lifetimeProven=0
[2026-10-10 03:29:36.349] [INFO] FRR_MOTION_V1 capture=707000 cohort=147 generation=1 model=2030390099 timeMs=809984 dt=0.330769688 valid=1 safe=1 grounded=1 x=17.935463 y=108.578247 z=2546.05103 speed=13.2534313 speedometer=13.2210102 absolute=13.2534313 local=13.2534351 linear=13.2534313 vx=12.9966679 vy=0.605226576 vz=2.52463269 slip=-4.57763672e-05 accepted=1 window=8 ratio=0.999587417 cv=0.0233084708 stable=0 metricVerified=1 worldUnitsPerMeter=0.99855119
[2026-10-10 03:29:36.628] [INFO] PostRace observation: phase=Roaming complete=1 liveCount=16 registryStatus=Stable observedRacerCount=0 capturedRaceCount=0 matchingRaceIdentities=0 readOnly=1 lifetimeProven=0
[2026-10-10 03:29:36.672] [INFO] FRR_MOTION_V1 capture=707000 cohort=147 generation=1 model=2030390099 timeMs=810312 dt=0.322674602 valid=1 safe=1 grounded=1 x=22.219574 y=108.788132 z=2547.04297 speed=14.3227835 speedometer=14.3517618 absolute=14.3227835 local=14.3227835 linear=14.3227835 vx=13.9155531 vy=0.706186235 vz=3.31674337 slip=0.000534057617 accepted=1 window=9 ratio=0.998469055 cv=0.0222269855 stable=0 metricVerified=1 worldUnitsPerMeter=0.99855119
[2026-10-10 03:29:36.998] [INFO] FRR_MOTION_V1 capture=707000 cohort=147 generation=1 model=2030390099 timeMs=810640 dt=0.325609684 valid=1 safe=1 grounded=1 x=26.9885693 y=109.03157 z=2548.24243 speed=15.9194307 speedometer=15.915328 absolute=15.9194307 local=15.9194307 linear=15.9194307 vx=15.3998957 vy=0.769813538 vz=3.95965862 slip=0 accepted=1 window=10 ratio=0.998621464 cv=0.0210881215 stable=0 metricVerified=1 worldUnitsPerMeter=0.99855119
[2026-10-10 03:29:37.129] [INFO] PostRace observation: phase=Roaming complete=1 liveCount=16 registryStatus=Stable observedRacerCount=0 capturedRaceCount=0 matchingRaceIdentities=0 readOnly=1 lifetimeProven=0
[2026-10-10 03:29:37.320] [INFO] FRR_MOTION_V1 capture=707000 cohort=147 generation=1 model=2030390099 timeMs=810953 dt=0.322054386 valid=1 safe=1 grounded=1 x=32.0315895 y=109.293274 z=2549.78052 speed=16.6779156 speedometer=16.6550541 absolute=16.6779156 local=16.6779156 linear=16.6779156 vx=15.8639774 vy=0.888127148 vz=5.06934834 slip=0.000640869141 accepted=1 window=11 ratio=0.99926275 cv=0.0201960467 stable=0 metricVerified=1 worldUnitsPerMeter=0.99855119
[2026-10-10 03:29:37.621] [INFO] PostRace observation: phase=Roaming complete=1 liveCount=16 registryStatus=Stable observedRacerCount=0 capturedRaceCount=0 matchingRaceIdentities=0 readOnly=1 lifetimeProven=0
[2026-10-10 03:29:37.633] [INFO] FRR_MOTION_V1 capture=707000 cohort=147 generation=1 model=2030390099 timeMs=811265 dt=0.312992901 valid=1 safe=1 grounded=1 x=37.1193962 y=109.56694 z=2551.51514 speed=18.1834278 speedometer=17.5409966 absolute=18.1834278 local=18.1834297 linear=18.1834278 vx=17.136158 vy=0.879465103 vz=6.01794577 slip=0.000122070312 accepted=1 window=12 ratio=0.998203993 cv=0.0196738169 stable=1 metricVerified=1 worldUnitsPerMeter=0.99855119
[2026-10-10 03:29:37.950] [INFO] FRR_MOTION_V1 capture=707000 cohort=147 generation=1 model=2030390099 timeMs=811593 dt=0.317308187 valid=1 safe=1 grounded=1 x=42.9920387 y=109.87809 z=2553.59595 speed=20.1253242 speedometer=17.5409966 absolute=20.1253242 local=20.1253262 linear=20.1253242 vx=18.9368191 vy=1.01044858 vz=6.73829174 slip=-6.10351562e-05 accepted=1 window=13 ratio=1.0003711 cv=0.0202990659 stable=1 metricVerified=1 worldUnitsPerMeter=0.99855119
[2026-10-10 03:29:38.125] [INFO] PostRace observation: phase=Roaming complete=1 liveCount=16 registryStatus=Stable observedRacerCount=0 capturedRaceCount=0 matchingRaceIdentities=0 readOnly=1 lifetimeProven=0
[2026-10-10 03:29:38.242] [INFO] FRR_MOTION_V1 capture=707000 cohort=147 generation=1 model=2030390099 timeMs=811875 dt=0.292726994 valid=1 safe=1 grounded=1 x=48.6530876 y=110.165634 z=2555.61353 speed=21.1123714 speedometer=21.0844574 absolute=21.1123714 local=21.1123753 linear=21.1123714 vx=19.863554 vy=0.991712689 vz=7.08434677 slip=-7.62939453e-05 accepted=1 window=14 ratio=1.00011992 cv=0.019586524 stable=1 metricVerified=1 worldUnitsPerMeter=0.99855119
[2026-10-10 03:29:38.535] [INFO] FRR_MOTION_V1 capture=707000 cohort=147 generation=1 model=2030390099 timeMs=812171 dt=0.291657895 valid=1 safe=1 grounded=1 x=54.5820618 y=110.462509 z=2557.73657 speed=22.093771 speedometer=22.0648956 absolute=22.093771 local=22.093771 linear=22.093771 vx=20.7855434 vy=0.992669642 vz=7.42364407 slip=-0.000122070312 accepted=1 window=15 ratio=1.0001533 cv=0.0189221613 stable=1 metricVerified=1 worldUnitsPerMeter=0.99855119
[2026-10-10 03:29:38.625] [INFO] PostRace observation: phase=Roaming complete=1 liveCount=16 registryStatus=Stable observedRacerCount=0 capturedRaceCount=0 matchingRaceIdentities=0 readOnly=1 lifetimeProven=0
[2026-10-10 03:29:38.835] [INFO] FRR_MOTION_V1 capture=707000 cohort=147 generation=1 model=2030390099 timeMs=812468 dt=0.301655293 valid=1 safe=1 grounded=1 x=60.9635124 y=110.760437 z=2560.01758 speed=23.1064148 speedometer=23.0764198 absolute=23.1064148 local=23.106411 linear=23.1064148 vx=21.7386856 vy=1.00116479 vz=7.76746798 slip=-0.000106811523 accepted=1 window=16 ratio=0.999831736 cv=0.0183694679 stable=1 metricVerified=1 worldUnitsPerMeter=0.99855119
[2026-10-10 03:29:39.120] [INFO] PostRace observation: phase=Roaming complete=1 liveCount=16 registryStatus=Stable observedRacerCount=0 capturedRaceCount=0 matchingRaceIdentities=0 readOnly=1 lifetimeProven=0
[2026-10-10 03:29:39.132] [INFO] FRR_MOTION_V1 capture=707000 cohort=147 generation=1 model=2030390099 timeMs=812765 dt=0.295491189 valid=1 safe=1 grounded=1 x=67.5370178 y=111.045204 z=2562.36646 speed=24.0764751 speedometer=24.0461807 absolute=24.0764751 local=24.0764771 linear=24.0764751 vx=22.6580982 vy=0.916227043 vz=8.08998203 slip=-7.62939453e-05 accepted=1 window=17 ratio=0.999970734 cv=0.0178271979 stable=1 metricVerified=1 worldUnitsPerMeter=0.99855119
[2026-10-10 03:29:39.427] [INFO] FRR_MOTION_V1 capture=707000 cohort=147 generation=1 model=2030390099 timeMs=813062 dt=0.295212716 valid=1 safe=1 grounded=1 x=74.3859177 y=111.294518 z=2564.81226 speed=25.0887146 speedometer=25.060051 absolute=25.0887146 local=25.0887203 linear=25.0887146 vx=23.6114845 vy=0.843691826 vz=8.43976498 slip=-0.000122070312 accepted=1 window=18 ratio=1.00012302 cv=0.0173336621 stable=1 metricVerified=1 worldUnitsPerMeter=0.99855119
[2026-10-10 03:29:39.625] [INFO] PostRace observation: phase=Roaming complete=1 liveCount=16 registryStatus=Stable observedRacerCount=0 capturedRaceCount=0 matchingRaceIdentities=0 readOnly=1 lifetimeProven=0
[2026-10-10 03:29:39.726] [INFO] FRR_MOTION_V1 capture=707000 cohort=147 generation=1 model=2030390099 timeMs=813359 dt=0.300060302 valid=1 safe=1 grounded=1 x=81.6202927 y=111.533356 z=2567.39697 speed=26.1182404 speedometer=26.089365 absolute=26.1182404 local=26.1182423 linear=26.1182404 vx=24.585041 vy=0.714338005 vz=8.78794289 slip=-0.000122070312 accepted=1 window=19 ratio=1.00013971 cv=0.0168712158 stable=1 metricVerified=1 worldUnitsPerMeter=0.99855119
[2026-10-10 03:29:40.024] [INFO] FRR_MOTION_V1 capture=707000 cohort=147 generation=1 model=2030390099 timeMs=813656 dt=0.296903998 valid=1 safe=1 grounded=1 x=89.0371933 y=111.752701 z=2570.04956 speed=27.1377831 speedometer=27.10742 absolute=27.1377831 local=27.1377831 linear=27.1377831 vx=25.541853 vy=0.742472887 vz=9.13902664 slip=-0.000122070312 accepted=1 window=20 ratio=0.999968648 cv=0.0164637305 stable=1 metricVerified=1 worldUnitsPerMeter=0.99855119
[2026-10-10 03:29:40.123] [INFO] PostRace observation: phase=Roaming complete=1 liveCount=16 registryStatus=Stable observedRacerCount=0 capturedRaceCount=0 matchingRaceIdentities=0 readOnly=1 lifetimeProven=0
[2026-10-10 03:29:40.316] [INFO] FRR_MOTION_V1 capture=707000 cohort=147 generation=1 model=2030390099 timeMs=813953 dt=0.292774498 valid=1 safe=1 grounded=1 x=96.6265411 y=111.961754 z=2572.76587 speed=28.1393356 speedometer=28.1120071 absolute=28.1393356 local=28.1393375 linear=28.1393356 vx=26.4822998 vy=0.745030522 vz=9.48445892 slip=-0.000122070312 accepted=1 window=21 ratio=0.999803305 cv=0.0160866249 stable=1 metricVerified=1 worldUnitsPerMeter=0.99855119
[2026-10-10 03:29:40.316] [INFO] Runtime heartbeat: mode=FreeRoamCandidate inWorld=1 raceMode=Roaming loading=0 inNIS=0 fade=0 flow=6 IVehicle=0x46EB41C PVehicle=0x46EB370 raceStatus=0xED291F8 roadNetwork=0x46CD390 pvehicleCount=57 playerCrossCheck=1 vehicles=16 human=1 traffic=13 cops=0 racers=0 none=2 nisCars=0 remote=0 unknown=0 cash=335950 careerCars=3 currentCarHandle=89 careerCompleted=0 profileKey=pseudonymous caps=[world:1,player:1,freeroam:1,road:1,roadNav:1,careerRead:1,spawnWrite:0,economyWrite:0,garageWrite:0] motion=[speed:28.139,speedometer:28.112,absSpeed:28.139,localMag:28.139,linearMag:28.139,slip:-0.000,wheels:4,units:engine/unverified] roadNav=[ai:0xECE270C,curSeg:0,curLane:0,curWidthWorld:0.0,curSpanWorld:0.0,curSegTime:0.000,curCurve:0.0000,curRoadOcc:0,curAvoidOcc:0,curOccBehind:0,futureSeg:0,futureLane:0,futureWidthWorld:0.0,navGapWorld:0.0,futureRoadOcc:0,futureAvoidOcc:0,seekDistWorld:2577.0,seekProjWorld:0.0,farDistWorld:2577.0,farProjWorld:0.0,playerPos:(96.6,112.0,2572.8),seek:(0.0,0.0,0.0),far:(0.0,0.0,0.0),units:world]
[2026-10-10 03:29:40.316] [INFO] Vehicle-spatial observation: registryComplete=1 registryCount=16 enabledActive=13 ignoredInactive=3 boxes=13 failedSpatialReads=0 halfExtentSemanticsResearchBacked=1 learnedModels=11 verifiedLearnedModels=11 catalogFootprintKey=0x79054B53
[2026-10-10 03:29:40.316] [INFO] Primary-camera observation: coherent=1 viewId=1 coordinateMapping=sim(z,-x,y)_to_render fullPlayerViewCoverageVerified=0 renderEnvelopeVerified=0 spawnVisibilityVerified=0
[2026-10-10 03:29:40.316] [INFO] Road-candidate observations: count=4 exactUsable=0 [CurrentRoad:RoadInvalid,seg=0,lane=0,distWorld=2577.0,projWorld=0.0,pointOccupancy=clear,fleetChecked=13,fleetInvalid=0,nearestVehicleGapWorld=2434.0,selectedRivalId=18331059014694192571,selectedVehicleKey=0x79054b53,preconstructionOverlap=unverified,overlapVerified=0,promotion=RoadInvalid,primaryCamera=unverified,separatingPlane=-1,completeSpawnVisibilityVerified=0] [FutureRoad:RoadInvalid,seg=0,lane=0,distWorld=2577.0,projWorld=0.0,pointOccupancy=clear,fleetChecked=13,fleetInvalid=0,nearestVehicleGapWorld=2434.0,selectedRivalId=18331059014694192571,selectedVehicleKey=0x79054b53,preconstructionOverlap=unverified,overlapVerified=0,promotion=RoadInvalid,primaryCamera=unverified,separatingPlane=-1,completeSpawnVisibilityVerified=0] [SeekAhead:RoadGeometryAssociationUnverified,seg=0,lane=0,distWorld=2577.0,projWorld=0.0,pointOccupancy=clear,fleetChecked=13,fleetInvalid=0,nearestVehicleGapWorld=2434.0,selectedRivalId=18331059014694192571,selectedVehicleKey=0x79054b53,preconstructionOverlap=unverified,overlapVerified=0,promotion=RoadGeometryAssociationUnverified,primaryCamera=unverified,separatingPlane=-1,completeSpawnVisibilityVerified=0] [FarFuture:RoadGeometryAssociationUnverified,seg=0,lane=0,distWorld=2577.0,projWorld=0.0,pointOccupancy=clear,fleetChecked=13,fleetInvalid=0,nearestVehicleGapWorld=2434.0,selectedRivalId=18331059014694192571,selectedVehicleKey=0x79054b53,preconstructionOverlap=unverified,overlapVerified=0,promotion=RoadGeometryAssociationUnverified,primaryCamera=unverified,separatingPlane=-1,completeSpawnVisibilityVerified=0]
[2026-10-10 03:29:40.316] [INFO] World-collision evidence: addressAvailable=1 gameplayThreadConfirmed=1 result=pending_or_unavailable cameraVisibilityVerified=0 streamingVerified=0
[2026-10-10 03:29:40.316] [INFO] Motion-scale observation: accepted=292 rejected=22 window=21 worldUnitsPerSpeedUnitSecond=0.99980 cv=0.01609 speedometerToSpeedRatio=1.00257 absoluteToSpeedRatio=1.00000 speedToLocalRatio=1.00000 speedToLinearRatio=1.00000 stable=1 metricVerified=1 worldUnitsPerMeter=0.99855
[2026-10-10 03:29:40.606] [INFO] FRR_MOTION_V1 capture=707000 cohort=147 generation=1 model=2030390099 timeMs=814250 dt=0.289269 valid=1 safe=1 grounded=1 x=104.621986 y=112.178238 z=2575.62402 speed=29.7873631 speedometer=28.182312 absolute=29.7873631 local=29.7873611 linear=29.7873631 vx=28.0417385 vy=0.742154956 vz=10.0198345 slip=-0.000137329102 accepted=1 window=22 ratio=1.00043893 cv=0.0159743447 stable=1 metricVerified=1 worldUnitsPerMeter=0.99855119
[2026-10-10 03:29:40.627] [INFO] PostRace observation: phase=Roaming complete=1 liveCount=16 registryStatus=Stable observedRacerCount=0 capturedRaceCount=0 matchingRaceIdentities=0 readOnly=1 lifetimeProven=0
[2026-10-10 03:29:40.900] [INFO] FRR_MOTION_V1 capture=707000 cohort=147 generation=1 model=2030390099 timeMs=814531 dt=0.293813586 valid=1 safe=1 grounded=1 x=112.905754 y=112.34623 z=2578.57666 speed=30.4910164 speedometer=30.471159 absolute=30.4910164 local=30.4910164 linear=30.4910164 vx=28.7158241 vy=0.580368161 vz=10.2355547 slip=-0.000122070312 accepted=1 window=23 ratio=1.00012791 cv=0.0156959724 stable=1 metricVerified=1 worldUnitsPerMeter=0.99855119
[2026-10-10 03:29:41.124] [INFO] PostRace observation: phase=Roaming complete=1 liveCount=16 registryStatus=Stable observedRacerCount=0 capturedRaceCount=0 matchingRaceIdentities=0 readOnly=1 lifetimeProven=0
[2026-10-10 03:29:41.192] [INFO] FRR_MOTION_V1 capture=707000 cohort=147 generation=1 model=2030390099 timeMs=814828 dt=0.293107003 valid=1 safe=1 grounded=1 x=121.513374 y=112.451485 z=2581.63525 speed=31.2288685 speedometer=31.2086964 absolute=31.2288685 local=31.2288704 linear=31.2288685 vx=29.4202366 vy=0.309969962 vz=10.4688015 slip=-9.15527344e-05 accepted=1 window=24 ratio=1.00053823 cv=0.0154845873 stable=1 metricVerified=1 worldUnitsPerMeter=0.99855119
[2026-10-10 03:29:41.474] [INFO] FRR_MOTION_V1 capture=707000 cohort=147 generation=1 model=2030390099 timeMs=815109 dt=0.281571716 valid=1 safe=1 grounded=1 x=129.946213 y=112.475838 z=2584.62891 speed=31.909132 speedometer=31.8884411 absolute=31.909132 local=31.9091377 linear=31.909132 vx=30.071331 vy=-0.0730089918 vz=10.6725092 slip=-0.000106811523 accepted=1 window=25 ratio=1.00078464 cv=0.0152158849 stable=1 metricVerified=1 worldUnitsPerMeter=0.99855119
[2026-10-10 03:29:41.625] [INFO] PostRace observation: phase=Roaming complete=1 liveCount=16 registryStatus=Stable observedRacerCount=0 capturedRaceCount=0 matchingRaceIdentities=0 readOnly=1 lifetimeProven=0
[2026-10-10 03:29:41.758] [INFO] FRR_MOTION_V1 capture=707000 cohort=147 generation=1 model=2030390099 timeMs=815390 dt=0.283972085 valid=1 safe=1 grounded=1 x=138.571167 y=112.448959 z=2587.67236 speed=32.6312866 speedometer=32.6092682 absolute=32.6312866 local=32.6312866 linear=32.6312866 vx=30.7590599 vy=-0.251517802 vz=10.8911772 slip=-4.57763672e-05 accepted=1 window=26 ratio=1.00068045 cv=0.0149310287 stable=1 metricVerified=1 worldUnitsPerMeter=0.99855119
[2026-10-10 03:29:42.043] [INFO] FRR_MOTION_V1 capture=707000 cohort=147 generation=1 model=2030390099 timeMs=815687 dt=0.285365701 valid=1 safe=1 grounded=1 x=147.389618 y=112.40416 z=2590.78027 speed=33.368309 speedometer=33.3463173 absolute=33.368309 local=33.3683128 linear=33.368309 vx=31.4581528 vy=-0.225647092 vz=11.1255493 slip=0 accepted=1 window=27 ratio=1.00039256 cv=0.0147294579 stable=1 metricVerified=1 worldUnitsPerMeter=0.99855119
[2026-10-10 03:29:42.120] [INFO] PostRace observation: phase=Roaming complete=1 liveCount=16 registryStatus=Stable observedRacerCount=0 capturedRaceCount=0 matchingRaceIdentities=0 readOnly=1 lifetimeProven=0
[2026-10-10 03:29:42.332] [INFO] FRR_MOTION_V1 capture=707000 cohort=147 generation=1 model=2030390099 timeMs=815968 dt=0.288641781 valid=1 safe=1 grounded=1 x=156.564392 y=112.387512 z=2593.7417 speed=33.764328 speedometer=33.7422142 absolute=33.764328 local=33.7643318 linear=33.764328 vx=32.2734795 vy=-0.0608492345 vz=9.92212772 slip=-0.00123596191 accepted=1 window=28 ratio=1.00020242 cv=0.0145004345 stable=1 metricVerified=1 worldUnitsPerMeter=0.99855119
[2026-10-10 03:29:42.623] [INFO] FRR_MOTION_V1 capture=707000 cohort=147 generation=1 model=2030390099 timeMs=816265 dt=0.291945517 valid=1 safe=1 grounded=1 x=166.155579 y=112.401558 z=2596.26758 speed=34.09515 speedometer=34.0863113 absolute=34.09515 local=34.0951462 linear=34.09515 vx=33.368351 vy=0.105144255 vz=7.00151396 slip=0.00225830078 accepted=1 window=29 ratio=1.00023925 cv=0.0142490417 stable=1 metricVerified=1 worldUnitsPerMeter=0.99855119
[2026-10-10 03:29:42.626] [INFO] PostRace observation: phase=Roaming complete=1 liveCount=16 registryStatus=Stable observedRacerCount=0 capturedRaceCount=0 matchingRaceIdentities=0 readOnly=1 lifetimeProven=0
[2026-10-10 03:29:42.918] [INFO] FRR_MOTION_V1 capture=707000 cohort=147 generation=1 model=2030390099 timeMs=816562 dt=0.294422925 valid=1 safe=1 grounded=1 x=176.179169 y=112.476868 z=2598.11523 speed=34.8481407 speedometer=34.8250771 absolute=34.8481407 local=34.8481407 linear=34.8481407 vx=34.4443436 vy=0.342524052 vz=5.27852583 slip=-0.0012512207 accepted=1 window=30 ratio=1.0003742 cv=0.0140264584 stable=1 metricVerified=1 worldUnitsPerMeter=0.99855119
[2026-10-10 03:29:43.120] [INFO] PostRace observation: phase=Roaming complete=1 liveCount=16 registryStatus=Stable observedRacerCount=0 capturedRaceCount=0 matchingRaceIdentities=0 readOnly=1 lifetimeProven=0
[2026-10-10 03:29:43.224] [INFO] FRR_MOTION_V1 capture=707000 cohort=147 generation=1 model=2030390099 timeMs=816859 dt=0.305591017 valid=1 safe=1 grounded=1 x=186.800629 y=112.589622 z=2599.5188 speed=35.6088486 speedometer=35.5876923 absolute=35.6088486 local=35.6088524 linear=35.6088486 vx=35.3579674 vy=0.44355157 vz=4.19612598 slip=-0.000381469727 accepted=1 window=31 ratio=1.00020885 cv=0.0138302874 stable=1 metricVerified=1 worldUnitsPerMeter=0.99855119
[2026-10-10 03:29:43.536] [INFO] FRR_MOTION_V1 capture=707000 cohort=147 generation=1 model=2030390099 timeMs=817171 dt=0.312183708 valid=1 safe=1 grounded=1 x=197.964493 y=112.732559 z=2600.73315 speed=36.1794395 speedometer=35.7155457 absolute=36.1794395 local=36.1794434 linear=36.1794395 vx=36.0536308 vy=0.493088305 vz=2.97393894 slip=0.00297546387 accepted=1 window=32 ratio=1.00027227 cv=0.0136161791 stable=1 metricVerified=1 worldUnitsPerMeter=0.99855119
[2026-10-10 03:29:43.623] [INFO] PostRace observation: phase=Roaming complete=1 liveCount=16 registryStatus=Stable observedRacerCount=0 capturedRaceCount=0 matchingRaceIdentities=0 readOnly=1 lifetimeProven=0
[2026-10-10 03:29:43.823] [INFO] FRR_MOTION_V1 capture=707000 cohort=147 generation=1 model=2030390099 timeMs=817468 dt=0.286316186 valid=1 safe=1 grounded=1 x=208.414307 y=112.869499 z=2601.48804 speed=36.7844086 speedometer=36.7635727 absolute=36.7844086 local=36.7844048 linear=36.7844086 vx=36.7209511 vy=0.429561883 vz=2.11657262 slip=-0.000900268555 accepted=1 window=33 ratio=1.00035858 cv=0.0134159988 stable=1 metricVerified=1 worldUnitsPerMeter=0.99855119
[2026-10-10 03:29:44.110] [INFO] FRR_MOTION_V1 capture=707000 cohort=147 generation=1 model=2030390099 timeMs=817750 dt=0.287509501 valid=1 safe=1 grounded=1 x=219.075119 y=113.037659 z=2601.94873 speed=37.4672089 speedometer=37.4466171 absolute=37.4672089 local=37.4672089 linear=37.4672089 vx=37.441349 vy=0.613881588 vz=1.24906862 slip=-0.000289916992 accepted=1 window=34 ratio=1.00034261 cv=0.0132177565 stable=1 metricVerified=1 worldUnitsPerMeter=0.99855119
[2026-10-10 03:29:44.122] [INFO] PostRace observation: phase=Roaming complete=1 liveCount=16 registryStatus=Stable observedRacerCount=0 capturedRaceCount=0 matchingRaceIdentities=0 readOnly=1 lifetimeProven=0
[2026-10-10 03:29:44.399] [INFO] FRR_MOTION_V1 capture=707000 cohort=147 generation=1 model=2030390099 timeMs=818031 dt=0.28884241 valid=1 safe=1 grounded=1 x=229.840744 y=113.307686 z=2602.62256 speed=36.1959686 speedometer=36.1788597 absolute=36.1959686 local=36.1959724 linear=36.1959686 vx=36.0637245 vy=1.1371572 vz=2.87448215 slip=-0.000427246094 accepted=1 window=35 ratio=1.00073981 cv=0.0132264579 stable=1 metricVerified=1 worldUnitsPerMeter=0.99855119
[2026-10-10 03:29:44.624] [INFO] PostRace observation: phase=Roaming complete=1 liveCount=16 registryStatus=Stable observedRacerCount=0 capturedRaceCount=0 matchingRaceIdentities=0 readOnly=1 lifetimeProven=0
[2026-10-10 03:29:44.681] [INFO] FRR_MOTION_V1 capture=707000 cohort=147 generation=1 model=2030390099 timeMs=818328 dt=0.282617092 valid=1 safe=1 grounded=1 x=239.950714 y=113.671623 z=2603.74731 speed=36.6589394 speedometer=36.3218498 absolute=36.6589394 local=36.6589394 linear=36.6589394 vx=36.141964 vy=1.39273834 vz=5.97467232 slip=-0.00123596191 accepted=1 window=36 ratio=1.00040591 cv=0.0131944893 stable=1 metricVerified=1 worldUnitsPerMeter=0.99855119
[2026-10-10 03:29:44.960] [INFO] FRR_MOTION_V1 capture=707000 cohort=147 generation=1 model=2030390099 timeMs=818593 dt=0.277693301 valid=1 safe=1 grounded=1 x=249.907043 y=114.075546 z=2605.95044 speed=36.5775871 speedometer=36.1945877 absolute=36.5775871 local=36.5775909 linear=36.5775871 vx=35.5789146 vy=1.33528471 vz=8.38318729 slip=0.00741577148 accepted=1 window=37 ratio=1.00049198 cv=0.0130240815 stable=1 metricVerified=1 worldUnitsPerMeter=0.99855119
[2026-10-10 03:29:45.121] [INFO] PostRace observation: phase=Roaming complete=1 liveCount=16 registryStatus=Stable observedRacerCount=0 capturedRaceCount=0 matchingRaceIdentities=0 readOnly=1 lifetimeProven=0
[2026-10-10 03:29:45.241] [INFO] FRR_MOTION_V1 capture=707000 cohort=147 generation=1 model=2030390099 timeMs=818875 dt=0.280885398 valid=1 safe=1 grounded=1 x=259.945435 y=114.41568 z=2608.21338 speed=36.0627632 speedometer=35.548275 absolute=36.0627632 local=36.0627708 linear=36.0627632 vx=35.4193306 vy=1.03963661 vz=6.70172405 slip=0.00352478027 accepted=1 window=38 ratio=1.00072181 cv=0.0129243266 stable=1 metricVerified=1 worldUnitsPerMeter=0.99855119
[2026-10-10 03:29:45.509] [INFO] FRR_MOTION_V1 capture=707000 cohort=147 generation=1 model=2030390099 timeMs=819156 dt=0.268601894 valid=1 safe=1 grounded=1 x=269.440063 y=114.636925 z=2609.26245 speed=35.6382446 speedometer=34.844883 absolute=35.6382446 local=35.6382446 linear=35.6382446 vx=35.6237793 vy=0.626681209 vz=0.798730731 slip=-0.00198364258 accepted=1 window=39 ratio=1.00050473 cv=0.012830168 stable=1 metricVerified=1 worldUnitsPerMeter=0.99855119
[2026-10-10 03:29:45.627] [INFO] PostRace observation: phase=Roaming complete=1 liveCount=16 registryStatus=Stable observedRacerCount=0 capturedRaceCount=0 matchingRaceIdentities=0 readOnly=1 lifetimeProven=0
[2026-10-10 03:29:45.786] [INFO] FRR_MOTION_V1 capture=707000 cohort=147 generation=1 model=2030390099 timeMs=819421 dt=0.277882218 valid=1 safe=1 grounded=1 x=279.259857 y=114.743011 z=2608.43921 speed=35.0231819 speedometer=34.1348953 absolute=35.0231819 local=35.0231819 linear=35.0231819 vx=34.3829193 vy=0.200884759 vz=-6.66314983 slip=-0.00427246094 accepted=1 window=40 ratio=1.00058651 cv=0.0126779983 stable=1 metricVerified=1 worldUnitsPerMeter=0.99855119
[2026-10-10 03:29:46.068] [INFO] FRR_MOTION_V1 capture=707000 cohort=147 generation=1 model=2030390099 timeMs=819703 dt=0.281722099 valid=1 safe=1 grounded=1 x=288.473694 y=114.749962 z=2605.52539 speed=34.3030243 speedometer=33.4389038 absolute=34.3030243 local=34.3030243 linear=34.3030243 vx=31.2064056 vy=0.115038551 vz=-14.2423477 slip=-0.00267028809 accepted=1 window=41 ratio=1.00031805 cv=0.0126402797 stable=1 metricVerified=1 worldUnitsPerMeter=0.99855119
[2026-10-10 03:29:46.068] [INFO] Runtime heartbeat: mode=FreeRoamCandidate inWorld=1 raceMode=Roaming loading=0 inNIS=0 fade=0 flow=6 IVehicle=0x46EB41C PVehicle=0x46EB370 raceStatus=0xED291F8 roadNetwork=0x46CD390 pvehicleCount=57 playerCrossCheck=1 vehicles=16 human=1 traffic=13 cops=0 racers=0 none=2 nisCars=0 remote=0 unknown=0 cash=335950 careerCars=3 currentCarHandle=89 careerCompleted=0 profileKey=pseudonymous caps=[world:1,player:1,freeroam:1,road:1,roadNav:1,careerRead:1,spawnWrite:0,economyWrite:0,garageWrite:0] motion=[speed:34.303,speedometer:33.439,absSpeed:34.303,localMag:34.303,linearMag:34.303,slip:-0.003,wheels:4,units:engine/unverified] roadNav=[ai:0xECE270C,curSeg:0,curLane:0,curWidthWorld:0.0,curSpanWorld:0.0,curSegTime:0.000,curCurve:0.0000,curRoadOcc:0,curAvoidOcc:0,curOccBehind:0,futureSeg:0,futureLane:0,futureWidthWorld:0.0,navGapWorld:0.0,futureRoadOcc:0,futureAvoidOcc:0,seekDistWorld:2624.0,seekProjWorld:0.0,farDistWorld:2624.0,farProjWorld:0.0,playerPos:(288.5,114.7,2605.5),seek:(0.0,0.0,0.0),far:(0.0,0.0,0.0),units:world]
[2026-10-10 03:29:46.068] [INFO] Vehicle-spatial observation: registryComplete=1 registryCount=16 enabledActive=13 ignoredInactive=3 boxes=13 failedSpatialReads=0 halfExtentSemanticsResearchBacked=1 learnedModels=11 verifiedLearnedModels=11 catalogFootprintKey=0x79054B53
[2026-10-10 03:29:46.068] [INFO] Primary-camera observation: coherent=1 viewId=1 coordinateMapping=sim(z,-x,y)_to_render fullPlayerViewCoverageVerified=0 renderEnvelopeVerified=0 spawnVisibilityVerified=0
[2026-10-10 03:29:46.068] [INFO] Road-candidate observations: count=4 exactUsable=0 [CurrentRoad:RoadInvalid,seg=0,lane=0,distWorld=2624.0,projWorld=0.0,pointOccupancy=clear,fleetChecked=13,fleetInvalid=0,nearestVehicleGapWorld=2297.8,selectedRivalId=18331059014694192571,selectedVehicleKey=0x79054b53,preconstructionOverlap=unverified,overlapVerified=0,promotion=RoadInvalid,primaryCamera=unverified,separatingPlane=-1,completeSpawnVisibilityVerified=0] [FutureRoad:RoadInvalid,seg=0,lane=0,distWorld=2624.0,projWorld=0.0,pointOccupancy=clear,fleetChecked=13,fleetInvalid=0,nearestVehicleGapWorld=2297.8,selectedRivalId=18331059014694192571,selectedVehicleKey=0x79054b53,preconstructionOverlap=unverified,overlapVerified=0,promotion=RoadInvalid,primaryCamera=unverified,separatingPlane=-1,completeSpawnVisibilityVerified=0] [SeekAhead:RoadGeometryAssociationUnverified,seg=0,lane=0,distWorld=2624.0,projWorld=0.0,pointOccupancy=clear,fleetChecked=13,fleetInvalid=0,nearestVehicleGapWorld=2297.8,selectedRivalId=18331059014694192571,selectedVehicleKey=0x79054b53,preconstructionOverlap=unverified,overlapVerified=0,promotion=RoadGeometryAssociationUnverified,primaryCamera=unverified,separatingPlane=-1,completeSpawnVisibilityVerified=0] [FarFuture:RoadGeometryAssociationUnverified,seg=0,lane=0,distWorld=2624.0,projWorld=0.0,pointOccupancy=clear,fleetChecked=13,fleetInvalid=0,nearestVehicleGapWorld=2297.8,selectedRivalId=18331059014694192571,selectedVehicleKey=0x79054b53,preconstructionOverlap=unverified,overlapVerified=0,promotion=RoadGeometryAssociationUnverified,primaryCamera=unverified,separatingPlane=-1,completeSpawnVisibilityVerified=0]
[2026-10-10 03:29:46.068] [INFO] World-collision evidence: addressAvailable=1 gameplayThreadConfirmed=1 result=pending_or_unavailable cameraVisibilityVerified=0 streamingVerified=0
[2026-10-10 03:29:46.068] [INFO] Motion-scale observation: accepted=312 rejected=22 window=41 worldUnitsPerSpeedUnitSecond=1.00032 cv=0.01264 speedometerToSpeedRatio=0.99720 absoluteToSpeedRatio=1.00000 speedToLocalRatio=1.00000 speedToLinearRatio=1.00000 stable=1 metricVerified=1 worldUnitsPerMeter=0.99855
[2026-10-10 03:29:46.121] [INFO] PostRace observation: phase=Roaming complete=1 liveCount=16 registryStatus=Stable observedRacerCount=0 capturedRaceCount=0 matchingRaceIdentities=0 readOnly=1 lifetimeProven=0
[2026-10-10 03:29:46.346] [INFO] FRR_MOTION_V1 capture=707000 cohort=147 generation=1 model=2030390099 timeMs=819984 dt=0.277961224 valid=1 safe=1 grounded=1 x=296.688477 y=114.85627 z=2600.70532 speed=34.176857 speedometer=33.8176613 absolute=34.176857 local=34.176857 linear=34.176857 vx=28.7964973 vy=0.542019129 vz=-18.3990612 slip=-0.0140686035 accepted=1 window=42 ratio=1.00032973 cv=0.0124889724 stable=1 metricVerified=1 worldUnitsPerMeter=0.99855119
[2026-10-10 03:29:46.625] [INFO] PostRace observation: phase=Roaming complete=1 liveCount=16 registryStatus=Stable observedRacerCount=0 capturedRaceCount=0 matchingRaceIdentities=0 readOnly=1 lifetimeProven=0
[2026-10-10 03:29:46.636] [INFO] FRR_MOTION_V1 capture=707000 cohort=147 generation=1 model=2030390099 timeMs=820281 dt=0.289912909 valid=1 safe=1 grounded=1 x=304.666382 y=115.078247 z=2595.03662 speed=34.326004 speedometer=34.3064957 absolute=34.326004 local=34.326004 linear=34.326004 vx=27.0945625 vy=0.964635134 vz=-21.0529995 slip=-9.15527344e-05 accepted=1 window=43 ratio=0.999992669 cv=0.0125387572 stable=1 metricVerified=1 worldUnitsPerMeter=0.99855119
[2026-10-10 03:29:46.919] [INFO] FRR_MOTION_V1 capture=707000 cohort=147 generation=1 model=2030390099 timeMs=820562 dt=0.282732606 valid=1 safe=1 grounded=1 x=312.249054 y=115.355827 z=2588.88916 speed=34.5109863 speedometer=34.4897995 absolute=34.5109863 local=34.5109825 linear=34.5109863 vx=26.3392982 vy=1.11661005 vz=-22.2711163 slip=0.000671386719 accepted=1 window=44 ratio=1.00007284 cv=0.0124056172 stable=1 metricVerified=1 worldUnitsPerMeter=0.99855119
[2026-10-10 03:29:47.121] [INFO] PostRace observation: phase=Roaming complete=1 liveCount=16 registryStatus=Stable observedRacerCount=0 capturedRaceCount=0 matchingRaceIdentities=0 readOnly=1 lifetimeProven=0
[2026-10-10 03:29:47.199] [INFO] FRR_MOTION_V1 capture=707000 cohort=147 generation=1 model=2030390099 timeMs=820843 dt=0.27932772 valid=1 safe=1 grounded=1 x=319.637177 y=115.653587 z=2582.3479 speed=35.1653976 speedometer=35.1431732 absolute=35.1653976 local=35.1654015 linear=35.1653976 vx=25.6754532 vy=0.999052703 vz=-24.0078793 slip=-0.00134277344 accepted=1 window=45 ratio=1.00039315 cv=0.0124456091 stable=1 metricVerified=1 worldUnitsPerMeter=0.99855119
[2026-10-10 03:29:47.470] [INFO] FRR_MOTION_V1 capture=707000 cohort=147 generation=1 model=2030390099 timeMs=821109 dt=0.271679997 valid=1 safe=1 grounded=1 x=326.548828 y=115.894142 z=2575.66919 speed=35.8007965 speedometer=35.7799911 absolute=35.8007965 local=35.8008041 linear=35.8007965 vx=25.4412823 vy=0.720147073 vz=-25.1777611 slip=-0.000625610352 accepted=1 window=46 ratio=1.00032651 cv=0.0123185329 stable=1 metricVerified=1 worldUnitsPerMeter=0.99855119
[2026-10-10 03:29:47.627] [INFO] PostRace observation: phase=Roaming complete=1 liveCount=16 registryStatus=Stable observedRacerCount=0 capturedRaceCount=0 matchingRaceIdentities=0 readOnly=1 lifetimeProven=0
[2026-10-10 03:29:47.744] [INFO] FRR_MOTION_V1 capture=707000 cohort=147 generation=1 model=2030390099 timeMs=821390 dt=0.274096787 valid=1 safe=1 grounded=1 x=333.490356 y=116.002991 z=2568.57495 speed=36.0853462 speedometer=35.4613953 absolute=36.0853462 local=36.0853462 linear=36.0853462 vx=24.2869339 vy=-0.00905243307 vz=-26.6888943 slip=0.00344848633 accepted=1 window=47 ratio=1.00047958 cv=0.0122290161 stable=1 metricVerified=1 worldUnitsPerMeter=0.99855119
[2026-10-10 03:29:48.015] [INFO] FRR_MOTION_V1 capture=707000 cohort=147 generation=1 model=2030390099 timeMs=821656 dt=0.271216691 valid=1 safe=1 grounded=1 x=339.931671 y=115.948792 z=2561.15161 speed=36.5834961 speedometer=36.5480728 absolute=36.5834961 local=36.5834961 linear=36.5834961 vx=23.3242035 vy=-0.443078995 vz=-28.1804428 slip=-0.00283813477 accepted=1 window=48 ratio=1.00041461 cv=0.0121099288 stable=1 metricVerified=1 worldUnitsPerMeter=0.99855119
[2026-10-10 03:29:48.122] [INFO] PostRace observation: phase=Roaming complete=1 liveCount=16 registryStatus=Stable observedRacerCount=0 capturedRaceCount=0 matchingRaceIdentities=0 readOnly=1 lifetimeProven=0
[2026-10-10 03:29:48.285] [INFO] FRR_MOTION_V1 capture=707000 cohort=147 generation=1 model=2030390099 timeMs=821921 dt=0.269817084 valid=1 safe=1 grounded=1 x=346.368042 y=115.831306 z=2553.6311 speed=36.7198677 speedometer=36.6968651 absolute=36.7198677 local=36.7198715 linear=36.7198677 vx=23.950655 vy=-0.443856239 vz=-27.8301582 slip=0.00112915039 accepted=1 window=49 ratio=1.00042713 cv=0.0119858859 stable=1 metricVerified=1 worldUnitsPerMeter=0.99855119
[2026-10-10 03:29:48.549] [INFO] FRR_MOTION_V1 capture=707000 cohort=147 generation=1 model=2030390099 timeMs=822187 dt=0.264101118 valid=1 safe=1 grounded=1 x=352.896057 y=115.732292 z=2546.42603 speed=37.3992157 speedometer=37.3773308 absolute=37.3992157 local=37.3992233 linear=37.3992157 vx=25.7257156 vy=-0.142922372 vz=-27.1453228 slip=0.000900268555 accepted=1 window=50 ratio=1.00028694 cv=0.0119075421 stable=1 metricVerified=1 worldUnitsPerMeter=0.99855119
[2026-10-10 03:29:48.620] [INFO] PostRace observation: phase=Roaming complete=1 liveCount=16 registryStatus=Stable observedRacerCount=0 capturedRaceCount=0 matchingRaceIdentities=0 readOnly=1 lifetimeProven=0
[2026-10-10 03:29:48.812] [INFO] FRR_MOTION_V1 capture=707000 cohort=147 generation=1 model=2030390099 timeMs=822453 dt=0.264060706 valid=1 safe=1 grounded=1 x=359.970886 y=115.681328 z=2539.63208 speed=37.3883934 speedometer=37.3705559 absolute=37.3883934 local=37.3884048 linear=37.3883934 vx=28.0463333 vy=0.188111335 vz=-24.7236691 slip=-0.000610351562 accepted=1 window=51 ratio=1.00015152 cv=0.0118306531 stable=1 metricVerified=1 worldUnitsPerMeter=0.99855119
[2026-10-10 03:29:49.078] [INFO] FRR_MOTION_V1 capture=707000 cohort=147 generation=1 model=2030390099 timeMs=822718 dt=0.264679015 valid=1 safe=1 grounded=1 x=367.75235 y=115.878029 z=2533.31812 speed=37.8295326 speedometer=37.3484192 absolute=37.8295326 local=37.8295479 linear=37.8295326 vx=30.8116684 vy=1.30784643 vz=-21.9089985 slip=-0.00128173828 accepted=1 window=52 ratio=1.00028086 cv=0.0117511824 stable=1 metricVerified=1 worldUnitsPerMeter=0.99855119
[2026-10-10 03:29:49.126] [INFO] PostRace observation: phase=Roaming complete=1 liveCount=16 registryStatus=Stable observedRacerCount=0 capturedRaceCount=0 matchingRaceIdentities=0 readOnly=1 lifetimeProven=0
[2026-10-10 03:29:49.349] [INFO] FRR_MOTION_V1 capture=707000 cohort=147 generation=1 model=2030390099 timeMs=822984 dt=0.270282805 valid=1 safe=1 grounded=1 x=376.483429 y=116.37043 z=2528.19531 speed=37.2438698 speedometer=36.855793 absolute=37.2438698 local=37.2438774 linear=37.2438698 vx=33.7353287 vy=2.32877016 vz=-15.608016 slip=-0.00109863281 accepted=1 window=53 ratio=1.00025594 cv=0.0116414744 stable=1 metricVerified=1 worldUnitsPerMeter=0.99855119
[2026-10-10 03:29:49.606] [INFO] FRR_MOTION_V1 capture=707000 cohort=147 generation=1 model=2030390099 timeMs=823250 dt=0.258079022 valid=1 safe=1 grounded=1 x=385.465607 y=117.092636 z=2524.79102 speed=37.5458336 speedometer=37.5189629 absolute=37.5458336 local=37.545845 linear=37.5458336 vx=35.898243 vy=3.23500466 vz=-10.5138292 slip=0.00564575195 accepted=1 window=54 ratio=1.00021648 cv=0.0115371943 stable=1 metricVerified=1 worldUnitsPerMeter=0.99855119
[2026-10-10 03:29:49.625] [INFO] PostRace observation: phase=Roaming complete=1 liveCount=16 registryStatus=Stable observedRacerCount=0 capturedRaceCount=0 matchingRaceIdentities=0 readOnly=1 lifetimeProven=0
[2026-10-10 03:29:49.856] [INFO] FRR_MOTION_V1 capture=707000 cohort=147 generation=1 model=2030390099 timeMs=823500 dt=0.249820396 valid=1 safe=1 grounded=1 x=394.600739 y=118.02076 z=2522.76294 speed=37.8686333 speedometer=37.8561592 absolute=37.8686333 local=37.8686371 linear=37.8686333 vx=37.1002274 vy=4.21716976 vz=-6.31047153 slip=0.00218200684 accepted=1 window=55 ratio=1.0001806 cv=0.0114352871 stable=1 metricVerified=1 worldUnitsPerMeter=0.99855119
[2026-10-10 03:29:50.097] [INFO] FRR_MOTION_V1 capture=707000 cohort=147 generation=1 model=2030390099 timeMs=823734 dt=0.241470397 valid=1 safe=1 grounded=1 x=403.615143 y=119.155083 z=2521.4873 speed=38.184639 speedometer=38.1747704 absolute=38.184639 local=38.1846466 linear=38.184639 vx=37.5788193 vy=5.04874992 vz=-4.5176692 slip=0.000915527344 accepted=1 window=56 ratio=1.00016236 cv=0.0113337357 stable=1 metricVerified=1 worldUnitsPerMeter=0.99855119
[2026-10-10 03:29:50.124] [INFO] PostRace observation: phase=Roaming complete=1 liveCount=16 registryStatus=Stable observedRacerCount=0 capturedRaceCount=0 matchingRaceIdentities=0 readOnly=1 lifetimeProven=0
[2026-10-10 03:29:50.340] [INFO] FRR_MOTION_V1 capture=707000 cohort=147 generation=1 model=2030390099 timeMs=823984 dt=0.242242396 valid=1 safe=1 grounded=1 x=412.715332 y=120.495354 z=2520.50244 speed=38.4595642 speedometer=38.4509964 absolute=38.4595642 local=38.459568 linear=38.4595642 vx=37.8398323 vy=5.78278017 vz=-3.72083259 slip=0.000411987305 accepted=1 window=57 ratio=1.00009847 cv=0.0112447664 stable=1 metricVerified=1 worldUnitsPerMeter=0.99855119
[2026-10-10 03:29:50.570] [INFO] FRR_MOTION_V1 capture=707000 cohort=147 generation=1 model=2030390099 timeMs=824203 dt=0.230117798 valid=1 safe=1 grounded=1 x=421.395966 y=121.905594 z=2519.69629 speed=38.6870422 speedometer=38.6793823 absolute=38.6870422 local=38.6870461 linear=38.6870422 vx=38.0018959 vy=6.42146873 vz=-3.36271381 slip=0.000152587891 accepted=1 window=58 ratio=1.00000918 cv=0.011168763 stable=1 metricVerified=1 worldUnitsPerMeter=0.99855119
[2026-10-10 03:29:50.625] [INFO] PostRace observation: phase=Roaming complete=1 liveCount=16 registryStatus=Stable observedRacerCount=0 capturedRaceCount=0 matchingRaceIdentities=0 readOnly=1 lifetimeProven=0
[2026-10-10 03:29:50.803] [INFO] FRR_MOTION_V1 capture=707000 cohort=147 generation=1 model=2030390099 timeMs=824437 dt=0.23355031 valid=1 safe=1 grounded=1 x=430.291412 y=123.404396 z=2518.92529 speed=38.9019966 speedometer=38.8934746 absolute=38.9019966 local=38.9019966 linear=38.9019966 vx=38.2418022 vy=6.36862707 vz=-3.22030592 slip=6.10351562e-05 accepted=1 window=59 ratio=0.999996424 cv=0.0110742776 stable=1 metricVerified=1 worldUnitsPerMeter=0.99855119
[2026-10-10 03:29:51.035] [INFO] FRR_MOTION_V1 capture=707000 cohort=147 generation=1 model=2030390099 timeMs=824671 dt=0.230921194 valid=1 safe=1 grounded=1 x=439.243774 y=124.890244 z=2518.17505 speed=39.1194115 speedometer=39.1096344 absolute=39.1194115 local=39.1194115 linear=39.1194115 vx=38.4962654 vy=6.19212008 vz=-3.16600156 slip=4.57763672e-05 accepted=1 window=60 ratio=1.00017667 cv=0.0110665392 stable=1 metricVerified=1 worldUnitsPerMeter=0.99855119
[2026-10-10 03:29:51.120] [INFO] PostRace observation: phase=Roaming complete=1 liveCount=16 registryStatus=Stable observedRacerCount=0 capturedRaceCount=0 matchingRaceIdentities=0 readOnly=1 lifetimeProven=0
[2026-10-10 03:29:51.263] [INFO] FRR_MOTION_V1 capture=707000 cohort=147 generation=1 model=2030390099 timeMs=824906 dt=0.228224307 valid=1 safe=1 grounded=1 x=448.012756 y=126.296471 z=2517.16016 speed=38.7482109 speedometer=38.1527748 absolute=38.7482109 local=38.7482185 linear=38.7482109 vx=37.8835983 vy=5.83063936 vz=-5.67983961 slip=0.00263977051 accepted=1 window=61 ratio=1.00027192 cv=0.0109991524 stable=1 metricVerified=1 worldUnitsPerMeter=0.99855119
[2026-10-10 03:29:51.263] [INFO] Runtime heartbeat: mode=FreeRoamCandidate inWorld=1 raceMode=Roaming loading=0 inNIS=0 fade=0 flow=6 IVehicle=0x46EB41C PVehicle=0x46EB370 raceStatus=0xED291F8 roadNetwork=0x46CD390 pvehicleCount=57 playerCrossCheck=1 vehicles=16 human=1 traffic=13 cops=0 racers=0 none=2 nisCars=0 remote=0 unknown=0 cash=335950 careerCars=3 currentCarHandle=89 careerCompleted=0 profileKey=pseudonymous caps=[world:1,player:1,freeroam:1,road:1,roadNav:1,careerRead:1,spawnWrite:0,economyWrite:0,garageWrite:0] motion=[speed:38.748,speedometer:38.153,absSpeed:38.748,localMag:38.748,linearMag:38.748,slip:0.003,wheels:4,units:engine/unverified] roadNav=[ai:0xECE270C,curSeg:0,curLane:0,curWidthWorld:0.0,curSpanWorld:0.0,curSegTime:0.000,curCurve:0.0000,curRoadOcc:0,curAvoidOcc:0,curOccBehind:0,futureSeg:0,futureLane:0,futureWidthWorld:0.0,navGapWorld:0.0,futureRoadOcc:0,futureAvoidOcc:0,seekDistWorld:2559.8,seekProjWorld:0.0,farDistWorld:2559.8,farProjWorld:0.0,playerPos:(448.0,126.3,2517.2),seek:(0.0,0.0,0.0),far:(0.0,0.0,0.0),units:world]
[2026-10-10 03:29:51.263] [INFO] Vehicle-spatial observation: registryComplete=1 registryCount=16 enabledActive=13 ignoredInactive=3 boxes=13 failedSpatialReads=0 halfExtentSemanticsResearchBacked=1 learnedModels=11 verifiedLearnedModels=11 catalogFootprintKey=0x79054B53
[2026-10-10 03:29:51.263] [INFO] Primary-camera observation: coherent=1 viewId=1 coordinateMapping=sim(z,-x,y)_to_render fullPlayerViewCoverageVerified=0 renderEnvelopeVerified=0 spawnVisibilityVerified=0
[2026-10-10 03:29:51.263] [INFO] Road-candidate observations: count=4 exactUsable=0 [CurrentRoad:RoadInvalid,seg=0,lane=0,distWorld=2559.8,projWorld=0.0,pointOccupancy=clear,fleetChecked=13,fleetInvalid=0,nearestVehicleGapWorld=2198.4,selectedRivalId=18331059014694192571,selectedVehicleKey=0x79054b53,preconstructionOverlap=unverified,overlapVerified=0,promotion=RoadInvalid,primaryCamera=unverified,separatingPlane=-1,completeSpawnVisibilityVerified=0] [FutureRoad:RoadInvalid,seg=0,lane=0,distWorld=2559.8,projWorld=0.0,pointOccupancy=clear,fleetChecked=13,fleetInvalid=0,nearestVehicleGapWorld=2198.4,selectedRivalId=18331059014694192571,selectedVehicleKey=0x79054b53,preconstructionOverlap=unverified,overlapVerified=0,promotion=RoadInvalid,primaryCamera=unverified,separatingPlane=-1,completeSpawnVisibilityVerified=0] [SeekAhead:RoadGeometryAssociationUnverified,seg=0,lane=0,distWorld=2559.8,projWorld=0.0,pointOccupancy=clear,fleetChecked=13,fleetInvalid=0,nearestVehicleGapWorld=2198.4,selectedRivalId=18331059014694192571,selectedVehicleKey=0x79054b53,preconstructionOverlap=unverified,overlapVerified=0,promotion=RoadGeometryAssociationUnverified,primaryCamera=unverified,separatingPlane=-1,completeSpawnVisibilityVerified=0] [FarFuture:RoadGeometryAssociationUnverified,seg=0,lane=0,distWorld=2559.8,projWorld=0.0,pointOccupancy=clear,fleetChecked=13,fleetInvalid=0,nearestVehicleGapWorld=2198.4,selectedRivalId=18331059014694192571,selectedVehicleKey=0x79054b53,preconstructionOverlap=unverified,overlapVerified=0,promotion=RoadGeometryAssociationUnverified,primaryCamera=unverified,separatingPlane=-1,completeSpawnVisibilityVerified=0]
[2026-10-10 03:29:51.263] [INFO] World-collision evidence: addressAvailable=1 gameplayThreadConfirmed=1 result=pending_or_unavailable cameraVisibilityVerified=0 streamingVerified=0
[2026-10-10 03:29:51.263] [INFO] Motion-scale observation: accepted=332 rejected=22 window=61 worldUnitsPerSpeedUnitSecond=1.00027 cv=0.01100 speedometerToSpeedRatio=0.99683 absoluteToSpeedRatio=1.00000 speedToLocalRatio=1.00000 speedToLinearRatio=1.00000 stable=1 metricVerified=1 worldUnitsPerMeter=0.99855
[2026-10-10 03:29:51.496] [INFO] FRR_MOTION_V1 capture=707000 cohort=147 generation=1 model=2030390099 timeMs=825140 dt=0.233695388 valid=1 safe=1 grounded=1 x=456.732117 y=127.610306 z=2515.3916 speed=38.5140648 speedometer=38.4838753 absolute=38.5140648 local=38.514061 linear=38.5140648 vx=37.1088409 vy=5.21728373 vz=-8.89084435 slip=-0.00482177734 accepted=1 window=62 ratio=1.00020587 cv=0.0109229963 stable=1 metricVerified=1 worldUnitsPerMeter=0.99855119
[2026-10-10 03:29:51.620] [INFO] PostRace observation: phase=Roaming complete=1 liveCount=16 registryStatus=Stable observedRacerCount=0 capturedRaceCount=0 matchingRaceIdentities=0 readOnly=1 lifetimeProven=0
[2026-10-10 03:29:51.729] [INFO] FRR_MOTION_V1 capture=707000 cohort=147 generation=1 model=2030390099 timeMs=825375 dt=0.232116804 valid=1 safe=1 grounded=1 x=465.14444 y=128.743973 z=2512.88745 speed=38.6786385 speedometer=38.6479454 absolute=38.6786385 local=38.6786385 linear=38.6786385 vx=36.2663918 vy=4.55387545 vz=-12.6510124 slip=-0.00393676758 accepted=1 window=63 ratio=1.00000978 cv=0.0109474994 stable=1 metricVerified=1 worldUnitsPerMeter=0.99855119
[2026-10-10 03:29:51.962] [INFO] FRR_MOTION_V1 capture=707000 cohort=147 generation=1 model=2030390099 timeMs=825609 dt=0.233792007 valid=1 safe=1 grounded=1 x=473.513367 y=129.729553 z=2509.56934 speed=38.7701607 speedometer=38.2094727 absolute=38.7701607 local=38.7701569 linear=38.7701607 vx=35.1824341 vy=3.94974065 vz=-15.8025694 slip=0.000564575195 accepted=1 window=64 ratio=1.0000149 cv=0.0108616557 stable=1 metricVerified=1 worldUnitsPerMeter=0.99855119
[2026-10-10 03:29:52.123] [INFO] PostRace observation: phase=Roaming complete=1 liveCount=16 registryStatus=Stable observedRacerCount=0 capturedRaceCount=0 matchingRaceIdentities=0 readOnly=1 lifetimeProven=0
[2026-10-10 03:29:52.207] [INFO] FRR_MOTION_V1 capture=707000 cohort=147 generation=1 model=2030390099 timeMs=825843 dt=0.244081497 valid=1 safe=1 grounded=1 x=481.873047 y=130.607635 z=2505.23145 speed=38.3437233 speedometer=38.3258095 absolute=38.3437233 local=38.3437309 linear=38.3437233 vx=33.1149635 vy=3.29548907 vz=-19.0467873 slip=-0.00202941895 accepted=1 window=65 ratio=1.00009298 cv=0.0107950643 stable=1 metricVerified=1 worldUnitsPerMeter=0.99855119
[2026-10-10 03:29:52.467] [INFO] FRR_MOTION_V1 capture=707000 cohort=147 generation=1 model=2030390099 timeMs=826109 dt=0.259927601 valid=1 safe=1 grounded=1 x=490.171661 y=131.380463 z=2499.82349 speed=38.3753548 speedometer=37.6349983 absolute=38.3753548 local=38.37537 linear=38.3753548 vx=30.6006927 vy=2.57169986 vz=-23.0141678 slip=-0.000473022461 accepted=1 window=66 ratio=1.00003779 cv=0.0107228011 stable=1 metricVerified=1 worldUnitsPerMeter=0.99855119
[2026-10-10 03:29:52.621] [INFO] PostRace observation: phase=Roaming complete=1 liveCount=16 registryStatus=Stable observedRacerCount=0 capturedRaceCount=0 matchingRaceIdentities=0 readOnly=1 lifetimeProven=0
[2026-10-10 03:29:52.741] [INFO] FRR_MOTION_V1 capture=707000 cohort=147 generation=1 model=2030390099 timeMs=826375 dt=0.274246782 valid=1 safe=1 grounded=1 x=498.014954 y=131.965134 z=2492.8877 speed=37.9146881 speedometer=37.1744423 absolute=37.9146881 local=37.9146881 linear=37.9146881 vx=26.288002 vy=1.65706098 vz=-27.271204 slip=-0.00115966797 accepted=1 window=67 ratio=1.00007331 cv=0.0106459958 stable=1 metricVerified=1 worldUnitsPerMeter=0.99855119
[2026-10-10 03:29:53.015] [INFO] FRR_MOTION_V1 capture=707000 cohort=147 generation=1 model=2030390099 timeMs=826656 dt=0.274680287 valid=1 safe=1 grounded=1 x=504.582733 y=132.320984 z=2484.82886 speed=38.0147934 speedometer=37.9770889 absolute=38.0147934 local=38.0147858 linear=38.0147934 vx=21.8744392 vy=1.06846893 vz=-31.0723629 slip=-0.00540161133 accepted=1 window=68 ratio=1.00003564 cv=0.0105723031 stable=1 metricVerified=1 worldUnitsPerMeter=0.99855119
[2026-10-10 03:29:53.125] [INFO] PostRace observation: phase=Roaming complete=1 liveCount=16 registryStatus=Stable observedRacerCount=0 capturedRaceCount=0 matchingRaceIdentities=0 readOnly=1 lifetimeProven=0
[2026-10-10 03:29:53.291] [INFO] FRR_MOTION_V1 capture=707000 cohort=147 generation=1 model=2030390099 timeMs=826937 dt=0.275413096 valid=1 safe=1 grounded=1 x=510.012238 y=132.630005 z=2475.8418 speed=38.364521 speedometer=37.843132 absolute=38.364521 local=38.3645134 linear=38.364521 vx=17.4155788 vy=1.32266581 vz=-34.1582298 slip=0.000579833984 accepted=1 window=69 ratio=1.00001645 cv=0.0104968045 stable=1 metricVerified=1 worldUnitsPerMeter=0.99855119
[2026-10-10 03:29:53.560] [INFO] FRR_MOTION_V1 capture=707000 cohort=147 generation=1 model=2030390099 timeMs=827203 dt=0.269262701 valid=1 safe=1 grounded=1 x=514.045959 y=132.981262 z=2466.48877 speed=38.3625031 speedometer=38.3373337 absolute=38.3625031 local=38.3625031 linear=38.3625031 vx=13.4596786 vy=1.34874976 vz=-35.8984642 slip=-0.00352478027 accepted=1 window=70 ratio=0.999825358 cv=0.0105438046 stable=1 metricVerified=1 worldUnitsPerMeter=0.99855119
[2026-10-10 03:29:53.623] [INFO] PostRace observation: phase=Roaming complete=1 liveCount=16 registryStatus=Stable observedRacerCount=0 capturedRaceCount=0 matchingRaceIdentities=0 readOnly=1 lifetimeProven=0
[2026-10-10 03:29:53.828] [INFO] FRR_MOTION_V1 capture=707000 cohort=147 generation=1 model=2030390099 timeMs=827468 dt=0.267545998 valid=1 safe=1 grounded=1 x=517.208618 y=133.323685 z=2456.52563 speed=38.8964767 speedometer=38.8756523 absolute=38.8964767 local=38.8964767 linear=38.8964767 vx=10.1913548 vy=1.21454871 vz=-37.5179558 slip=-0.001953125 accepted=1 window=71 ratio=0.999996126 cv=0.0105645554 stable=1 metricVerified=1 worldUnitsPerMeter=0.99855119
[2026-10-10 03:29:54.095] [INFO] FRR_MOTION_V1 capture=707000 cohort=147 generation=1 model=2030390099 timeMs=827734 dt=0.2673316 valid=1 safe=1 grounded=1 x=519.705994 y=133.622696 z=2446.38403 speed=39.4642792 speedometer=39.4441338 absolute=39.4642792 local=39.4642982 linear=39.4642792 vx=8.73824596 vy=1.0657692 vz=-38.469944 slip=-0.00080871582 accepted=1 window=72 ratio=0.999962628 cv=0.0104950843 stable=1 metricVerified=1 worldUnitsPerMeter=0.99855119
[2026-10-10 03:29:54.124] [INFO] PostRace observation: phase=Roaming complete=1 liveCount=16 registryStatus=Stable observedRacerCount=0 capturedRaceCount=0 matchingRaceIdentities=0 readOnly=1 lifetimeProven=0
[2026-10-10 03:29:54.366] [INFO] FRR_MOTION_V1 capture=707000 cohort=147 generation=1 model=2030390099 timeMs=828000 dt=0.270690203 valid=1 safe=1 grounded=1 x=521.968384 y=133.862839 z=2435.90918 speed=39.0002975 speedometer=39.1035919 absolute=39.0002975 local=39.000309 linear=39.0002975 vx=7.85884619 vy=0.757118583 vz=-38.1927795 slip=4.57763672e-05 accepted=1 window=73 ratio=1.0000912 cv=0.0104785534 stable=1 metricVerified=1 worldUnitsPerMeter=0.99855119
[2026-10-10 03:29:54.620] [INFO] PostRace observation: phase=Roaming complete=1 liveCount=16 registryStatus=Stable observedRacerCount=0 capturedRaceCount=0 matchingRaceIdentities=0 readOnly=1 lifetimeProven=0
[2026-10-10 03:29:54.640] [INFO] FRR_MOTION_V1 capture=707000 cohort=147 generation=1 model=2030390099 timeMs=828281 dt=0.274160713 valid=1 safe=1 grounded=1 x=523.998413 y=134.014282 z=2425.99634 speed=35.7506561 speedometer=35.8533096 absolute=35.7506561 local=35.7506638 linear=35.7506561 vx=7.12543488 vy=0.399933189 vz=-35.0310974 slip=0 accepted=1 window=74 ratio=0.999922276 cv=0.0105089126 stable=1 metricVerified=1 worldUnitsPerMeter=0.99855119
[2026-10-10 03:29:54.911] [INFO] FRR_MOTION_V1 capture=707000 cohort=147 generation=1 model=2030390099 timeMs=828546 dt=0.271391481 valid=1 safe=1 grounded=1 x=525.935486 y=134.076645 z=2416.47388 speed=35.5942345 speedometer=35.5731888 absolute=35.5942345 local=35.5942459 linear=35.5942345 vx=7.08936882 vy=0.11032825 vz=-34.8809128 slip=0 accepted=1 window=75 ratio=0.999973536 cv=0.0104474025 stable=1 metricVerified=1 worldUnitsPerMeter=0.99855119
[2026-10-10 03:29:55.126] [INFO] PostRace observation: phase=Roaming complete=1 liveCount=16 registryStatus=Stable observedRacerCount=0 capturedRaceCount=0 matchingRaceIdentities=0 readOnly=1 lifetimeProven=0
[2026-10-10 03:29:55.168] [INFO] FRR_MOTION_V1 capture=707000 cohort=147 generation=1 model=2030390099 timeMs=828812 dt=0.256877214 valid=1 safe=1 grounded=1 x=527.782715 y=134.067566 z=2407.37817 speed=36.2357521 speedometer=36.2148666 absolute=36.2357521 local=36.2357635 linear=36.2357521 vx=7.21487236 vy=-0.0805889294 vz=-35.5101242 slip=0 accepted=1 window=76 ratio=1.00005329 cv=0.0104005458 stable=1 metricVerified=1 worldUnitsPerMeter=0.99855119
[2026-10-10 03:29:55.430] [INFO] FRR_MOTION_V1 capture=707000 cohort=147 generation=1 model=2030390099 timeMs=829062 dt=0.261599392 valid=1 safe=1 grounded=1 x=529.282288 y=134.026886 z=2398.13672 speed=36.1044922 speedometer=35.532589 absolute=36.1044922 local=36.1044884 linear=36.1044922 vx=4.01175642 vy=-0.128581032 vz=-35.8806877 slip=0.00350952148 accepted=1 window=77 ratio=0.999915779 cv=0.0104034925 stable=1 metricVerified=1 worldUnitsPerMeter=0.99855119
[2026-10-10 03:29:55.625] [INFO] PostRace observation: phase=Roaming complete=1 liveCount=16 registryStatus=Stable observedRacerCount=0 capturedRaceCount=0 matchingRaceIdentities=0 readOnly=1 lifetimeProven=0
[2026-10-10 03:29:55.708] [INFO] FRR_MOTION_V1 capture=707000 cohort=147 generation=1 model=2030390099 timeMs=829343 dt=0.278559893 valid=1 safe=1 grounded=1 x=529.622742 y=133.974091 z=2388.10547 speed=36.0065575 speedometer=35.9713707 absolute=36.0065575 local=36.0065689 linear=36.0065575 vx=-1.24177468 vy=-0.436530471 vz=-35.9824905 slip=-0.00486755371 accepted=1 window=78 ratio=0.999908626 cv=0.0103368536 stable=1 metricVerified=1 worldUnitsPerMeter=0.99855119
[2026-10-10 03:29:55.981] [INFO] FRR_MOTION_V1 capture=707000 cohort=147 generation=1 model=2030390099 timeMs=829625 dt=0.272491574 valid=1 safe=1 grounded=1 x=529.039062 y=133.827332 z=2378.35791 speed=35.9741554 speedometer=35.9781036 absolute=35.9741554 local=35.9741592 linear=35.9741554 vx=-2.4366684 vy=-0.668743134 vz=-35.8853073 slip=-0.0105895996 accepted=1 window=79 ratio=0.999856889 cv=0.0102818981 stable=1 metricVerified=1 worldUnitsPerMeter=0.99855119
[2026-10-10 03:29:56.126] [INFO] PostRace observation: phase=Roaming complete=1 liveCount=16 registryStatus=Stable observedRacerCount=0 capturedRaceCount=0 matchingRaceIdentities=0 readOnly=1 lifetimeProven=0
[2026-10-10 03:29:56.253] [INFO] FRR_MOTION_V1 capture=707000 cohort=147 generation=1 model=2030390099 timeMs=829890 dt=0.273233414 valid=1 safe=1 grounded=1 x=527.886841 y=133.629089 z=2368.47705 speed=36.1568375 speedometer=35.6042862 absolute=36.1568375 local=36.1568527 linear=36.1568375 vx=-5.28070354 vy=-0.840518653 vz=-35.7592583 slip=0.00520324707 accepted=1 window=80 ratio=0.999979794 cv=0.0102744279 stable=1 metricVerified=1 worldUnitsPerMeter=0.99855119
[2026-10-10 03:29:56.523] [INFO] FRR_MOTION_V1 capture=707000 cohort=147 generation=1 model=2030390099 timeMs=830156 dt=0.269457996 valid=1 safe=1 grounded=1 x=526.47644 y=133.372482 z=2358.78027 speed=36.1403809 speedometer=35.5884361 absolute=36.1403809 local=36.140377 linear=36.1403809 vx=-4.5286026 vy=-1.05784476 vz=-35.83992 slip=-0.00643920898 accepted=1 window=81 ratio=1.00005817 cv=0.010234043 stable=1 metricVerified=1 worldUnitsPerMeter=0.99855119
[2026-10-10 03:29:56.523] [INFO] Runtime heartbeat: mode=FreeRoamCandidate inWorld=1 raceMode=Roaming loading=0 inNIS=0 fade=0 flow=6 IVehicle=0x46EB41C PVehicle=0x46EB370 raceStatus=0xED291F8 roadNetwork=0x46CD390 pvehicleCount=57 playerCrossCheck=1 vehicles=16 human=1 traffic=13 cops=0 racers=0 none=2 nisCars=0 remote=0 unknown=0 cash=335950 careerCars=3 currentCarHandle=89 careerCompleted=0 profileKey=pseudonymous caps=[world:1,player:1,freeroam:1,road:1,roadNav:1,careerRead:1,spawnWrite:0,economyWrite:0,garageWrite:0] motion=[speed:36.140,speedometer:35.588,absSpeed:36.140,localMag:36.140,linearMag:36.140,slip:-0.006,wheels:4,units:engine/unverified] roadNav=[ai:0xECE270C,curSeg:0,curLane:0,curWidthWorld:0.0,curSpanWorld:0.0,curSegTime:0.000,curCurve:0.0000,curRoadOcc:0,curAvoidOcc:0,curOccBehind:0,futureSeg:0,futureLane:0,futureWidthWorld:0.0,navGapWorld:0.0,futureRoadOcc:0,futureAvoidOcc:0,seekDistWorld:2420.5,seekProjWorld:0.0,farDistWorld:2420.5,farProjWorld:0.0,playerPos:(526.5,133.4,2358.8),seek:(0.0,0.0,0.0),far:(0.0,0.0,0.0),units:world]
[2026-10-10 03:29:56.523] [INFO] Vehicle-spatial observation: registryComplete=1 registryCount=16 enabledActive=13 ignoredInactive=3 boxes=13 failedSpatialReads=0 halfExtentSemanticsResearchBacked=1 learnedModels=11 verifiedLearnedModels=11 catalogFootprintKey=0x79054B53
[2026-10-10 03:29:56.523] [INFO] Primary-camera observation: coherent=1 viewId=1 coordinateMapping=sim(z,-x,y)_to_render fullPlayerViewCoverageVerified=0 renderEnvelopeVerified=0 spawnVisibilityVerified=0
[2026-10-10 03:29:56.523] [INFO] Road-candidate observations: count=4 exactUsable=0 [CurrentRoad:RoadInvalid,seg=0,lane=0,distWorld=2420.5,projWorld=0.0,pointOccupancy=clear,fleetChecked=13,fleetInvalid=0,nearestVehicleGapWorld=2080.3,selectedRivalId=18331059014694192571,selectedVehicleKey=0x79054b53,preconstructionOverlap=unverified,overlapVerified=0,promotion=RoadInvalid,primaryCamera=unverified,separatingPlane=-1,completeSpawnVisibilityVerified=0] [FutureRoad:RoadInvalid,seg=0,lane=0,distWorld=2420.5,projWorld=0.0,pointOccupancy=clear,fleetChecked=13,fleetInvalid=0,nearestVehicleGapWorld=2080.3,selectedRivalId=18331059014694192571,selectedVehicleKey=0x79054b53,preconstructionOverlap=unverified,overlapVerified=0,promotion=RoadInvalid,primaryCamera=unverified,separatingPlane=-1,completeSpawnVisibilityVerified=0] [SeekAhead:RoadGeometryAssociationUnverified,seg=0,lane=0,distWorld=2420.5,projWorld=0.0,pointOccupancy=clear,fleetChecked=13,fleetInvalid=0,nearestVehicleGapWorld=2080.3,selectedRivalId=18331059014694192571,selectedVehicleKey=0x79054b53,preconstructionOverlap=unverified,overlapVerified=0,promotion=RoadGeometryAssociationUnverified,primaryCamera=unverified,separatingPlane=-1,completeSpawnVisibilityVerified=0] [FarFuture:RoadGeometryAssociationUnverified,seg=0,lane=0,distWorld=2420.5,projWorld=0.0,pointOccupancy=clear,fleetChecked=13,fleetInvalid=0,nearestVehicleGapWorld=2080.3,selectedRivalId=18331059014694192571,selectedVehicleKey=0x79054b53,preconstructionOverlap=unverified,overlapVerified=0,promotion=RoadGeometryAssociationUnverified,primaryCamera=unverified,separatingPlane=-1,completeSpawnVisibilityVerified=0]
[2026-10-10 03:29:56.523] [INFO] World-collision evidence: addressAvailable=1 gameplayThreadConfirmed=1 result=pending_or_unavailable cameraVisibilityVerified=0 streamingVerified=0
[2026-10-10 03:29:56.523] [INFO] Motion-scale observation: accepted=352 rejected=22 window=81 worldUnitsPerSpeedUnitSecond=1.00006 cv=0.01023 speedometerToSpeedRatio=0.99620 absoluteToSpeedRatio=1.00000 speedToLocalRatio=1.00000 speedToLinearRatio=1.00000 stable=1 metricVerified=1 worldUnitsPerMeter=0.99855
[2026-10-10 03:29:56.621] [INFO] PostRace observation: phase=Roaming complete=1 liveCount=16 registryStatus=Stable observedRacerCount=0 capturedRaceCount=0 matchingRaceIdentities=0 readOnly=1 lifetimeProven=0
[2026-10-10 03:29:56.802] [INFO] FRR_MOTION_V1 capture=707000 cohort=147 generation=1 model=2030390099 timeMs=830437 dt=0.27895841 valid=1 safe=1 grounded=1 x=525.601257 y=133.05574 z=2348.90869 speed=36.2003937 speedometer=36.1717415 absolute=36.2003937 local=36.2003975 linear=36.2003937 vx=-1.86257207 vy=-1.24964309 vz=-36.1308403 slip=0.00302124023 accepted=1 window=82 ratio=0.999846399 cv=0.0103507349 stable=1 metricVerified=1 worldUnitsPerMeter=0.99855119
[2026-10-10 03:29:57.075] [INFO] FRR_MOTION_V1 capture=707000 cohort=147 generation=1 model=2030390099 timeMs=830718 dt=0.272646785 valid=1 safe=1 grounded=1 x=525.288452 y=132.69516 z=2338.92114 speed=36.4955864 speedometer=36.4663849 absolute=36.4955864 local=36.4955978 linear=36.4955864 vx=-0.100483656 vy=-1.47197783 vz=-36.4657516 slip=0.00170898438 accepted=1 window=83 ratio=0.999956191 cv=0.0103349993 stable=1 metricVerified=1 worldUnitsPerMeter=0.99855119
[2026-10-10 03:29:57.122] [INFO] PostRace observation: phase=Roaming complete=1 liveCount=16 registryStatus=Stable observedRacerCount=0 capturedRaceCount=0 matchingRaceIdentities=0 readOnly=1 lifetimeProven=0
[2026-10-10 03:29:57.348] [INFO] FRR_MOTION_V1 capture=707000 cohort=147 generation=1 model=2030390099 timeMs=830984 dt=0.273095399 valid=1 safe=1 grounded=1 x=525.364868 y=132.283981 z=2328.95288 speed=36.9469757 speedometer=36.3657875 absolute=36.9469757 local=36.9469833 linear=36.9469757 vx=1.14539182 vy=-1.64558291 vz=-36.8925362 slip=-0.00424194336 accepted=1 window=84 ratio=0.999895692 cv=0.0102886837 stable=1 metricVerified=1 worldUnitsPerMeter=0.99855119
[2026-10-10 03:29:57.621] [INFO] FRR_MOTION_V1 capture=707000 cohort=147 generation=1 model=2030390099 timeMs=831265 dt=0.272982299 valid=1 safe=1 grounded=1 x=525.870178 y=131.827667 z=2318.91162 speed=37.525547 speedometer=37.4979744 absolute=37.525547 local=37.5255585 linear=37.525547 vx=2.69287658 vy=-1.76346993 vz=-37.3872337 slip=0.00196838379 accepted=1 window=85 ratio=0.999780595 cv=0.0102834525 stable=1 metricVerified=1 worldUnitsPerMeter=0.99855119
[2026-10-10 03:29:57.623] [INFO] PostRace observation: phase=Roaming complete=1 liveCount=16 registryStatus=Stable observedRacerCount=0 capturedRaceCount=0 matchingRaceIdentities=0 readOnly=1 lifetimeProven=0
[2026-10-10 03:29:57.899] [INFO] FRR_MOTION_V1 capture=707000 cohort=147 generation=1 model=2030390099 timeMs=831531 dt=0.278084815 valid=1 safe=1 grounded=1 x=526.930237 y=131.312698 z=2308.23022 speed=38.3171806 speedometer=38.2931099 absolute=38.3171806 local=38.317173 linear=38.3171806 vx=4.50260019 vy=-1.89062059 vz=-38.004715 slip=0.000732421875 accepted=1 window=86 ratio=1.00000465 cv=0.0104278009 stable=1 metricVerified=1 worldUnitsPerMeter=0.99855119
[2026-10-10 03:29:58.128] [INFO] PostRace observation: phase=Roaming complete=1 liveCount=16 registryStatus=Stable observedRacerCount=0 capturedRaceCount=0 matchingRaceIdentities=0 readOnly=1 lifetimeProven=0
[2026-10-10 03:29:58.175] [INFO] FRR_MOTION_V1 capture=707000 cohort=147 generation=1 model=2030390099 timeMs=831812 dt=0.276734114 valid=1 safe=1 grounded=1 x=528.289124 y=130.671036 z=2297.68335 speed=39.0905762 speedometer=39.0698013 absolute=39.0905762 local=39.09058 linear=39.0905762 vx=5.2884407 vy=-2.71636367 vz=-38.6358223 slip=0.000350952148 accepted=1 window=87 ratio=0.999943078 cv=0.0103840269 stable=1 metricVerified=1 worldUnitsPerMeter=0.99855119
[2026-10-10 03:29:58.450] [INFO] FRR_MOTION_V1 capture=707000 cohort=147 generation=1 model=2030390099 timeMs=832093 dt=0.273819298 valid=1 safe=1 grounded=1 x=529.568848 y=129.809738 z=2286.96973 speed=39.6733932 speedometer=39.6451378 absolute=39.6733932 local=39.6733971 linear=39.6733932 vx=4.42552996 vy=-3.45196843 vz=-39.2743797 slip=-0.000778198242 accepted=1 window=88 ratio=0.99998647 cv=0.0103323385 stable=1 metricVerified=1 worldUnitsPerMeter=0.99855119
[2026-10-10 03:29:58.625] [INFO] PostRace observation: phase=Roaming complete=1 liveCount=16 registryStatus=Stable observedRacerCount=0 capturedRaceCount=0 matchingRaceIdentities=0 readOnly=1 lifetimeProven=0
[2026-10-10 03:29:58.733] [INFO] FRR_MOTION_V1 capture=707000 cohort=147 generation=1 model=2030390099 timeMs=832375 dt=0.283042908 valid=1 safe=1 grounded=1 x=530.690063 y=128.744751 z=2275.65015 speed=41.1514168 speedometer=40.0626335 absolute=41.1514168 local=41.1514244 linear=41.1514168 vx=3.61216307 vy=-4.02283907 vz=-40.7947083 slip=-0.000503540039 accepted=1 window=89 ratio=0.999973118 cv=0.0102750259 stable=1 metricVerified=1 worldUnitsPerMeter=0.99855119
[2026-10-10 03:29:59.009] [INFO] FRR_MOTION_V1 capture=707000 cohort=147 generation=1 model=2030390099 timeMs=832656 dt=0.276263803 valid=1 safe=1 grounded=1 x=531.616028 y=127.599899 z=2264.30469 speed=41.9519157 speedometer=41.9298782 absolute=41.9519157 local=41.9519272 linear=41.9519157 vx=3.21492815 vy=-4.33650017 vz=-41.6031532 slip=-0.000198364258 accepted=1 window=90 ratio=0.999936044 cv=0.0102241468 stable=1 metricVerified=1 worldUnitsPerMeter=0.99855119
[2026-10-10 03:29:59.120] [INFO] PostRace observation: phase=Roaming complete=1 liveCount=16 registryStatus=Stable observedRacerCount=0 capturedRaceCount=0 matchingRaceIdentities=0 readOnly=1 lifetimeProven=0
[2026-10-10 03:29:59.286] [INFO] FRR_MOTION_V1 capture=707000 cohort=147 generation=1 model=2030390099 timeMs=832921 dt=0.277971119 valid=1 safe=1 grounded=1 x=532.485046 y=126.347954 z=2252.58643 speed=42.6814804 speedometer=42.692337 absolute=42.6814804 local=42.681488 linear=42.6814804 vx=3.07932734 vy=-4.54146338 vz=-42.3273163 slip=-4.57763672e-05 accepted=1 window=91 ratio=0.999987304 cv=0.0101789208 stable=1 metricVerified=1 worldUnitsPerMeter=0.99855119
[2026-10-10 03:29:59.569] [INFO] FRR_MOTION_V1 capture=707000 cohort=147 generation=1 model=2030390099 timeMs=833203 dt=0.281447798 valid=1 safe=1 grounded=1 x=533.344116 y=125.022766 z=2240.66504 speed=43.4310951 speedometer=43.4061089 absolute=43.4310951 local=43.4311028 linear=43.4310951 vx=3.07046247 vy=-4.83342123 vz=-43.0519485 slip=-1.52587891e-05 accepted=1 window=92 ratio=0.999904454 cv=0.0101551218 stable=1 metricVerified=1 worldUnitsPerMeter=0.99855119
[2026-10-10 03:29:59.627] [INFO] PostRace observation: phase=Roaming complete=1 liveCount=16 registryStatus=Stable observedRacerCount=0 capturedRaceCount=0 matchingRaceIdentities=0 readOnly=1 lifetimeProven=0
[2026-10-10 03:29:59.857] [INFO] FRR_MOTION_V1 capture=707000 cohort=147 generation=1 model=2030390099 timeMs=833500 dt=0.288766026 valid=1 safe=1 grounded=1 x=534.24292 y=123.589668 z=2227.98975 speed=44.2244263 speedometer=44.2011223 absolute=44.2244263 local=44.2244377 linear=44.2244263 vx=3.09809399 vy=-5.1067462 vz=-43.8192062 slip=0 accepted=1 window=93 ratio=1.0000174 cv=0.0101571558 stable=1 metricVerified=1 worldUnitsPerMeter=0.99855119
[2026-10-10 03:30:00.122] [INFO] PostRace observation: phase=Roaming complete=1 liveCount=16 registryStatus=Stable observedRacerCount=0 capturedRaceCount=0 matchingRaceIdentities=0 readOnly=1 lifetimeProven=0
[2026-10-10 03:30:00.144] [INFO] FRR_MOTION_V1 capture=707000 cohort=147 generation=1 model=2030390099 timeMs=833781 dt=0.286214292 valid=1 safe=1 grounded=1 x=535.124329 y=122.154999 z=2215.46191 speed=44.9987946 speedometer=44.9759712 absolute=44.9987946 local=44.9988136 linear=44.9987946 vx=3.13382101 vy=-5.04807663 vz=-44.6047935 slip=0 accepted=1 window=94 ratio=0.999910533 cv=0.0101564601 stable=1 metricVerified=1 worldUnitsPerMeter=0.99855119
[2026-10-10 03:30:00.432] [INFO] FRR_MOTION_V1 capture=707000 cohort=147 generation=1 model=2030390099 timeMs=834078 dt=0.288759112 valid=1 safe=1 grounded=1 x=536.018494 y=120.692665 z=2202.71436 speed=45.75597 speedometer=45.7403221 absolute=45.75597 local=45.7559662 linear=45.75597 vx=3.18090534 vy=-5.14582586 vz=-45.3542862 slip=0 accepted=1 window=95 ratio=0.99971801 cv=0.0102759004 stable=1 metricVerified=1 worldUnitsPerMeter=0.99855119
[2026-10-10 03:30:00.628] [INFO] PostRace observation: phase=Roaming complete=1 liveCount=16 registryStatus=Stable observedRacerCount=0 capturedRaceCount=0 matchingRaceIdentities=0 readOnly=1 lifetimeProven=0
[2026-10-10 03:30:00.763] [INFO] FRR_MOTION_V1 capture=707000 cohort=147 generation=1 model=2030390099 timeMs=834406 dt=0.331528097 valid=1 safe=1 grounded=1 x=537.090454 y=118.950928 z=2187.44727 speed=46.6416817 speedometer=46.6198349 absolute=46.6416817 local=46.6416817 linear=46.6416817 vx=3.23572946 vy=-5.23392344 vz=-46.2339973 slip=0 accepted=1 window=96 ratio=0.999780297 cv=0.0102396207 stable=1 metricVerified=1 worldUnitsPerMeter=0.99855119
[2026-10-10 03:30:01.059] [INFO] FRR_MOTION_V1 capture=707000 cohort=147 generation=1 model=2030390099 timeMs=834703 dt=0.295570821 valid=1 safe=1 grounded=1 x=538.064575 y=117.464211 z=2173.45288 speed=47.4377518 speedometer=47.4151192 absolute=47.4377518 local=47.4377556 linear=47.4377518 vx=3.26509356 vy=-4.70313025 vz=-47.0909767 slip=0 accepted=1 window=97 ratio=0.999933243 cv=0.0102948369 stable=1 metricVerified=1 worldUnitsPerMeter=0.99855119
[2026-10-10 03:30:01.128] [INFO] PostRace observation: phase=Roaming complete=1 liveCount=16 registryStatus=Stable observedRacerCount=0 capturedRaceCount=0 matchingRaceIdentities=0 readOnly=1 lifetimeProven=0
[2026-10-10 03:30:01.348] [INFO] FRR_MOTION_V1 capture=707000 cohort=147 generation=1 model=2030390099 timeMs=834984 dt=0.289307475 valid=1 safe=1 grounded=1 x=539.108643 y=116.209045 z=2159.93311 speed=46.0375252 speedometer=44.9044228 absolute=46.0375252 local=46.0375328 linear=46.0375252 vx=5.02441502 vy=-4.02973843 vz=-45.5847588 slip=-0.00370788574 accepted=1 window=98 ratio=1.00000668 cv=0.0102669531 stable=1 metricVerified=1 worldUnitsPerMeter=0.99855119
[2026-10-10 03:30:01.415] [INFO] Runtime hook health after 128s: renderFrames=16116 inputPolls=0 gameplayLoopCalls=16123 gameplayLoopCompleted=16122 gameplayCallbacks=16122 gameplayLoopInstalled=1 gameplayLoopSourceVerified=1 gameplayLoopThreadConsistent=1 gameplayLoopThread=3548 frameTicks=16123 samples=538 challengeFallbackPresses=0 renderThread=3548 inputThread=0 frameTickThread=3548 renderWorkerStarted=1 endSceneInstalled=1 presentInstalled=1 endSceneCalls=16116 presentCalls=16116 deviceGlobal=0x982bdc device=0x95fd800 vtable=0x960075c frameTickEqualsGameplayLoop=1 frameTickEqualsRender=1
[2026-10-10 03:30:01.415] [INFO] Construction readiness after 128s: BLOCKED blocker=ExactRoadCandidateUnavailable gameplayThreadConfirmed=1 freeRoamObserved=1 roadLookaheadObserved=1 exactRoadCandidateObserved=0 vehicleSpatialEvidenceObserved=1 vehicleFootprintVerified=1 verifiedFootprintVehicleKey=0x79054B53 groundEvidenceVerified=0 worldOcclusionEvidenceObserved=0 metricCalibrationVerified=1 worldUnitsPerMeter=0.998551 spawnCandidateVerified=0
[2026-10-10 03:30:01.626] [INFO] PostRace observation: phase=Roaming complete=1 liveCount=16 registryStatus=Stable observedRacerCount=0 capturedRaceCount=0 matchingRaceIdentities=0 readOnly=1 lifetimeProven=0
[2026-10-10 03:30:01.636] [INFO] FRR_MOTION_V1 capture=707000 cohort=147 generation=1 model=2030390099 timeMs=835281 dt=0.287775308 valid=1 safe=1 grounded=1 x=541.2276 y=115.17968 z=2147.7334 speed=40.7402687 speedometer=40.820713 absolute=40.7402687 local=40.7402725 linear=40.7402687 vx=10.1201935 vy=-3.21996236 vz=-39.3317032 slip=0.00148010254 accepted=1 window=99 ratio=0.999957144 cv=0.0102272509 stable=1 metricVerified=1 worldUnitsPerMeter=0.99855119
[2026-10-10 03:30:01.931] [INFO] FRR_MOTION_V1 capture=707000 cohort=147 generation=1 model=2030390099 timeMs=835562 dt=0.294496387 valid=1 safe=1 grounded=1 x=544.106262 y=114.277863 z=2136.71167 speed=36.5501862 speedometer=34.6161041 absolute=36.5501862 local=36.5501862 linear=36.5501862 vx=9.00141048 vy=-2.85589838 vz=-35.3091278 slip=0.0124816895 accepted=1 window=100 ratio=0.999998152 cv=0.0101837562 stable=1 metricVerified=1 worldUnitsPerMeter=0.99855119
[2026-10-10 03:30:02.127] [INFO] PostRace observation: phase=Roaming complete=1 liveCount=16 registryStatus=Stable observedRacerCount=0 capturedRaceCount=0 matchingRaceIdentities=0 readOnly=1 lifetimeProven=0
[2026-10-10 03:30:02.214] [INFO] FRR_MOTION_V1 capture=707000 cohort=147 generation=1 model=2030390099 timeMs=835859 dt=0.283306807 valid=1 safe=1 grounded=1 x=546.210938 y=113.527863 z=2127.32104 speed=31.9518852 speedometer=30.975378 absolute=31.9518852 local=31.9518929 linear=31.9518852 vx=6.42674732 vy=-2.44048381 vz=-31.2035885 slip=-0.00842285156 accepted=1 window=101 ratio=0.999946356 cv=0.0101469718 stable=1 metricVerified=1 worldUnitsPerMeter=0.99855119
[2026-10-10 03:30:02.214] [INFO] Runtime heartbeat: mode=FreeRoamCandidate inWorld=1 raceMode=Roaming loading=0 inNIS=0 fade=0 flow=6 IVehicle=0x46EB41C PVehicle=0x46EB370 raceStatus=0xED291F8 roadNetwork=0x46CD390 pvehicleCount=57 playerCrossCheck=1 vehicles=16 human=1 traffic=13 cops=0 racers=0 none=2 nisCars=0 remote=0 unknown=0 cash=335950 careerCars=3 currentCarHandle=89 careerCompleted=0 profileKey=pseudonymous caps=[world:1,player:1,freeroam:1,road:1,roadNav:1,careerRead:1,spawnWrite:0,economyWrite:0,garageWrite:0] motion=[speed:31.952,speedometer:30.975,absSpeed:31.952,localMag:31.952,linearMag:31.952,slip:-0.008,wheels:4,units:engine/unverified] roadNav=[ai:0xECE270C,curSeg:0,curLane:0,curWidthWorld:0.0,curSpanWorld:0.0,curSegTime:0.000,curCurve:0.0000,curRoadOcc:0,curAvoidOcc:0,curOccBehind:0,futureSeg:0,futureLane:0,futureWidthWorld:0.0,navGapWorld:0.0,futureRoadOcc:0,futureAvoidOcc:0,seekDistWorld:2199.3,seekProjWorld:0.0,farDistWorld:2199.3,farProjWorld:0.0,playerPos:(546.2,113.5,2127.3),seek:(0.0,0.0,0.0),far:(0.0,0.0,0.0),units:world]
[2026-10-10 03:30:02.214] [INFO] Vehicle-spatial observation: registryComplete=1 registryCount=16 enabledActive=13 ignoredInactive=3 boxes=13 failedSpatialReads=0 halfExtentSemanticsResearchBacked=1 learnedModels=11 verifiedLearnedModels=11 catalogFootprintKey=0x79054B53
[2026-10-10 03:30:02.214] [INFO] Primary-camera observation: coherent=1 viewId=1 coordinateMapping=sim(z,-x,y)_to_render fullPlayerViewCoverageVerified=0 renderEnvelopeVerified=0 spawnVisibilityVerified=0
[2026-10-10 03:30:02.214] [INFO] Road-candidate observations: count=4 exactUsable=0 [CurrentRoad:RoadInvalid,seg=0,lane=0,distWorld=2199.3,projWorld=0.0,pointOccupancy=clear,fleetChecked=13,fleetInvalid=0,nearestVehicleGapWorld=1964.4,selectedRivalId=18331059014694192571,selectedVehicleKey=0x79054b53,preconstructionOverlap=unverified,overlapVerified=0,promotion=RoadInvalid,primaryCamera=unverified,separatingPlane=-1,completeSpawnVisibilityVerified=0] [FutureRoad:RoadInvalid,seg=0,lane=0,distWorld=2199.3,projWorld=0.0,pointOccupancy=clear,fleetChecked=13,fleetInvalid=0,nearestVehicleGapWorld=1964.4,selectedRivalId=18331059014694192571,selectedVehicleKey=0x79054b53,preconstructionOverlap=unverified,overlapVerified=0,promotion=RoadInvalid,primaryCamera=unverified,separatingPlane=-1,completeSpawnVisibilityVerified=0] [SeekAhead:RoadGeometryAssociationUnverified,seg=0,lane=0,distWorld=2199.3,projWorld=0.0,pointOccupancy=clear,fleetChecked=13,fleetInvalid=0,nearestVehicleGapWorld=1964.4,selectedRivalId=18331059014694192571,selectedVehicleKey=0x79054b53,preconstructionOverlap=unverified,overlapVerified=0,promotion=RoadGeometryAssociationUnverified,primaryCamera=unverified,separatingPlane=-1,completeSpawnVisibilityVerified=0] [FarFuture:RoadGeometryAssociationUnverified,seg=0,lane=0,distWorld=2199.3,projWorld=0.0,pointOccupancy=clear,fleetChecked=13,fleetInvalid=0,nearestVehicleGapWorld=1964.4,selectedRivalId=18331059014694192571,selectedVehicleKey=0x79054b53,preconstructionOverlap=unverified,overlapVerified=0,promotion=RoadGeometryAssociationUnverified,primaryCamera=unverified,separatingPlane=-1,completeSpawnVisibilityVerified=0]
[2026-10-10 03:30:02.214] [INFO] World-collision evidence: addressAvailable=1 gameplayThreadConfirmed=1 result=pending_or_unavailable cameraVisibilityVerified=0 streamingVerified=0
[2026-10-10 03:30:02.214] [INFO] Motion-scale observation: accepted=372 rejected=22 window=101 worldUnitsPerSpeedUnitSecond=0.99995 cv=0.01015 speedometerToSpeedRatio=0.99548 absoluteToSpeedRatio=1.00000 speedToLocalRatio=1.00000 speedToLinearRatio=1.00000 stable=1 metricVerified=1 worldUnitsPerMeter=0.99855
[2026-10-10 03:30:02.496] [INFO] FRR_MOTION_V1 capture=707000 cohort=147 generation=1 model=2030390099 timeMs=836140 dt=0.281777591 valid=1 safe=1 grounded=1 x=547.953308 y=112.880257 z=2119.09155 speed=27.0168056 speedometer=24.8259468 absolute=27.0168056 local=27.0168056 linear=27.0168056 vx=6.44108772 vy=-2.00240231 vz=-26.1612434 slip=-0.0148620605 accepted=1 window=102 ratio=1.00009882 cv=0.0102112126 stable=1 metricVerified=1 worldUnitsPerMeter=0.99855119
[2026-10-10 03:30:02.619] [INFO] PostRace observation: phase=Roaming complete=1 liveCount=16 registryStatus=Stable observedRacerCount=0 capturedRaceCount=0 matchingRaceIdentities=0 readOnly=1 lifetimeProven=0
[2026-10-10 03:30:02.778] [INFO] FRR_MOTION_V1 capture=707000 cohort=147 generation=1 model=2030390099 timeMs=836421 dt=0.282407016 valid=1 safe=1 grounded=1 x=549.865601 y=112.385147 z=2112.58618 speed=21.3315792 speedometer=19.8544922 absolute=21.3315792 local=21.331583 linear=21.3315792 vx=4.97903109 vy=-1.56227314 vz=-20.6834431 slip=0.00592041016 accepted=1 window=103 ratio=1.0000577 cv=0.010170456 stable=1 metricVerified=1 worldUnitsPerMeter=0.99855119
[2026-10-10 03:30:03.058] [INFO] FRR_MOTION_V1 capture=707000 cohort=147 generation=1 model=2030390099 timeMs=836703 dt=0.28020829 valid=1 safe=1 grounded=1 x=550.634888 y=112.00853 z=2107.52222 speed=15.9913683 speedometer=14.7048168 absolute=15.9913683 local=15.9913702 linear=15.9913683 vx=0.854766369 vy=-1.18195009 vz=-15.9247046 slip=0.0427398682 accepted=0 window=0 ratio=0 cv=0 stable=0 metricVerified=1 worldUnitsPerMeter=0.99855119
[2026-10-10 03:30:03.125] [INFO] PostRace observation: phase=Roaming complete=1 liveCount=16 registryStatus=Stable observedRacerCount=0 capturedRaceCount=0 matchingRaceIdentities=0 readOnly=1 lifetimeProven=0
[2026-10-10 03:30:03.340] [INFO] FRR_MOTION_V1 capture=707000 cohort=147 generation=1 model=2030390099 timeMs=836984 dt=0.281333894 valid=1 safe=1 grounded=1 x=550.426636 y=111.706856 z=2103.48022 speed=12.5486698 speedometer=12.7408361 absolute=12.5486698 local=12.5486746 linear=12.5486698 vx=-1.87334275 vy=-0.934565723 vz=-12.3728046 slip=0.068939209 accepted=1 window=1 ratio=1.01094496 cv=0 stable=0 metricVerified=1 worldUnitsPerMeter=0.99855119
[2026-10-10 03:30:03.618] [INFO] FRR_MOTION_V1 capture=707000 cohort=147 generation=1 model=2030390099 timeMs=837250 dt=0.27848199 valid=1 safe=1 grounded=1 x=550.330444 y=111.498741 z=2100.64746 speed=8.21172237 speedometer=10.4322042 absolute=8.21172237 local=8.21172237 linear=8.21172237 vx=1.01663065 vy=-0.599292099 vz=-8.12648106 slip=0.0180969238 accepted=0 window=0 ratio=0 cv=0 stable=0 metricVerified=1 worldUnitsPerMeter=0.99855119
[2026-10-10 03:30:03.620] [INFO] PostRace observation: phase=Roaming complete=1 liveCount=16 registryStatus=Stable observedRacerCount=0 capturedRaceCount=0 matchingRaceIdentities=0 readOnly=1 lifetimeProven=0
[2026-10-10 03:30:03.901] [INFO] FRR_MOTION_V1 capture=707000 cohort=147 generation=1 model=2030390099 timeMs=837546 dt=0.283193797 valid=1 safe=1 grounded=1 x=550.839417 y=111.385002 z=2099.05151 speed=3.86358309 speedometer=3.46418619 absolute=3.86358309 local=3.86358333 linear=3.86358309 vx=2.08029914 vy=-0.227716282 vz=-3.24773383 slip=-0.049407959 accepted=0 window=0 ratio=0 cv=0 stable=0 metricVerified=1 worldUnitsPerMeter=0.99855119
[2026-10-10 03:30:04.123] [INFO] PostRace observation: phase=Roaming complete=1 liveCount=16 registryStatus=Stable observedRacerCount=0 capturedRaceCount=0 matchingRaceIdentities=0 readOnly=1 lifetimeProven=0
[2026-10-10 03:30:04.180] [INFO] FRR_MOTION_V1 capture=707000 cohort=147 generation=1 model=2030390099 timeMs=837812 dt=0.278263986 valid=1 safe=1 grounded=1 x=551.059082 y=111.353256 z=2098.57715 speed=0.0231910441 speedometer=2.35946321 absolute=0.0231910441 local=0.023191046 linear=0.000537824351 vx=0.000112517017 vy=-2.28262052e-05 vz=-0.000525427342 slip=0.0110015869 accepted=0 window=0 ratio=0 cv=0 stable=0 metricVerified=1 worldUnitsPerMeter=0.99855119
[2026-10-10 03:30:04.458] [INFO] FRR_MOTION_V1 capture=707000 cohort=147 generation=1 model=2030390099 timeMs=838093 dt=0.278262317 valid=1 safe=1 grounded=1 x=551.059082 y=111.353256 z=2098.57715 speed=0 speedometer=2.35946321 absolute=0 local=0 linear=0 vx=0 vy=0 vz=0 slip=0 accepted=0 window=0 ratio=0 cv=0 stable=0 metricVerified=1 worldUnitsPerMeter=0.99855119
[2026-10-10 03:30:04.626] [INFO] PostRace observation: phase=Roaming complete=1 liveCount=16 registryStatus=Stable observedRacerCount=0 capturedRaceCount=0 matchingRaceIdentities=0 readOnly=1 lifetimeProven=0
[2026-10-10 03:30:04.737] [INFO] FRR_MOTION_V1 capture=707000 cohort=147 generation=1 model=2030390099 timeMs=838375 dt=0.27979058 valid=1 safe=1 grounded=1 x=551.059082 y=111.353256 z=2098.57715 speed=0 speedometer=2.35946321 absolute=0 local=0 linear=0 vx=0 vy=0 vz=0 slip=0 accepted=0 window=0 ratio=0 cv=0 stable=0 metricVerified=1 worldUnitsPerMeter=0.99855119
[2026-10-10 03:30:05.021] [INFO] FRR_MOTION_V1 capture=707000 cohort=147 generation=1 model=2030390099 timeMs=838656 dt=0.283023387 valid=1 safe=1 grounded=1 x=551.059082 y=111.353256 z=2098.57715 speed=0 speedometer=-1.75332787e-07 absolute=0 local=0 linear=0 vx=0 vy=0 vz=0 slip=0 accepted=0 window=0 ratio=0 cv=0 stable=0 metricVerified=1 worldUnitsPerMeter=0.99855119
[2026-10-10 03:30:05.124] [INFO] PostRace observation: phase=Roaming complete=1 liveCount=16 registryStatus=Stable observedRacerCount=0 capturedRaceCount=0 matchingRaceIdentities=0 readOnly=1 lifetimeProven=0
[2026-10-10 03:30:05.303] [INFO] FRR_MOTION_V1 capture=707000 cohort=147 generation=1 model=2030390099 timeMs=838937 dt=0.282330394 valid=1 safe=1 grounded=1 x=551.059082 y=111.353256 z=2098.57715 speed=0 speedometer=-1.75332787e-07 absolute=0 local=0 linear=0 vx=0 vy=0 vz=0 slip=0 accepted=0 window=0 ratio=0 cv=0 stable=0 metricVerified=1 worldUnitsPerMeter=0.99855119
[2026-10-10 03:30:05.581] [INFO] FRR_MOTION_V1 capture=707000 cohort=147 generation=1 model=2030390099 timeMs=839218 dt=0.277949512 valid=1 safe=1 grounded=1 x=551.059082 y=111.353256 z=2098.57715 speed=0 speedometer=-1.75332787e-07 absolute=0 local=0 linear=0 vx=0 vy=0 vz=0 slip=0 accepted=0 window=0 ratio=0 cv=0 stable=0 metricVerified=1 worldUnitsPerMeter=0.99855119
[2026-10-10 03:30:05.619] [INFO] PostRace observation: phase=Roaming complete=1 liveCount=16 registryStatus=Stable observedRacerCount=0 capturedRaceCount=0 matchingRaceIdentities=0 readOnly=1 lifetimeProven=0
[2026-10-10 03:30:05.856] [INFO] FRR_MOTION_V1 capture=707000 cohort=147 generation=1 model=2030390099 timeMs=839500 dt=0.275535017 valid=1 safe=1 grounded=1 x=551.059082 y=111.353256 z=2098.57715 speed=0 speedometer=-1.75332787e-07 absolute=0 local=0 linear=0 vx=0 vy=0 vz=0 slip=0 accepted=0 window=0 ratio=0 cv=0 stable=0 metricVerified=1 worldUnitsPerMeter=0.99855119
[2026-10-10 03:30:06.120] [INFO] PostRace observation: phase=Roaming complete=1 liveCount=16 registryStatus=Stable observedRacerCount=0 capturedRaceCount=0 matchingRaceIdentities=0 readOnly=1 lifetimeProven=0
[2026-10-10 03:30:06.141] [INFO] FRR_MOTION_V1 capture=707000 cohort=147 generation=1 model=2030390099 timeMs=839781 dt=0.284193993 valid=1 safe=1 grounded=1 x=551.059082 y=111.353256 z=2098.57715 speed=0 speedometer=-1.75332787e-07 absolute=0 local=0 linear=0 vx=0 vy=0 vz=0 slip=0 accepted=0 window=0 ratio=0 cv=0 stable=0 metricVerified=1 worldUnitsPerMeter=0.99855119
[2026-10-10 03:30:06.270] [INFO] NativePrototype stage=seeking maxOwned=1 gameplayCallback=1
[2026-10-10 03:30:06.392] [WARN] NativePrototype blocked=StabilityWindowNotMet stage=seeking
[2026-10-10 03:30:06.421] [INFO] FRR_MOTION_V1 capture=707000 cohort=147 generation=1 model=2030390099 timeMs=840062 dt=0.279892713 valid=1 safe=1 grounded=1 x=551.059082 y=111.353256 z=2098.57715 speed=0 speedometer=-1.75332787e-07 absolute=0 local=0 linear=0 vx=0 vy=0 vz=0 slip=0 accepted=0 window=0 ratio=0 cv=0 stable=0 metricVerified=1 worldUnitsPerMeter=0.99855119
[2026-10-10 03:30:06.623] [INFO] PostRace observation: phase=Roaming complete=1 liveCount=16 registryStatus=Stable observedRacerCount=0 capturedRaceCount=0 matchingRaceIdentities=0 readOnly=1 lifetimeProven=0
[2026-10-10 03:30:06.700] [INFO] FRR_MOTION_V1 capture=707000 cohort=147 generation=1 model=2030390099 timeMs=840343 dt=0.279568374 valid=1 safe=1 grounded=1 x=551.059082 y=111.353256 z=2098.57715 speed=0 speedometer=-1.75332787e-07 absolute=0 local=0 linear=0 vx=0 vy=0 vz=0 slip=0 accepted=0 window=0 ratio=0 cv=0 stable=0 metricVerified=1 worldUnitsPerMeter=0.99855119
[2026-10-10 03:30:06.979] [INFO] FRR_MOTION_V1 capture=707000 cohort=147 generation=1 model=2030390099 timeMs=840625 dt=0.277836412 valid=1 safe=1 grounded=1 x=551.059082 y=111.353256 z=2098.57715 speed=0 speedometer=-1.75332787e-07 absolute=0 local=0 linear=0 vx=0 vy=0 vz=0 slip=0 accepted=0 window=0 ratio=0 cv=0 stable=0 metricVerified=1 worldUnitsPerMeter=0.99855119
[2026-10-10 03:30:07.122] [INFO] PostRace observation: phase=Roaming complete=1 liveCount=16 registryStatus=Stable observedRacerCount=0 capturedRaceCount=0 matchingRaceIdentities=0 readOnly=1 lifetimeProven=0
[2026-10-10 03:30:07.263] [INFO] FRR_MOTION_V1 capture=707000 cohort=147 generation=1 model=2030390099 timeMs=840906 dt=0.284633309 valid=1 safe=1 grounded=1 x=551.059082 y=111.353256 z=2098.57715 speed=0 speedometer=-1.75332787e-07 absolute=0 local=0 linear=0 vx=0 vy=0 vz=0 slip=0 accepted=0 window=0 ratio=0 cv=0 stable=0 metricVerified=1 worldUnitsPerMeter=0.99855119
[2026-10-10 03:30:07.540] [INFO] FRR_MOTION_V1 capture=707000 cohort=147 generation=1 model=2030390099 timeMs=841171 dt=0.276924908 valid=1 safe=1 grounded=1 x=551.059082 y=111.353256 z=2098.57715 speed=0 speedometer=-1.75332787e-07 absolute=0 local=0 linear=0 vx=0 vy=0 vz=0 slip=0 accepted=0 window=0 ratio=0 cv=0 stable=0 metricVerified=1 worldUnitsPerMeter=0.99855119
[2026-10-10 03:30:07.625] [INFO] PostRace observation: phase=Roaming complete=1 liveCount=16 registryStatus=Stable observedRacerCount=0 capturedRaceCount=0 matchingRaceIdentities=0 readOnly=1 lifetimeProven=0
[2026-10-10 03:30:07.819] [INFO] FRR_MOTION_V1 capture=707000 cohort=147 generation=1 model=2030390099 timeMs=841453 dt=0.280090123 valid=1 safe=1 grounded=1 x=551.059082 y=111.353256 z=2098.57715 speed=0 speedometer=-1.75332787e-07 absolute=0 local=0 linear=0 vx=0 vy=0 vz=0 slip=0 accepted=0 window=0 ratio=0 cv=0 stable=0 metricVerified=1 worldUnitsPerMeter=0.99855119
[2026-10-10 03:30:07.819] [INFO] Runtime heartbeat: mode=FreeRoamCandidate inWorld=1 raceMode=Roaming loading=0 inNIS=0 fade=0 flow=6 IVehicle=0x46EB41C PVehicle=0x46EB370 raceStatus=0xED291F8 roadNetwork=0x46CD390 pvehicleCount=57 playerCrossCheck=1 vehicles=16 human=1 traffic=13 cops=0 racers=0 none=2 nisCars=0 remote=0 unknown=0 cash=335950 careerCars=3 currentCarHandle=89 careerCompleted=0 profileKey=pseudonymous caps=[world:1,player:1,freeroam:1,road:1,roadNav:1,careerRead:1,spawnWrite:0,economyWrite:0,garageWrite:0] motion=[speed:0.000,speedometer:-0.000,absSpeed:0.000,localMag:0.000,linearMag:0.000,slip:0.000,wheels:4,units:engine/unverified] roadNav=[ai:0xECE270C,curSeg:0,curLane:0,curWidthWorld:0.0,curSpanWorld:0.0,curSegTime:0.000,curCurve:0.0000,curRoadOcc:0,curAvoidOcc:0,curOccBehind:0,futureSeg:0,futureLane:0,futureWidthWorld:0.0,navGapWorld:0.0,futureRoadOcc:0,futureAvoidOcc:0,seekDistWorld:2172.6,seekProjWorld:0.0,farDistWorld:2172.6,farProjWorld:0.0,playerPos:(551.1,111.4,2098.6),seek:(0.0,0.0,0.0),far:(0.0,0.0,0.0),units:world]
[2026-10-10 03:30:07.819] [INFO] Vehicle-spatial observation: registryComplete=1 registryCount=16 enabledActive=13 ignoredInactive=3 boxes=13 failedSpatialReads=0 halfExtentSemanticsResearchBacked=1 learnedModels=11 verifiedLearnedModels=11 catalogFootprintKey=0x79054B53
[2026-10-10 03:30:07.819] [INFO] Primary-camera observation: coherent=1 viewId=1 coordinateMapping=sim(z,-x,y)_to_render fullPlayerViewCoverageVerified=0 renderEnvelopeVerified=0 spawnVisibilityVerified=0
[2026-10-10 03:30:07.820] [INFO] Road-candidate observations: count=4 exactUsable=0 [CurrentRoad:RoadInvalid,seg=0,lane=0,distWorld=2172.6,projWorld=0.0,pointOccupancy=clear,fleetChecked=13,fleetInvalid=0,nearestVehicleGapWorld=1869.8,selectedRivalId=18331059014694192571,selectedVehicleKey=0x79054b53,preconstructionOverlap=unverified,overlapVerified=0,promotion=RoadInvalid,primaryCamera=unverified,separatingPlane=-1,completeSpawnVisibilityVerified=0] [FutureRoad:RoadInvalid,seg=0,lane=0,distWorld=2172.6,projWorld=0.0,pointOccupancy=clear,fleetChecked=13,fleetInvalid=0,nearestVehicleGapWorld=1869.8,selectedRivalId=18331059014694192571,selectedVehicleKey=0x79054b53,preconstructionOverlap=unverified,overlapVerified=0,promotion=RoadInvalid,primaryCamera=unverified,separatingPlane=-1,completeSpawnVisibilityVerified=0] [SeekAhead:RoadGeometryAssociationUnverified,seg=0,lane=0,distWorld=2172.6,projWorld=0.0,pointOccupancy=clear,fleetChecked=13,fleetInvalid=0,nearestVehicleGapWorld=1869.8,selectedRivalId=18331059014694192571,selectedVehicleKey=0x79054b53,preconstructionOverlap=unverified,overlapVerified=0,promotion=RoadGeometryAssociationUnverified,primaryCamera=unverified,separatingPlane=-1,completeSpawnVisibilityVerified=0] [FarFuture:RoadGeometryAssociationUnverified,seg=0,lane=0,distWorld=2172.6,projWorld=0.0,pointOccupancy=clear,fleetChecked=13,fleetInvalid=0,nearestVehicleGapWorld=1869.8,selectedRivalId=18331059014694192571,selectedVehicleKey=0x79054b53,preconstructionOverlap=unverified,overlapVerified=0,promotion=RoadGeometryAssociationUnverified,primaryCamera=unverified,separatingPlane=-1,completeSpawnVisibilityVerified=0]
[2026-10-10 03:30:07.820] [INFO] World-collision evidence: addressAvailable=1 gameplayThreadConfirmed=1 result=pending_or_unavailable cameraVisibilityVerified=0 streamingVerified=0
[2026-10-10 03:30:07.820] [INFO] Motion-scale observation: accepted=375 rejected=39 window=0 worldUnitsPerSpeedUnitSecond=0.00000 cv=0.00000 speedometerToSpeedRatio=0.00000 absoluteToSpeedRatio=0.00000 speedToLocalRatio=0.00000 speedToLinearRatio=0.00000 stable=0 metricVerified=1 worldUnitsPerMeter=0.99855
[2026-10-10 03:30:07.897] [INFO] NativePrototype search: sourceBatch=0 capturedTargets=10 distanceEligible=1 safetyChecks=1 candidateStart=0 captureStatus=sampled liveSlots=16 sampledSlots=16 rejectVehicle=9 rejectDriver=9 rejectAI=0 rejectNavPointer=0 rejectNavMemory=0 rejectSeed=20 rejectChanged=0 rejectGeometry=0 rejectFault=0 rejectContext=0
[2026-10-10 03:30:07.897] [INFO] NativePrototype native construction request: stock GTI, owned scalar road seed, inactive staging nearPlayerDebug=1 distanceMeters=95.328 x=562.189 y=104.19 z=2004.18
[2026-10-10 03:30:07.910] [INFO] NativeFactory compatibility audit address=0x689820 expected=0xc77ba20d474f64ee actual=0xc77ba20d474f64ee file=0xc77ba20d474f64ee liveReadable=1 fileReadable=1 match=1
[2026-10-10 03:30:07.910] [INFO] NativeFactory compatibility audit address=0x4040f0 expected=0xe6c69bbf5b67a03d actual=0xe6c69bbf5b67a03d file=0xe6c69bbf5b67a03d liveReadable=1 fileReadable=1 match=1
[2026-10-10 03:30:07.910] [INFO] NativeFactory compatibility audit address=0x6876e0 expected=0xdf69b217075599b6 actual=0xdf69b217075599b6 file=0xdf69b217075599b6 liveReadable=1 fileReadable=1 match=1
[2026-10-10 03:30:07.910] [INFO] NativeFactory compatibility audit address=0x422480 expected=0x849130427be78946 actual=0x849130427be78946 file=0x849130427be78946 liveReadable=1 fileReadable=1 match=1
[2026-10-10 03:30:07.910] [INFO] NativeFactory compatibility audit address=0x6851d0 expected=0xef8e39a56391f160 actual=0xef8e39a56391f160 file=0xef8e39a56391f160 liveReadable=1 fileReadable=1 match=1
[2026-10-10 03:30:07.910] [INFO] NativeFactory compatibility audit address=0x6ed260 expected=0xcd8425b463193ce0 actual=0xcd8425b463193ce0 file=0xcd8425b463193ce0 liveReadable=1 fileReadable=1 match=1
[2026-10-10 03:30:07.910] [INFO] NativeFactory compatibility audit address=0x422690 expected=0x5fd6cdf5815081cd actual=0x5fd6cdf5815081cd file=0x5fd6cdf5815081cd liveReadable=1 fileReadable=1 match=1
[2026-10-10 03:30:07.910] [INFO] NativeFactory compatibility audit address=0x777660 expected=0x6e33c2f881b6cb6f actual=0x6e33c2f881b6cb6f file=0x6e33c2f881b6cb6f liveReadable=1 fileReadable=1 match=1
[2026-10-10 03:30:07.910] [INFO] NativeFactory compatibility audit address=0x415d00 expected=0xf74f27ee4f83c3f actual=0xf74f27ee4f83c3f file=0xf74f27ee4f83c3f liveReadable=1 fileReadable=1 match=1
[2026-10-10 03:30:07.910] [INFO] NativeFactory compatibility audit address=0x6693a0 expected=0xe9546f91bb8f8271 actual=0xe9546f91bb8f8271 file=0xe9546f91bb8f8271 liveReadable=1 fileReadable=1 match=1
[2026-10-10 03:30:07.910] [INFO] NativeFactory compatibility audit address=0x6693c0 expected=0x8712e1436a826881 actual=0x8712e1436a826881 file=0x8712e1436a826881 liveReadable=1 fileReadable=1 match=1
[2026-10-10 03:30:07.910] [INFO] NativeFactory compatibility audit complete checked=11 mismatches=0 signaturesMatch=1
[2026-10-10 03:30:07.931] [INFO] NativeFactory constructor invoke: compatibility passed; stock GTI inactive staging
[2026-10-10 03:30:07.932] [INFO] NativeFactory constructor returned p=0x47911a0 iv=0x479124c sim=0x47911cc handle=614 baselineLive=16 baselinePhysical=57 synchronousBaselinePreserved=1 awaitingTwoCompletedFrames=1
[2026-10-10 03:30:07.932] [INFO] NativePrototype stage=confirming_construction maxOwned=1 gameplayCallback=1
[2026-10-10 03:30:07.944] [INFO] NativeFactory construction pending live=17 physical=57 bothMembership=1 pursuitClear=1 confirmations=1
[2026-10-10 03:30:07.944] [WARN] NativePrototype blocked=waiting_for_two_completed_registry_confirmations stage=confirming_construction
[2026-10-10 03:30:07.954] [INFO] NativeFactory construction confirmed: identity verified in two completed frames; inactive handle stamped
[2026-10-10 03:30:07.955] [INFO] NativePrototype stage=loading maxOwned=1 gameplayCallback=1
[2026-10-10 03:30:08.126] [INFO] PostRace observation: phase=Roaming complete=1 liveCount=17 registryStatus=Stable observedRacerCount=0 capturedRaceCount=0 matchingRaceIdentities=0 readOnly=1 lifetimeProven=0
[2026-10-10 03:30:08.147] [INFO] FRR_MOTION_V1 capture=707000 cohort=147 generation=1 model=2030390099 timeMs=841781 dt=0.327267587 valid=1 safe=1 grounded=1 x=551.059082 y=111.353256 z=2098.57715 speed=0 speedometer=-1.75332787e-07 absolute=0 local=0 linear=0 vx=0 vy=0 vz=0 slip=0 accepted=0 window=0 ratio=0 cv=0 stable=0 metricVerified=1 worldUnitsPerMeter=0.99855119
[2026-10-10 03:30:08.147] [INFO] Runtime state changed: mode=FreeRoamCandidate inWorld=1 raceMode=Roaming loading=0 inNIS=0 fade=0 flow=6 IVehicle=0x46EB41C PVehicle=0x46EB370 raceStatus=0xED291F8 roadNetwork=0x46CD390 pvehicleCount=57 playerCrossCheck=1 vehicles=17 human=1 traffic=14 cops=0 racers=0 none=2 nisCars=0 remote=0 unknown=0 cash=335950 careerCars=3 currentCarHandle=89 careerCompleted=0 profileKey=pseudonymous caps=[world:1,player:1,freeroam:1,road:1,roadNav:1,careerRead:1,spawnWrite:0,economyWrite:0,garageWrite:0] motion=[speed:0.000,speedometer:-0.000,absSpeed:0.000,localMag:0.000,linearMag:0.000,slip:0.000,wheels:4,units:engine/unverified] roadNav=[ai:0xECE270C,curSeg:0,curLane:0,curWidthWorld:0.0,curSpanWorld:0.0,curSegTime:0.000,curCurve:0.0000,curRoadOcc:0,curAvoidOcc:0,curOccBehind:0,futureSeg:0,futureLane:0,futureWidthWorld:0.0,navGapWorld:0.0,futureRoadOcc:0,futureAvoidOcc:0,seekDistWorld:2172.6,seekProjWorld:0.0,farDistWorld:2172.6,farProjWorld:0.0,playerPos:(551.1,111.4,2098.6),seek:(0.0,0.0,0.0),far:(0.0,0.0,0.0),units:world]
[2026-10-10 03:30:08.207] [INFO] NativePrototype stage=preparing_racer maxOwned=1 gameplayCallback=1
[2026-10-10 03:30:08.425] [INFO] FRR_MOTION_V1 capture=707000 cohort=147 generation=1 model=2030390099 timeMs=842062 dt=0.278394222 valid=1 safe=1 grounded=1 x=551.059082 y=111.353256 z=2098.57715 speed=0 speedometer=-1.75332787e-07 absolute=0 local=0 linear=0 vx=0 vy=0 vz=0 slip=0 accepted=0 window=0 ratio=0 cv=0 stable=0 metricVerified=1 worldUnitsPerMeter=0.99855119
[2026-10-10 03:30:08.458] [INFO] NativePrototype native Racer driver/goal preparation begin
[2026-10-10 03:30:08.460] [INFO] NativePrototype stage=preparing_road maxOwned=1 gameplayCallback=1
[2026-10-10 03:30:08.624] [INFO] PostRace observation: phase=Roaming complete=1 liveCount=17 registryStatus=Stable observedRacerCount=0 capturedRaceCount=0 matchingRaceIdentities=0 readOnly=1 lifetimeProven=0
[2026-10-10 03:30:08.702] [INFO] NativePrototype native reset to owned scalar road seed begin
[2026-10-10 03:30:08.703] [INFO] NativePrototype stage=activating maxOwned=1 gameplayCallback=1
[2026-10-10 03:30:08.714] [INFO] FRR_MOTION_V1 capture=707000 cohort=147 generation=1 model=2030390099 timeMs=842359 dt=0.288572609 valid=1 safe=1 grounded=1 x=551.059082 y=111.353256 z=2098.57715 speed=0 speedometer=-1.75332787e-07 absolute=0 local=0 linear=0 vx=0 vy=0 vz=0 slip=0 accepted=0 window=0 ratio=0 cv=0 stable=0 metricVerified=1 worldUnitsPerMeter=0.99855119
[2026-10-10 03:30:08.714] [INFO] Runtime state changed: mode=FreeRoamCandidate inWorld=1 raceMode=Roaming loading=0 inNIS=0 fade=0 flow=6 IVehicle=0x46EB41C PVehicle=0x46EB370 raceStatus=0xED291F8 roadNetwork=0x46CD390 pvehicleCount=57 playerCrossCheck=1 vehicles=17 human=1 traffic=13 cops=0 racers=1 none=2 nisCars=0 remote=0 unknown=0 cash=335950 careerCars=3 currentCarHandle=89 careerCompleted=0 profileKey=pseudonymous caps=[world:1,player:1,freeroam:1,road:1,roadNav:1,careerRead:1,spawnWrite:0,economyWrite:0,garageWrite:0] motion=[speed:0.000,speedometer:-0.000,absSpeed:0.000,localMag:0.000,linearMag:0.000,slip:0.000,wheels:4,units:engine/unverified] roadNav=[ai:0xECE270C,curSeg:0,curLane:0,curWidthWorld:0.0,curSpanWorld:0.0,curSegTime:0.000,curCurve:0.0000,curRoadOcc:0,curAvoidOcc:0,curOccBehind:0,futureSeg:0,futureLane:0,futureWidthWorld:0.0,navGapWorld:0.0,futureRoadOcc:0,futureAvoidOcc:0,seekDistWorld:2172.6,seekProjWorld:0.0,farDistWorld:2172.6,farProjWorld:0.0,playerPos:(551.1,111.4,2098.6),seek:(0.0,0.0,0.0),far:(0.0,0.0,0.0),units:world]
[2026-10-10 03:30:08.957] [INFO] NativePrototype activation begin: SetSpawned then native Racer goal then Activate
[2026-10-10 03:30:08.959] [INFO] NativePrototype stage=active maxOwned=1 gameplayCallback=1
[2026-10-10 03:30:08.999] [INFO] FRR_MOTION_V1 capture=707000 cohort=147 generation=1 model=2030390099 timeMs=842640 dt=0.285876006 valid=1 safe=1 grounded=1 x=551.059082 y=111.353256 z=2098.57715 speed=0 speedometer=-1.75332787e-07 absolute=0 local=0 linear=0 vx=0 vy=0 vz=0 slip=0 accepted=0 window=0 ratio=0 cv=0 stable=0 metricVerified=1 worldUnitsPerMeter=0.99855119
[2026-10-10 03:30:09.127] [INFO] PostRace observation: phase=Roaming complete=1 liveCount=17 registryStatus=Stable observedRacerCount=1 capturedRaceCount=0 matchingRaceIdentities=0 readOnly=1 lifetimeProven=0
[2026-10-10 03:30:09.205] [INFO] NativePrototype observation: active=1 model=0x79054b53 x=562.464 y=104.996 z=2003.3 speedMps=5.517 displacementMeters=0.882195 movementObserved=0 playerPursuitState=1 lifecycleProven=0
[2026-10-10 03:30:09.319] [INFO] FRR_MOTION_V1 capture=707000 cohort=147 generation=1 model=2030390099 timeMs=842953 dt=0.318525612 valid=1 safe=1 grounded=1 x=551.059082 y=111.353256 z=2098.57715 speed=0 speedometer=-1.75332787e-07 absolute=0 local=0 linear=0 vx=0 vy=0 vz=0 slip=0 accepted=0 window=0 ratio=0 cv=0 stable=0 metricVerified=1 worldUnitsPerMeter=0.99855119
[2026-10-10 03:30:09.623] [INFO] FRR_MOTION_V1 capture=707000 cohort=147 generation=1 model=2030390099 timeMs=843265 dt=0.304911286 valid=1 safe=1 grounded=1 x=551.059082 y=111.353256 z=2098.57715 speed=0 speedometer=-1.75332787e-07 absolute=0 local=0 linear=0 vx=0 vy=0 vz=0 slip=0 accepted=0 window=0 ratio=0 cv=0 stable=0 metricVerified=1 worldUnitsPerMeter=0.99855119
[2026-10-10 03:30:09.626] [INFO] PostRace observation: phase=Roaming complete=1 liveCount=17 registryStatus=Stable observedRacerCount=1 capturedRaceCount=0 matchingRaceIdentities=0 readOnly=1 lifetimeProven=0
[2026-10-10 03:30:09.929] [INFO] FRR_MOTION_V1 capture=707000 cohort=147 generation=1 model=2030390099 timeMs=843562 dt=0.305711389 valid=1 safe=1 grounded=1 x=551.059082 y=111.353256 z=2098.57715 speed=0 speedometer=-1.75332787e-07 absolute=0 local=0 linear=0 vx=0 vy=0 vz=0 slip=0 accepted=0 window=0 ratio=0 cv=0 stable=0 metricVerified=1 worldUnitsPerMeter=0.99855119
[2026-10-10 03:30:10.128] [INFO] PostRace observation: phase=Roaming complete=1 liveCount=17 registryStatus=Stable observedRacerCount=1 capturedRaceCount=0 matchingRaceIdentities=0 readOnly=1 lifetimeProven=0
[2026-10-10 03:30:10.204] [INFO] NativePrototype observation: active=1 model=0x79054b53 x=563.834 y=104.578 z=1997.48 speedMps=9.03158 displacementMeters=6.88422 movementObserved=1 playerPursuitState=1 lifecycleProven=0
[2026-10-10 03:30:10.245] [INFO] FRR_MOTION_V1 capture=707000 cohort=147 generation=1 model=2030390099 timeMs=843890 dt=0.316691577 valid=1 safe=1 grounded=1 x=551.059631 y=111.353333 z=2098.55957 speed=0.272637248 speedometer=0.401950598 absolute=0.272637248 local=0.272637188 linear=0.272637248 vx=-0.0434985049 vy=-0.0157491714 vz=-0.268683672 slip=0.0699768066 accepted=0 window=0 ratio=0 cv=0 stable=0 metricVerified=1 worldUnitsPerMeter=0.99855119
[2026-10-10 03:30:10.549] [INFO] FRR_MOTION_V1 capture=707000 cohort=147 generation=1 model=2030390099 timeMs=844187 dt=0.302985102 valid=1 safe=1 grounded=1 x=551.052429 y=111.339699 z=2098.37329 speed=0.948670208 speedometer=1.27236235 absolute=0.948670208 local=0.948670506 linear=0.948670208 vx=0.150543615 vy=-0.0697875619 vz=-0.934045732 slip=0.0166778564 accepted=0 window=0 ratio=0 cv=0 stable=0 metricVerified=1 worldUnitsPerMeter=0.99855119
[2026-10-10 03:30:10.620] [INFO] PostRace observation: phase=Roaming complete=1 liveCount=17 registryStatus=Stable observedRacerCount=1 capturedRaceCount=0 matchingRaceIdentities=0 readOnly=1 lifetimeProven=0
[2026-10-10 03:30:10.859] [INFO] FRR_MOTION_V1 capture=707000 cohort=147 generation=1 model=2030390099 timeMs=844500 dt=0.309637606 valid=1 safe=1 grounded=1 x=551.195496 y=111.299431 z=2097.8313 speed=3.06750751 speedometer=5.18615532 absolute=3.06750751 local=3.06750822 linear=3.06750751 vx=0.7864694 vy=-0.220306009 vz=-2.95677757 slip=0.000244140625 accepted=0 window=0 ratio=0 cv=0 stable=0 metricVerified=1 worldUnitsPerMeter=0.99855119
[2026-10-10 03:30:11.122] [INFO] PostRace observation: phase=Roaming complete=1 liveCount=17 registryStatus=Stable observedRacerCount=1 capturedRaceCount=0 matchingRaceIdentities=0 readOnly=1 lifetimeProven=0
[2026-10-10 03:30:11.167] [INFO] FRR_MOTION_V1 capture=707000 cohort=147 generation=1 model=2030390099 timeMs=844812 dt=0.308264524 valid=1 safe=1 grounded=1 x=551.546021 y=111.201874 z=2096.51709 speed=5.74582577 speedometer=5.71711254 absolute=5.74582577 local=5.74582767 linear=5.74582577 vx=1.47879159 vy=-0.409787685 vz=-5.53712606 slip=4.57763672e-05 accepted=0 window=0 ratio=0 cv=0 stable=0 metricVerified=1 worldUnitsPerMeter=0.99855119
[2026-10-10 03:30:11.204] [INFO] NativePrototype observation: active=1 model=0x79054b53 x=567.385 y=103.964 z=1985.65 speedMps=15.71 displacementMeters=19.2653 movementObserved=1 playerPursuitState=1 lifecycleProven=0
[2026-10-10 03:30:11.478] [INFO] FRR_MOTION_V1 capture=707000 cohort=147 generation=1 model=2030390099 timeMs=845125 dt=0.311280996 valid=1 safe=1 grounded=1 x=552.103027 y=111.04863 z=2094.43311 speed=8.06795597 speedometer=7.99524307 absolute=8.06795597 local=8.06795692 linear=8.06795597 vx=2.07957673 vy=-0.569914937 vz=-7.77447605 slip=3.05175781e-05 accepted=0 window=0 ratio=0 cv=0 stable=0 metricVerified=1 worldUnitsPerMeter=0.99855119
[2026-10-10 03:30:11.627] [INFO] PostRace observation: phase=Roaming complete=1 liveCount=17 registryStatus=Stable observedRacerCount=1 capturedRaceCount=0 matchingRaceIdentities=0 readOnly=1 lifetimeProven=0
[2026-10-10 03:30:11.780] [INFO] FRR_MOTION_V1 capture=707000 cohort=147 generation=1 model=2030390099 timeMs=845421 dt=0.30239892 valid=1 safe=1 grounded=1 x=552.82666 y=110.849648 z=2091.7334 speed=10.3615961 speedometer=10.2986603 absolute=10.3615961 local=10.3615999 linear=10.3615961 vx=2.67409801 vy=-0.711342394 vz=-9.9852829 slip=4.57763672e-05 accepted=1 window=1 ratio=1.00557768 cv=0 stable=0 metricVerified=1 worldUnitsPerMeter=0.99855119
[2026-10-10 03:30:12.079] [INFO] FRR_MOTION_V1 capture=707000 cohort=147 generation=1 model=2030390099 timeMs=845718 dt=0.299175203 valid=1 safe=1 grounded=1 x=553.717651 y=110.611954 z=2088.40796 speed=12.5877686 speedometer=12.526865 absolute=12.5877686 local=12.5877695 linear=12.5877686 vx=3.24907422 vy=-0.855372846 vz=-12.1311073 slip=4.57763672e-05 accepted=1 window=2 ratio=1.00540888 cv=0.000167892242 stable=0 metricVerified=1 worldUnitsPerMeter=0.99855119
[2026-10-10 03:30:12.121] [INFO] PostRace observation: phase=Roaming complete=1 liveCount=17 registryStatus=Stable observedRacerCount=1 capturedRaceCount=0 matchingRaceIdentities=0 readOnly=1 lifetimeProven=0
[2026-10-10 03:30:12.204] [INFO] NativePrototype observation: active=1 model=0x79054b53 x=574.596 y=103.721 z=1968.71 speedMps=20.78 displacementMeters=37.6174 movementObserved=1 playerPursuitState=1 lifecycleProven=0
[2026-10-10 03:30:12.386] [INFO] FRR_MOTION_V1 capture=707000 cohort=147 generation=1 model=2030390099 timeMs=846031 dt=0.306430399 valid=1 safe=1 grounded=1 x=554.695496 y=110.325706 z=2084.37061 speed=14.1516323 speedometer=14.0840998 absolute=14.1516323 local=14.1516352 linear=14.1516323 vx=3.10646105 vy=-0.974710763 vz=-13.7720203 slip=0.00189208984 accepted=1 window=3 ratio=1.00906134 cv=0.00512078637 stable=0 metricVerified=1 worldUnitsPerMeter=0.99855119
[2026-10-10 03:30:12.626] [INFO] PostRace observation: phase=Roaming complete=1 liveCount=17 registryStatus=Stable observedRacerCount=1 capturedRaceCount=0 matchingRaceIdentities=0 readOnly=1 lifetimeProven=0
[2026-10-10 03:30:12.684] [INFO] FRR_MOTION_V1 capture=707000 cohort=147 generation=1 model=2030390099 timeMs=846328 dt=0.298091114 valid=1 safe=1 grounded=1 x=555.639099 y=110.015526 z=2080.01343 speed=16.1049023 speedometer=16.0494881 absolute=16.1049023 local=16.1049004 linear=16.1049023 vx=3.22712398 vy=-1.10428548 vz=-15.7395706 slip=-7.62939453e-05 accepted=1 window=4 ratio=1.00454283 cv=0.0089744404 stable=0 metricVerified=1 worldUnitsPerMeter=0.99855119
[2026-10-10 03:30:12.975] [INFO] FRR_MOTION_V1 capture=707000 cohort=147 generation=1 model=2030390099 timeMs=846609 dt=0.291324526 valid=1 safe=1 grounded=1 x=556.62323 y=109.67778 z=2075.12158 speed=18.5095787 speedometer=17.5416851 absolute=18.5095787 local=18.5095844 linear=18.5095787 vx=3.60809135 vy=-1.25289059 vz=-18.1112251 slip=-3.05175781e-05 accepted=1 window=5 ratio=1.00201797 cv=0.00949508697 stable=0 metricVerified=1 worldUnitsPerMeter=0.99855119
[2026-10-10 03:30:13.125] [INFO] PostRace observation: phase=Roaming complete=1 liveCount=17 registryStatus=Stable observedRacerCount=1 capturedRaceCount=0 matchingRaceIdentities=0 readOnly=1 lifetimeProven=0
[2026-10-10 03:30:13.203] [INFO] NativePrototype observation: active=1 model=0x79054b53 x=584.636 y=104.924 z=1948.23 speedMps=24.8483 displacementMeters=60.3329 movementObserved=1 playerPursuitState=1 lifecycleProven=0
[2026-10-10 03:30:13.264] [INFO] FRR_MOTION_V1 capture=707000 cohort=147 generation=1 model=2030390099 timeMs=846906 dt=0.288602501 valid=1 safe=1 grounded=1 x=557.718079 y=109.290367 z=2069.60132 speed=20.3325253 speedometer=17.5416851 absolute=20.3325253 local=20.3325253 linear=20.3325253 vx=3.93728185 vy=-1.38138521 vz=-19.8997784 slip=0 accepted=1 window=6 ratio=1.00275636 cv=0.00881654024 stable=0 metricVerified=1 worldUnitsPerMeter=0.99855119
[2026-10-10 03:30:13.555] [INFO] FRR_MOTION_V1 capture=707000 cohort=147 generation=1 model=2030390099 timeMs=847187 dt=0.291437298 valid=1 safe=1 grounded=1 x=558.902039 y=108.875206 z=2063.61133 speed=21.5870285 speedometer=21.5495014 absolute=21.5870285 local=21.5870323 linear=21.5870285 vx=4.17052507 vy=-1.49099326 vz=-21.1277885 slip=0 accepted=1 window=7 ratio=1.0026319 cv=0.00816920586 stable=0 metricVerified=1 worldUnitsPerMeter=0.99855119
[2026-10-10 03:30:13.623] [INFO] PostRace observation: phase=Roaming complete=1 liveCount=17 registryStatus=Stable observedRacerCount=1 capturedRaceCount=0 matchingRaceIdentities=0 readOnly=1 lifetimeProven=0
[2026-10-10 03:30:13.854] [INFO] FRR_MOTION_V1 capture=707000 cohort=147 generation=1 model=2030390099 timeMs=847500 dt=0.298371702 valid=1 safe=1 grounded=1 x=560.19165 y=108.429649 z=2057.0769 speed=22.8921471 speedometer=22.8557396 absolute=22.8921471 local=22.8921509 linear=22.8921471 vx=4.41641903 vy=-1.51158106 vz=-22.4111748 slip=0 accepted=1 window=8 ratio=1.00305057 cv=0.00771780638 stable=0 metricVerified=1 worldUnitsPerMeter=0.99855119
[2026-10-10 03:30:13.854] [INFO] Runtime heartbeat: mode=FreeRoamCandidate inWorld=1 raceMode=Roaming loading=0 inNIS=0 fade=0 flow=6 IVehicle=0x46EB41C PVehicle=0x46EB370 raceStatus=0xED291F8 roadNetwork=0x46CD390 pvehicleCount=57 playerCrossCheck=1 vehicles=17 human=1 traffic=13 cops=0 racers=1 none=2 nisCars=0 remote=0 unknown=0 cash=335950 careerCars=3 currentCarHandle=89 careerCompleted=0 profileKey=pseudonymous caps=[world:1,player:1,freeroam:1,road:1,roadNav:1,careerRead:1,spawnWrite:0,economyWrite:0,garageWrite:0] motion=[speed:22.892,speedometer:22.856,absSpeed:22.892,localMag:22.892,linearMag:22.892,slip:0.000,wheels:4,units:engine/unverified] roadNav=[ai:0xECE270C,curSeg:0,curLane:0,curWidthWorld:0.0,curSpanWorld:0.0,curSegTime:0.000,curCurve:0.0000,curRoadOcc:0,curAvoidOcc:0,curOccBehind:0,futureSeg:0,futureLane:0,futureWidthWorld:0.0,navGapWorld:0.0,futureRoadOcc:0,futureAvoidOcc:0,seekDistWorld:2134.7,seekProjWorld:0.0,farDistWorld:2134.7,farProjWorld:0.0,playerPos:(560.2,108.4,2057.1),seek:(0.0,0.0,0.0),far:(0.0,0.0,0.0),units:world]
[2026-10-10 03:30:13.854] [INFO] Vehicle-spatial observation: registryComplete=1 registryCount=17 enabledActive=14 ignoredInactive=3 boxes=14 failedSpatialReads=0 halfExtentSemanticsResearchBacked=1 learnedModels=11 verifiedLearnedModels=11 catalogFootprintKey=0x79054B53
[2026-10-10 03:30:13.854] [INFO] Primary-camera observation: coherent=1 viewId=1 coordinateMapping=sim(z,-x,y)_to_render fullPlayerViewCoverageVerified=0 renderEnvelopeVerified=0 spawnVisibilityVerified=0
[2026-10-10 03:30:13.854] [INFO] Road-candidate observations: count=4 exactUsable=0 [CurrentRoad:RoadInvalid,seg=0,lane=0,distWorld=2134.7,projWorld=0.0,pointOccupancy=clear,fleetChecked=14,fleetInvalid=0,nearestVehicleGapWorld=1737.8,selectedRivalId=18331059014694192571,selectedVehicleKey=0x79054b53,preconstructionOverlap=unverified,overlapVerified=0,promotion=RoadInvalid,primaryCamera=unverified,separatingPlane=-1,completeSpawnVisibilityVerified=0] [FutureRoad:RoadInvalid,seg=0,lane=0,distWorld=2134.7,projWorld=0.0,pointOccupancy=clear,fleetChecked=14,fleetInvalid=0,nearestVehicleGapWorld=1737.8,selectedRivalId=18331059014694192571,selectedVehicleKey=0x79054b53,preconstructionOverlap=unverified,overlapVerified=0,promotion=RoadInvalid,primaryCamera=unverified,separatingPlane=-1,completeSpawnVisibilityVerified=0] [SeekAhead:RoadGeometryAssociationUnverified,seg=0,lane=0,distWorld=2134.7,projWorld=0.0,pointOccupancy=clear,fleetChecked=14,fleetInvalid=0,nearestVehicleGapWorld=1737.8,selectedRivalId=18331059014694192571,selectedVehicleKey=0x79054b53,preconstructionOverlap=unverified,overlapVerified=0,promotion=RoadGeometryAssociationUnverified,primaryCamera=unverified,separatingPlane=-1,completeSpawnVisibilityVerified=0] [FarFuture:RoadGeometryAssociationUnverified,seg=0,lane=0,distWorld=2134.7,projWorld=0.0,pointOccupancy=clear,fleetChecked=14,fleetInvalid=0,nearestVehicleGapWorld=1737.8,selectedRivalId=18331059014694192571,selectedVehicleKey=0x79054b53,preconstructionOverlap=unverified,overlapVerified=0,promotion=RoadGeometryAssociationUnverified,primaryCamera=unverified,separatingPlane=-1,completeSpawnVisibilityVerified=0]
[2026-10-10 03:30:13.854] [INFO] World-collision evidence: addressAvailable=1 gameplayThreadConfirmed=1 result=pending_or_unavailable cameraVisibilityVerified=0 streamingVerified=0
[2026-10-10 03:30:13.854] [INFO] Motion-scale observation: accepted=383 rejected=51 window=8 worldUnitsPerSpeedUnitSecond=1.00305 cv=0.00772 speedometerToSpeedRatio=0.97286 absoluteToSpeedRatio=1.00000 speedToLocalRatio=1.00000 speedToLinearRatio=1.00000 stable=0 metricVerified=1 worldUnitsPerMeter=0.99855
[2026-10-10 03:30:14.119] [INFO] PostRace observation: phase=Roaming complete=1 liveCount=18 registryStatus=Stable observedRacerCount=1 capturedRaceCount=0 matchingRaceIdentities=0 readOnly=1 lifetimeProven=0
[2026-10-10 03:30:14.181] [INFO] FRR_MOTION_V1 capture=707000 cohort=147 generation=1 model=2030390099 timeMs=847828 dt=0.327462405 valid=1 safe=1 grounded=1 x=561.612 y=107.931824 z=2049.87134 speed=24.2111244 speedometer=24.1765671 absolute=24.2111244 local=24.211132 linear=24.2111244 vx=4.66886663 vy=-1.62390935 vz=-23.7011204 slip=0 accepted=1 window=9 ratio=0.997651815 cv=0.0169643648 stable=0 metricVerified=1 worldUnitsPerMeter=0.99855119
[2026-10-10 03:30:14.181] [INFO] Runtime state changed: mode=FreeRoamCandidate inWorld=1 raceMode=Roaming loading=0 inNIS=0 fade=0 flow=6 IVehicle=0x46EB41C PVehicle=0x46EB370 raceStatus=0xED291F8 roadNetwork=0x46CD390 pvehicleCount=57 playerCrossCheck=1 vehicles=18 human=1 traffic=13 cops=1 racers=1 none=2 nisCars=0 remote=0 unknown=0 cash=335950 careerCars=3 currentCarHandle=89 careerCompleted=0 profileKey=pseudonymous caps=[world:1,player:1,freeroam:1,road:1,roadNav:1,careerRead:1,spawnWrite:0,economyWrite:0,garageWrite:0] motion=[speed:24.211,speedometer:24.177,absSpeed:24.211,localMag:24.211,linearMag:24.211,slip:0.000,wheels:4,units:engine/unverified] roadNav=[ai:0xECE270C,curSeg:0,curLane:0,curWidthWorld:0.0,curSpanWorld:0.0,curSegTime:0.000,curCurve:0.0000,curRoadOcc:0,curAvoidOcc:0,curOccBehind:0,futureSeg:0,futureLane:0,futureWidthWorld:0.0,navGapWorld:0.0,futureRoadOcc:0,futureAvoidOcc:0,seekDistWorld:2128.2,seekProjWorld:0.0,farDistWorld:2128.2,farProjWorld:0.0,playerPos:(561.6,107.9,2049.9),seek:(0.0,0.0,0.0),far:(0.0,0.0,0.0),units:world]
[2026-10-10 03:30:14.206] [INFO] NativePrototype observation: active=1 model=0x79054b53 x=596.554 y=107.979 z=1925.11 speedMps=28.1056 displacementMeters=86.3584 movementObserved=1 playerPursuitState=1 lifecycleProven=0
[2026-10-10 03:30:14.490] [INFO] FRR_MOTION_V1 capture=707000 cohort=147 generation=1 model=2030390099 timeMs=848125 dt=0.309005499 valid=1 safe=1 grounded=1 x=563.090576 y=107.419846 z=2042.36365 speed=25.4972572 speedometer=25.4612484 absolute=25.4972572 local=25.4972687 linear=25.4972572 vx=4.91697454 vy=-1.7098279 vz=-24.9601688 slip=0 accepted=1 window=10 ratio=0.997742474 cv=0.0160946567 stable=0 metricVerified=1 worldUnitsPerMeter=0.99855119
[2026-10-10 03:30:14.626] [INFO] PostRace observation: phase=Roaming complete=1 liveCount=18 registryStatus=Stable observedRacerCount=1 capturedRaceCount=0 matchingRaceIdentities=0 readOnly=1 lifetimeProven=0
[2026-10-10 03:30:14.784] [INFO] FRR_MOTION_V1 capture=707000 cohort=147 generation=1 model=2030390099 timeMs=848421 dt=0.294312716 valid=1 safe=1 grounded=1 x=564.581543 y=106.904266 z=2034.79724 speed=26.6601353 speedometer=26.6318283 absolute=26.6601353 local=26.6601391 linear=26.6601353 vx=5.14284468 vy=-1.78999984 vz=-26.0980816 slip=0 accepted=1 window=11 ratio=0.998585284 cv=0.0155632533 stable=0 metricVerified=1 worldUnitsPerMeter=0.99855119
[2026-10-10 03:30:15.089] [INFO] FRR_MOTION_V1 capture=707000 cohort=147 generation=1 model=2030390099 timeMs=848734 dt=0.303960204 valid=1 safe=1 grounded=1 x=566.18396 y=106.35376 z=2026.66528 speed=27.9399261 speedometer=27.9049625 absolute=27.9399261 local=27.9399281 linear=27.9399261 vx=5.38952017 vy=-1.84320211 vz=-27.353157 slip=0 accepted=1 window=12 ratio=0.998788238 cv=0.014912894 stable=1 metricVerified=1 worldUnitsPerMeter=0.99855119
[2026-10-10 03:30:15.122] [INFO] PostRace observation: phase=Roaming complete=1 liveCount=18 registryStatus=Stable observedRacerCount=1 capturedRaceCount=0 matchingRaceIdentities=0 readOnly=1 lifetimeProven=0
[2026-10-10 03:30:15.208] [INFO] NativePrototype observation: active=1 model=0x79054b53 x=610.05 y=112.226 z=1900.7 speedMps=28.771 displacementMeters=114.371 movementObserved=1 playerPursuitState=1 lifecycleProven=0
[2026-10-10 03:30:15.410] [INFO] FRR_MOTION_V1 capture=707000 cohort=147 generation=1 model=2030390099 timeMs=849046 dt=0.32135877 valid=1 safe=1 grounded=1 x=567.989075 y=105.739342 z=2017.51538 speed=30.0778008 speedometer=28.3755703 absolute=30.0778008 local=30.0778008 linear=30.0778008 vx=5.80706835 vy=-1.94664383 vz=-29.4476261 slip=0 accepted=1 window=13 ratio=0.999081373 cv=0.0143596521 stable=1 metricVerified=1 worldUnitsPerMeter=0.99855119
[2026-10-10 03:30:15.623] [INFO] PostRace observation: phase=Roaming complete=1 liveCount=18 registryStatus=Stable observedRacerCount=1 capturedRaceCount=0 matchingRaceIdentities=0 readOnly=1 lifetimeProven=0
[2026-10-10 03:30:15.732] [INFO] FRR_MOTION_V1 capture=707000 cohort=147 generation=1 model=2030390099 timeMs=849375 dt=0.321916908 valid=1 safe=1 grounded=1 x=569.885559 y=105.090683 z=2007.91199 speed=31.0770073 speedometer=31.0506058 absolute=31.0770073 local=31.0770092 linear=31.0770073 vx=6.00804138 vy=-2.02126026 vz=-30.4236469 slip=0 accepted=1 window=14 ratio=0.998907149 cv=0.0138540026 stable=1 metricVerified=1 worldUnitsPerMeter=0.99855119
[2026-10-10 03:30:16.053] [INFO] FRR_MOTION_V1 capture=707000 cohort=147 generation=1 model=2030390099 timeMs=849687 dt=0.321150213 valid=1 safe=1 grounded=1 x=571.844971 y=104.457176 z=1997.99719 speed=32.0653725 speedometer=32.0391006 absolute=32.0653725 local=32.0653801 linear=32.0653725 vx=6.20552444 vy=-1.91093457 vz=-31.4010811 slip=-1.52587891e-05 accepted=1 window=15 ratio=0.99889648 cv=0.0133844409 stable=1 metricVerified=1 worldUnitsPerMeter=0.99855119
[2026-10-10 03:30:16.127] [INFO] PostRace observation: phase=Roaming complete=1 liveCount=18 registryStatus=Stable observedRacerCount=1 capturedRaceCount=0 matchingRaceIdentities=0 readOnly=1 lifetimeProven=0
[2026-10-10 03:30:16.206] [INFO] NativePrototype observation: active=1 model=0x79054b53 x=624.668 y=115.666 z=1875.53 speedMps=30.1974 displacementMeters=143.59 movementObserved=1 playerPursuitState=1 lifecycleProven=0
[2026-10-10 03:30:16.373] [INFO] FRR_MOTION_V1 capture=707000 cohort=147 generation=1 model=2030390099 timeMs=850015 dt=0.319270015 valid=1 safe=1 grounded=1 x=573.838257 y=103.951561 z=1987.91199 speed=33.0027313 speedometer=32.9769783 absolute=33.0027313 local=33.002739 linear=33.0027313 vx=6.39495564 vy=-1.40989673 vz=-32.3465118 slip=-1.52587891e-05 accepted=1 window=16 ratio=0.998397291 cv=0.0131097017 stable=1 metricVerified=1 worldUnitsPerMeter=0.99855119
[2026-10-10 03:30:16.621] [INFO] PostRace observation: phase=Roaming complete=1 liveCount=18 registryStatus=Stable observedRacerCount=1 capturedRaceCount=0 matchingRaceIdentities=0 readOnly=1 lifetimeProven=0
[2026-10-10 03:30:16.696] [INFO] FRR_MOTION_V1 capture=707000 cohort=147 generation=1 model=2030390099 timeMs=850328 dt=0.323673874 valid=1 safe=1 grounded=1 x=575.970337 y=103.68116 z=1977.27478 speed=33.7349205 speedometer=33.1544342 absolute=33.7349205 local=33.7349167 linear=33.7349205 vx=7.36338615 vy=-0.595776141 vz=-32.916111 slip=-0.00317382812 accepted=1 window=17 ratio=0.998772204 cv=0.0128018614 stable=1 metricVerified=1 worldUnitsPerMeter=0.99855119
[2026-10-10 03:30:17.017] [INFO] FRR_MOTION_V1 capture=707000 cohort=147 generation=1 model=2030390099 timeMs=850656 dt=0.321297795 valid=1 safe=1 grounded=1 x=578.743591 y=103.750221 z=1966.80139 speed=34.1747856 speedometer=34.1515694 absolute=34.1747856 local=34.1747932 linear=34.1747856 vx=9.7282362 vy=0.510291994 vz=-32.7569389 slip=0.00205993652 accepted=1 window=18 ratio=0.998458147 cv=0.0125124715 stable=1 metricVerified=1 worldUnitsPerMeter=0.99855119
[2026-10-10 03:30:17.121] [INFO] PostRace observation: phase=Roaming complete=1 liveCount=18 registryStatus=Stable observedRacerCount=1 capturedRaceCount=0 matchingRaceIdentities=0 readOnly=1 lifetimeProven=0
[2026-10-10 03:30:17.206] [INFO] NativePrototype observation: active=1 model=0x79054b53 x=639.706 y=117.493 z=1847.97 speedMps=32.4067 displacementMeters=175.05 movementObserved=1 playerPursuitState=1 lifecycleProven=0
[2026-10-10 03:30:17.334] [INFO] FRR_MOTION_V1 capture=707000 cohort=147 generation=1 model=2030390099 timeMs=850968 dt=0.316041082 valid=1 safe=1 grounded=1 x=582.1604 y=104.241806 z=1956.45422 speed=34.7917786 speedometer=34.8272247 absolute=34.7917786 local=34.7917824 linear=34.7917786 vx=11.5427895 vy=1.975999 vz=-32.761673 slip=0.000762939453 accepted=1 window=19 ratio=0.998585999 cv=0.0121892923 stable=1 metricVerified=1 worldUnitsPerMeter=0.99855119
[2026-10-10 03:30:17.622] [INFO] PostRace observation: phase=Roaming complete=1 liveCount=18 registryStatus=Stable observedRacerCount=1 capturedRaceCount=0 matchingRaceIdentities=0 readOnly=1 lifetimeProven=0
[2026-10-10 03:30:17.654] [INFO] FRR_MOTION_V1 capture=707000 cohort=147 generation=1 model=2030390099 timeMs=851296 dt=0.320955575 valid=1 safe=1 grounded=1 x=585.813354 y=105.102844 z=1946.40845 speed=30.80826 speedometer=30.9937344 absolute=30.80826 local=30.8082619 linear=30.80826 vx=10.6918221 vy=2.81465077 vz=-28.7560711 slip=0.00032043457 accepted=1 window=20 ratio=0.999590456 cv=0.012651165 stable=1 metricVerified=1 worldUnitsPerMeter=0.99855119
[2026-10-10 03:30:17.964] [INFO] FRR_MOTION_V1 capture=707000 cohort=147 generation=1 model=2030390099 timeMs=851609 dt=0.309431821 valid=1 safe=1 grounded=1 x=588.735291 y=105.980972 z=1938.63232 speed=24.2628326 speedometer=24.4403095 absolute=24.2628326 local=24.2628345 linear=24.2628326 vx=8.54873848 vy=2.55675817 vz=-22.5625153 slip=0.000122070312 accepted=1 window=21 ratio=0.998675942 cv=0.0130184451 stable=1 metricVerified=1 worldUnitsPerMeter=0.99855119
[2026-10-10 03:30:18.125] [INFO] PostRace observation: phase=Roaming complete=1 liveCount=18 registryStatus=Stable observedRacerCount=1 capturedRaceCount=0 matchingRaceIdentities=0 readOnly=1 lifetimeProven=0
[2026-10-10 03:30:18.210] [INFO] NativePrototype observation: active=1 model=0x79054b53 x=651.833 y=117.109 z=1816.89 speedMps=34.5049 displacementMeters=208.256 movementObserved=1 playerPursuitState=1 lifecycleProven=0
[2026-10-10 03:30:18.271] [INFO] FRR_MOTION_V1 capture=707000 cohort=147 generation=1 model=2030390099 timeMs=851906 dt=0.307271212 valid=1 safe=1 grounded=1 x=591.028992 y=106.764893 z=1932.59265 speed=17.5322952 speedometer=17.7099457 absolute=17.5322952 local=17.5322952 linear=17.5322952 vx=6.18807316 vy=2.16133618 vz=-16.2609272 slip=0.000137329102 accepted=0 window=0 ratio=0 cv=0 stable=0 metricVerified=1 worldUnitsPerMeter=0.99855119
[2026-10-10 03:30:18.590] [INFO] FRR_MOTION_V1 capture=707000 cohort=147 generation=1 model=2030390099 timeMs=852234 dt=0.31922099 valid=1 safe=1 grounded=1 x=592.690125 y=107.354561 z=1928.23193 speed=11.5983696 speedometer=11.7839775 absolute=11.5983696 local=11.5983725 linear=11.5983696 vx=4.10038424 vy=1.57072067 vz=-10.7350769 slip=0.000213623047 accepted=0 window=0 ratio=0 cv=0 stable=0 metricVerified=1 worldUnitsPerMeter=0.99855119
[2026-10-10 03:30:18.622] [INFO] PostRace observation: phase=Roaming complete=1 liveCount=18 registryStatus=Stable observedRacerCount=1 capturedRaceCount=0 matchingRaceIdentities=0 readOnly=1 lifetimeProven=0
[2026-10-10 03:30:18.899] [INFO] FRR_MOTION_V1 capture=707000 cohort=147 generation=1 model=2030390099 timeMs=852531 dt=0.308998317 valid=1 safe=1 grounded=1 x=593.781738 y=107.777649 z=1925.38611 speed=9.71635151 speedometer=10.4730949 absolute=9.71635151 local=9.71635246 linear=9.71635151 vx=3.44924879 vy=1.34487545 vz=-8.98340034 slip=6.10351562e-05 accepted=1 window=1 ratio=0.934446037 cv=0 stable=0 metricVerified=1 worldUnitsPerMeter=0.99855119
[2026-10-10 03:30:19.128] [INFO] PostRace observation: phase=Roaming complete=1 liveCount=18 registryStatus=Stable observedRacerCount=1 capturedRaceCount=0 matchingRaceIdentities=0 readOnly=1 lifetimeProven=0
[2026-10-10 03:30:19.208] [INFO] NativePrototype observation: active=1 model=0x79054b53 x=657.341 y=116.597 z=1781.81 speedMps=36.9451 displacementMeters=242.466 movementObserved=1 playerPursuitState=1 lifecycleProven=0
[2026-10-10 03:30:19.231] [INFO] FRR_MOTION_V1 capture=707000 cohort=147 generation=1 model=2030390099 timeMs=852875 dt=0.331737518 valid=1 safe=1 grounded=1 x=595.022644 y=108.256584 z=1922.15552 speed=11.4800606 speedometer=11.4362869 absolute=11.4800606 local=11.4800634 linear=11.4800606 vx=4.07686281 vy=1.57310653 vz=-10.6158524 slip=4.57763672e-05 accepted=1 window=2 ratio=0.964076996 cv=0.0307350252 stable=0 metricVerified=1 worldUnitsPerMeter=0.99855119
[2026-10-10 03:30:19.547] [INFO] FRR_MOTION_V1 capture=707000 cohort=147 generation=1 model=2030390099 timeMs=853187 dt=0.316366583 valid=1 safe=1 grounded=1 x=596.488464 y=108.790527 z=1918.66992 speed=12.1046562 speedometer=11.6322002 absolute=12.1046562 local=12.1046534 linear=12.1046562 vx=5.43087912 vy=1.75669491 vz=-10.6743746 slip=-0.010925293 accepted=1 window=3 ratio=0.983920693 cv=0.0376578197 stable=0 metricVerified=1 worldUnitsPerMeter=0.99855119
[2026-10-10 03:30:19.620] [INFO] PostRace observation: phase=Roaming complete=1 liveCount=18 registryStatus=Stable observedRacerCount=1 capturedRaceCount=0 matchingRaceIdentities=0 readOnly=1 lifetimeProven=0
[2026-10-10 03:30:19.858] [INFO] FRR_MOTION_V1 capture=707000 cohort=147 generation=1 model=2030390099 timeMs=853500 dt=0.3107135 valid=1 safe=1 grounded=1 x=598.315491 y=109.365524 z=1915.29358 speed=13.065587 speedometer=13.0235329 absolute=13.065587 local=13.065588 linear=13.065587 vx=6.33758545 vy=1.94681287 vz=-11.2585297 slip=0.000366210938 accepted=1 window=4 ratio=0.986113846 cv=0.0327673219 stable=0 metricVerified=1 worldUnitsPerMeter=0.99855119
[2026-10-10 03:30:20.122] [INFO] PostRace observation: phase=Roaming complete=1 liveCount=18 registryStatus=Stable observedRacerCount=1 capturedRaceCount=0 matchingRaceIdentities=0 readOnly=1 lifetimeProven=0
[2026-10-10 03:30:20.152] [INFO] FRR_MOTION_V1 capture=707000 cohort=147 generation=1 model=2030390099 timeMs=853796 dt=0.294737101 valid=1 safe=1 grounded=1 x=600.34729 y=109.973473 z=1911.79956 speed=14.5328999 speedometer=14.4922571 absolute=14.5328999 local=14.5328999 linear=14.5328999 vx=7.30484152 vy=2.16055107 vz=-12.3764496 slip=4.57763672e-05 accepted=1 window=5 ratio=0.989881694 cv=0.0301725883 stable=0 metricVerified=1 worldUnitsPerMeter=0.99855119
[2026-10-10 03:30:20.152] [INFO] Runtime heartbeat: mode=FreeRoamCandidate inWorld=1 raceMode=Roaming loading=0 inNIS=0 fade=0 flow=6 IVehicle=0x46EB41C PVehicle=0x46EB370 raceStatus=0xED291F8 roadNetwork=0x46CD390 pvehicleCount=57 playerCrossCheck=1 vehicles=18 human=1 traffic=13 cops=1 racers=1 none=2 nisCars=0 remote=0 unknown=0 cash=335950 careerCars=3 currentCarHandle=89 careerCompleted=0 profileKey=pseudonymous caps=[world:1,player:1,freeroam:1,road:1,roadNav:1,careerRead:1,spawnWrite:0,economyWrite:0,garageWrite:0] motion=[speed:14.533,speedometer:14.492,absSpeed:14.533,localMag:14.533,linearMag:14.533,slip:0.000,wheels:4,units:engine/unverified] roadNav=[ai:0xECE270C,curSeg:0,curLane:0,curWidthWorld:0.0,curSpanWorld:0.0,curSegTime:0.000,curCurve:0.0000,curRoadOcc:0,curAvoidOcc:0,curOccBehind:0,futureSeg:0,futureLane:0,futureWidthWorld:0.0,navGapWorld:0.0,futureRoadOcc:0,futureAvoidOcc:0,seekDistWorld:2006.9,seekProjWorld:0.0,farDistWorld:2006.9,farProjWorld:0.0,playerPos:(600.3,110.0,1911.8),seek:(0.0,0.0,0.0),far:(0.0,0.0,0.0),units:world]
[2026-10-10 03:30:20.152] [INFO] Vehicle-spatial observation: registryComplete=1 registryCount=18 enabledActive=15 ignoredInactive=3 boxes=15 failedSpatialReads=0 halfExtentSemanticsResearchBacked=1 learnedModels=12 verifiedLearnedModels=12 catalogFootprintKey=0x79054B53
[2026-10-10 03:30:20.152] [INFO] Primary-camera observation: coherent=1 viewId=1 coordinateMapping=sim(z,-x,y)_to_render fullPlayerViewCoverageVerified=0 renderEnvelopeVerified=0 spawnVisibilityVerified=0
[2026-10-10 03:30:20.152] [INFO] Road-candidate observations: count=4 exactUsable=0 [CurrentRoad:RoadInvalid,seg=0,lane=0,distWorld=2006.9,projWorld=0.0,pointOccupancy=clear,fleetChecked=15,fleetInvalid=0,nearestVehicleGapWorld=1640.7,selectedRivalId=18331059014694192571,selectedVehicleKey=0x79054b53,preconstructionOverlap=unverified,overlapVerified=0,promotion=RoadInvalid,primaryCamera=unverified,separatingPlane=-1,completeSpawnVisibilityVerified=0] [FutureRoad:RoadInvalid,seg=0,lane=0,distWorld=2006.9,projWorld=0.0,pointOccupancy=clear,fleetChecked=15,fleetInvalid=0,nearestVehicleGapWorld=1640.7,selectedRivalId=18331059014694192571,selectedVehicleKey=0x79054b53,preconstructionOverlap=unverified,overlapVerified=0,promotion=RoadInvalid,primaryCamera=unverified,separatingPlane=-1,completeSpawnVisibilityVerified=0] [SeekAhead:RoadGeometryAssociationUnverified,seg=0,lane=0,distWorld=2006.9,projWorld=0.0,pointOccupancy=clear,fleetChecked=15,fleetInvalid=0,nearestVehicleGapWorld=1640.7,selectedRivalId=18331059014694192571,selectedVehicleKey=0x79054b53,preconstructionOverlap=unverified,overlapVerified=0,promotion=RoadGeometryAssociationUnverified,primaryCamera=unverified,separatingPlane=-1,completeSpawnVisibilityVerified=0] [FarFuture:RoadGeometryAssociationUnverified,seg=0,lane=0,distWorld=2006.9,projWorld=0.0,pointOccupancy=clear,fleetChecked=15,fleetInvalid=0,nearestVehicleGapWorld=1640.7,selectedRivalId=18331059014694192571,selectedVehicleKey=0x79054b53,preconstructionOverlap=unverified,overlapVerified=0,promotion=RoadGeometryAssociationUnverified,primaryCamera=unverified,separatingPlane=-1,completeSpawnVisibilityVerified=0]
[2026-10-10 03:30:20.152] [INFO] World-collision evidence: addressAvailable=1 gameplayThreadConfirmed=1 result=pending_or_unavailable cameraVisibilityVerified=0 streamingVerified=0
[2026-10-10 03:30:20.152] [INFO] Motion-scale observation: accepted=401 rejected=53 window=5 worldUnitsPerSpeedUnitSecond=0.98988 cv=0.03017 speedometerToSpeedRatio=1.00650 absoluteToSpeedRatio=1.00000 speedToLocalRatio=1.00000 speedToLinearRatio=1.00000 stable=0 metricVerified=1 worldUnitsPerMeter=0.99855
[2026-10-10 03:30:20.206] [INFO] NativePrototype observation: active=1 model=0x79054b53 x=657.554 y=116.145 z=1743.61 speedMps=39.4527 displacementMeters=278.058 movementObserved=1 playerPursuitState=1 lifecycleProven=0
[2026-10-10 03:30:20.447] [INFO] FRR_MOTION_V1 capture=707000 cohort=147 generation=1 model=2030390099 timeMs=854093 dt=0.294654906 valid=1 safe=1 grounded=1 x=602.620422 y=110.662407 z=1907.96912 speed=15.9397316 speedometer=15.9007292 absolute=15.9397316 local=15.9397335 linear=15.9397316 vx=8.04946804 vy=2.48849463 vz=-13.5310202 slip=0 accepted=1 window=6 ratio=0.99222362 cv=0.027980905 stable=0 metricVerified=1 worldUnitsPerMeter=0.99855119
[2026-10-10 03:30:20.620] [INFO] PostRace observation: phase=Roaming complete=1 liveCount=18 registryStatus=Stable observedRacerCount=1 capturedRaceCount=0 matchingRaceIdentities=0 readOnly=1 lifetimeProven=0
[2026-10-10 03:30:20.751] [INFO] FRR_MOTION_V1 capture=707000 cohort=147 generation=1 model=2030390099 timeMs=854390 dt=0.304661781 valid=1 safe=1 grounded=1 x=605.180054 y=111.450836 z=1903.67078 speed=17.3364468 speedometer=17.2990093 absolute=17.3364468 local=17.3364525 linear=17.3364468 vx=8.76668453 vy=2.70262074 vz=-14.7103186 slip=0 accepted=1 window=7 ratio=0.993207693 cv=0.0259931702 stable=0 metricVerified=1 worldUnitsPerMeter=0.99855119
[2026-10-10 03:30:21.048] [INFO] FRR_MOTION_V1 capture=707000 cohort=147 generation=1 model=2030390099 timeMs=854687 dt=0.296362907 valid=1 safe=1 grounded=1 x=607.935913 y=112.290321 z=1899.04224 speed=19.3257065 speedometer=17.5250587 absolute=19.3257065 local=19.3257084 linear=19.3257065 vx=9.77919865 vy=2.92861128 vz=-16.4095535 slip=0 accepted=1 window=8 ratio=0.994498909 cv=0.02452459 stable=0 metricVerified=1 worldUnitsPerMeter=0.99855119
[2026-10-10 03:30:21.127] [INFO] PostRace observation: phase=Roaming complete=1 liveCount=18 registryStatus=Stable observedRacerCount=1 capturedRaceCount=0 matchingRaceIdentities=0 readOnly=1 lifetimeProven=0
[2026-10-10 03:30:21.209] [INFO] NativePrototype observation: active=1 model=0x79054b53 x=657.127 y=115.77 z=1702.62 speedMps=41.8977 displacementMeters=316.755 movementObserved=1 playerPursuitState=1 lifecycleProven=0
[2026-10-10 03:30:21.348] [INFO] FRR_MOTION_V1 capture=707000 cohort=147 generation=1 model=2030390099 timeMs=854984 dt=0.299908906 valid=1 safe=1 grounded=1 x=610.926819 y=113.190834 z=1894.02283 speed=20.0823078 speedometer=20.0552692 absolute=20.0823078 local=20.0823097 linear=20.0823078 vx=10.1600323 vy=3.05006075 vz=-17.0519772 slip=0 accepted=1 window=9 ratio=0.995157599 cv=0.0231824107 stable=0 metricVerified=1 worldUnitsPerMeter=0.99855119
[2026-10-10 03:30:21.624] [INFO] PostRace observation: phase=Roaming complete=1 liveCount=18 registryStatus=Stable observedRacerCount=1 capturedRaceCount=0 matchingRaceIdentities=0 readOnly=1 lifetimeProven=0
[2026-10-10 03:30:21.657] [INFO] FRR_MOTION_V1 capture=707000 cohort=147 generation=1 model=2030390099 timeMs=855296 dt=0.308867007 valid=1 safe=1 grounded=1 x=614.134705 y=113.990166 z=1888.63757 speed=20.8520546 speedometer=20.8308525 absolute=20.8520546 local=20.8520603 linear=20.8520546 vx=10.5952597 vy=2.49436116 vz=-17.7855778 slip=0 accepted=1 window=10 ratio=0.995600939 cv=0.0220235288 stable=0 metricVerified=1 worldUnitsPerMeter=0.99855119
[2026-10-10 03:30:21.967] [INFO] FRR_MOTION_V1 capture=707000 cohort=147 generation=1 model=2030390099 timeMs=855609 dt=0.310214788 valid=1 safe=1 grounded=1 x=617.427551 y=114.742653 z=1883.10876 speed=21.637907 speedometer=21.5984669 absolute=21.637907 local=21.6379051 linear=21.637907 vx=11.0154819 vy=2.21350598 vz=-18.4921227 slip=0 accepted=1 window=11 ratio=0.994462073 cv=0.0213323161 stable=0 metricVerified=1 worldUnitsPerMeter=0.99855119
[2026-10-10 03:30:22.125] [INFO] PostRace observation: phase=Roaming complete=1 liveCount=18 registryStatus=Stable observedRacerCount=1 capturedRaceCount=0 matchingRaceIdentities=0 readOnly=1 lifetimeProven=0
[2026-10-10 03:30:22.208] [INFO] NativePrototype observation: active=1 model=0x79054b53 x=657.765 y=115.501 z=1660.03 speedMps=43.6048 displacementMeters=357.81 movementObserved=1 playerPursuitState=1 lifecycleProven=0
[2026-10-10 03:30:22.270] [INFO] FRR_MOTION_V1 capture=707000 cohort=147 generation=1 model=2030390099 timeMs=855906 dt=0.302784383 valid=1 safe=1 grounded=1 x=620.870789 y=115.370621 z=1877.26501 speed=22.3526211 speedometer=21.7217636 absolute=22.3526211 local=22.352623 linear=22.3526211 vx=10.6832705 vy=2.08842921 vz=-19.5229588 slip=0.00476074219 accepted=1 window=12 ratio=0.996824324 cv=0.0218390878 stable=1 metricVerified=1 worldUnitsPerMeter=0.99855119
[2026-10-10 03:30:22.573] [INFO] FRR_MOTION_V1 capture=707000 cohort=147 generation=1 model=2030390099 timeMs=856218 dt=0.303509086 valid=1 safe=1 grounded=1 x=624.003418 y=115.908394 z=1871.21021 speed=22.847847 speedometer=22.8217773 absolute=22.847847 local=22.847847 linear=22.847847 vx=10.0247374 vy=1.61040568 vz=-20.4679108 slip=-0.00109863281 accepted=1 window=13 ratio=0.996833026 cv=0.0209821556 stable=1 metricVerified=1 worldUnitsPerMeter=0.99855119
[2026-10-10 03:30:22.626] [INFO] PostRace observation: phase=Roaming complete=1 liveCount=18 registryStatus=Stable observedRacerCount=1 capturedRaceCount=0 matchingRaceIdentities=0 readOnly=1 lifetimeProven=0
[2026-10-10 03:30:22.885] [INFO] FRR_MOTION_V1 capture=707000 cohort=147 generation=1 model=2030390099 timeMs=856531 dt=0.311460614 valid=1 safe=1 grounded=1 x=627.022095 y=116.399353 z=1864.68921 speed=23.8135872 speedometer=23.7823048 absolute=23.8135872 local=23.8135891 linear=23.8135872 vx=9.73017693 vy=1.36640835 vz=-21.6920147 slip=-0.00032043457 accepted=1 window=14 ratio=0.996429741 cv=0.0202796683 stable=1 metricVerified=1 worldUnitsPerMeter=0.99855119
[2026-10-10 03:30:23.128] [INFO] PostRace observation: phase=Roaming complete=1 liveCount=18 registryStatus=Stable observedRacerCount=1 capturedRaceCount=0 matchingRaceIdentities=0 readOnly=1 lifetimeProven=0
[2026-10-10 03:30:23.192] [INFO] FRR_MOTION_V1 capture=707000 cohort=147 generation=1 model=2030390099 timeMs=856828 dt=0.307159394 valid=1 safe=1 grounded=1 x=630.046875 y=116.829666 z=1857.83679 speed=24.8404942 speedometer=24.8109818 absolute=24.8404942 local=24.8404922 linear=24.8404942 vx=9.93568611 vy=1.38728547 vz=-22.7246075 slip=-6.10351562e-05 accepted=1 window=15 ratio=0.996938884 cv=0.0196750406 stable=1 metricVerified=1 worldUnitsPerMeter=0.99855119
[2026-10-10 03:30:23.206] [INFO] NativePrototype observation: active=1 model=0x79054b53 x=665.455 y=115.314 z=1616.62 speedMps=45.1161 displacementMeters=401.758 movementObserved=1 playerPursuitState=1 lifecycleProven=0
[2026-10-10 03:30:23.489] [INFO] FRR_MOTION_V1 capture=707000 cohort=147 generation=1 model=2030390099 timeMs=857125 dt=0.296418995 valid=1 safe=1 grounded=1 x=633.081421 y=117.212654 z=1850.86755 speed=25.8494415 speedometer=25.8219109 absolute=25.8494415 local=25.8494434 linear=25.8494415 vx=10.2815952 vy=1.2914542 vz=-23.6815243 slip=0 accepted=1 window=16 ratio=0.99794668 cv=0.0194288045 stable=1 metricVerified=1 worldUnitsPerMeter=0.99855119
[2026-10-10 03:30:23.625] [INFO] PostRace observation: phase=Roaming complete=1 liveCount=18 registryStatus=Stable observedRacerCount=1 capturedRaceCount=0 matchingRaceIdentities=0 readOnly=1 lifetimeProven=0
[2026-10-10 03:30:23.791] [INFO] FRR_MOTION_V1 capture=707000 cohort=147 generation=1 model=2030390099 timeMs=857437 dt=0.303176612 valid=1 safe=1 grounded=1 x=636.222229 y=117.569061 z=1843.62463 speed=26.667345 speedometer=26.7074566 absolute=26.667345 local=26.6673508 linear=26.667345 vx=10.5944157 vy=0.848417819 vz=-24.45784 slip=0 accepted=1 window=17 ratio=0.997636735 cv=0.0188954882 stable=1 metricVerified=1 worldUnitsPerMeter=0.99855119
[2026-10-10 03:30:24.087] [INFO] FRR_MOTION_V1 capture=707000 cohort=147 generation=1 model=2030390099 timeMs=857734 dt=0.29612729 valid=1 safe=1 grounded=1 x=639.296326 y=117.458557 z=1836.3335 speed=26.9693203 speedometer=26.9459419 absolute=26.9693203 local=26.9693298 linear=26.9693203 vx=10.4446955 vy=-0.457635581 vz=-24.8604736 slip=-4.57763672e-05 accepted=1 window=18 ratio=0.997570932 cv=0.0183663368 stable=1 metricVerified=1 worldUnitsPerMeter=0.99855119
[2026-10-10 03:30:24.128] [INFO] PostRace observation: phase=Roaming complete=1 liveCount=18 registryStatus=Stable observedRacerCount=1 capturedRaceCount=0 matchingRaceIdentities=0 readOnly=1 lifetimeProven=0
[2026-10-10 03:30:24.208] [INFO] NativePrototype observation: active=1 model=0x79054b53 x=678.765 y=115.166 z=1572.19 speedMps=46.8413 displacementMeters=448.166 movementObserved=1 playerPursuitState=1 lifecycleProven=0
[2026-10-10 03:30:24.401] [INFO] FRR_MOTION_V1 capture=707000 cohort=147 generation=1 model=2030390099 timeMs=858046 dt=0.313561797 valid=1 safe=1 grounded=1 x=642.446289 y=117.32917 z=1828.3728 speed=27.4702435 speedometer=26.4772377 absolute=27.4702435 local=27.4702473 linear=27.4702435 vx=8.8097086 vy=-0.419334143 vz=-26.0159073 slip=0.00538635254 accepted=1 window=19 ratio=0.997866094 cv=0.0179152079 stable=1 metricVerified=1 worldUnitsPerMeter=0.99855119
[2026-10-10 03:30:24.621] [INFO] PostRace observation: phase=Roaming complete=1 liveCount=18 registryStatus=Stable observedRacerCount=1 capturedRaceCount=0 matchingRaceIdentities=0 readOnly=1 lifetimeProven=0
[2026-10-10 03:30:24.779] [INFO] FRR_MOTION_V1 capture=707000 cohort=147 generation=1 model=2030390099 timeMs=858421 dt=0.378100604 valid=1 safe=1 grounded=1 x=645.331299 y=117.16774 z=1818.43518 speed=28.9193802 speedometer=28.1790009 absolute=28.9193802 local=28.9193859 linear=28.9193802 vx=6.84733868 vy=-0.453018546 vz=-28.0934029 slip=-0.00115966797 accepted=1 window=20 ratio=0.99651283 cv=0.018460162 stable=1 metricVerified=1 worldUnitsPerMeter=0.99855119
[2026-10-10 03:30:25.130] [INFO] PostRace observation: phase=Roaming complete=1 liveCount=18 registryStatus=Stable observedRacerCount=1 capturedRaceCount=0 matchingRaceIdentities=0 readOnly=1 lifetimeProven=0
[2026-10-10 03:30:25.156] [INFO] FRR_MOTION_V1 capture=707000 cohort=147 generation=1 model=2030390099 timeMs=858796 dt=0.376278996 valid=1 safe=1 grounded=1 x=647.730896 y=116.991982 z=1807.39807 speed=30.3562183 speedometer=30.3336391 absolute=30.3562183 local=30.3562222 linear=30.3562183 vx=6.01619244 vy=-0.443111241 vz=-29.750782 slip=-0.000335693359 accepted=1 window=21 ratio=0.997294724 cv=0.01833947 stable=1 metricVerified=1 worldUnitsPerMeter=0.99855119
[2026-10-10 03:30:25.210] [INFO] NativePrototype observation: active=1 model=0x79054b53 x=693.627 y=115.241 z=1533.14 speedMps=29.6775 displacementMeters=489.811 movementObserved=1 playerPursuitState=1 lifecycleProven=0
[2026-10-10 03:30:25.534] [INFO] FRR_MOTION_V1 capture=707000 cohort=147 generation=1 model=2030390099 timeMs=859171 dt=0.377987385 valid=1 safe=1 grounded=1 x=649.977783 y=116.806793 z=1795.91431 speed=31.3707256 speedometer=31.3492794 absolute=31.3707256 local=31.3707333 linear=31.3707256 vx=5.91545916 vy=-0.455489069 vz=-30.8045826 slip=-6.10351562e-05 accepted=1 window=22 ratio=0.997561753 cv=0.0179549698 stable=1 metricVerified=1 worldUnitsPerMeter=0.99855119
[2026-10-10 03:30:25.620] [INFO] PostRace observation: phase=Roaming complete=1 liveCount=18 registryStatus=Stable observedRacerCount=1 capturedRaceCount=0 matchingRaceIdentities=0 readOnly=1 lifetimeProven=0
[2026-10-10 03:30:25.904] [INFO] FRR_MOTION_V1 capture=707000 cohort=147 generation=1 model=2030390099 timeMs=859546 dt=0.370467395 valid=1 safe=1 grounded=1 x=652.191528 y=116.637154 z=1784.30762 speed=32.3577003 speedometer=32.3353729 absolute=32.3577003 local=32.3577042 linear=32.3577003 vx=6.0384016 vy=-0.423975527 vz=-31.7864552 slip=-1.52587891e-05 accepted=1 window=23 ratio=0.997713745 cv=0.0175721645 stable=1 metricVerified=1 worldUnitsPerMeter=0.99855119
[2026-10-10 03:30:26.122] [INFO] PostRace observation: phase=Roaming complete=1 liveCount=18 registryStatus=Stable observedRacerCount=1 capturedRaceCount=0 matchingRaceIdentities=0 readOnly=1 lifetimeProven=0
[2026-10-10 03:30:26.209] [INFO] NativePrototype observation: active=1 model=0x79054b53 x=708.775 y=115.362 z=1506.43 speedMps=31.9724 displacementMeters=519.708 movementObserved=1 playerPursuitState=1 lifecycleProven=0
[2026-10-10 03:30:26.269] [INFO] FRR_MOTION_V1 capture=707000 cohort=147 generation=1 model=2030390099 timeMs=859906 dt=0.364762217 valid=1 safe=1 grounded=1 x=654.030579 y=116.478378 z=1772.64844 speed=32.6248131 speedometer=32.6009636 absolute=32.6248131 local=32.6248131 linear=32.6248131 vx=3.8447783 vy=-0.446248889 vz=-32.3943977 slip=-0.000259399414 accepted=1 window=24 ratio=0.997643113 cv=0.0172067508 stable=1 metricVerified=1 worldUnitsPerMeter=0.99855119
[2026-10-10 03:30:26.629] [INFO] FRR_MOTION_V1 capture=707000 cohort=147 generation=1 model=2030390099 timeMs=860265 dt=0.359555572 valid=1 safe=1 grounded=1 x=654.910828 y=116.335899 z=1760.68311 speed=33.5946236 speedometer=33.571701 absolute=33.5946236 local=33.5946198 linear=33.5946236 vx=1.22267807 vy=-0.396615207 vz=-33.5700226 slip=-0.00108337402 accepted=1 window=25 ratio=0.998052299 cv=0.0169714727 stable=1 metricVerified=1 worldUnitsPerMeter=0.99855119
[2026-10-10 03:30:26.629] [INFO] Runtime heartbeat: mode=FreeRoamCandidate inWorld=1 raceMode=Roaming loading=0 inNIS=0 fade=0 flow=6 IVehicle=0x46EB41C PVehicle=0x46EB370 raceStatus=0xED291F8 roadNetwork=0x46CD390 pvehicleCount=57 playerCrossCheck=1 vehicles=18 human=1 traffic=13 cops=1 racers=1 none=2 nisCars=0 remote=0 unknown=0 cash=335950 careerCars=3 currentCarHandle=89 careerCompleted=0 profileKey=pseudonymous caps=[world:1,player:1,freeroam:1,road:1,roadNav:1,careerRead:1,spawnWrite:0,economyWrite:0,garageWrite:0] motion=[speed:33.595,speedometer:33.572,absSpeed:33.595,localMag:33.595,linearMag:33.595,slip:-0.001,wheels:4,units:engine/unverified] roadNav=[ai:0xECE270C,curSeg:0,curLane:0,curWidthWorld:0.0,curSpanWorld:0.0,curSegTime:0.000,curCurve:0.0000,curRoadOcc:0,curAvoidOcc:0,curOccBehind:0,futureSeg:0,futureLane:0,futureWidthWorld:0.0,navGapWorld:0.0,futureRoadOcc:0,futureAvoidOcc:0,seekDistWorld:1882.1,seekProjWorld:0.0,farDistWorld:1882.1,farProjWorld:0.0,playerPos:(654.9,116.3,1760.7),seek:(0.0,0.0,0.0),far:(0.0,0.0,0.0),units:world]
[2026-10-10 03:30:26.629] [INFO] Vehicle-spatial observation: registryComplete=1 registryCount=18 enabledActive=15 ignoredInactive=3 boxes=15 failedSpatialReads=0 halfExtentSemanticsResearchBacked=1 learnedModels=12 verifiedLearnedModels=12 catalogFootprintKey=0x79054B53
[2026-10-10 03:30:26.629] [INFO] Primary-camera observation: coherent=1 viewId=1 coordinateMapping=sim(z,-x,y)_to_render fullPlayerViewCoverageVerified=0 renderEnvelopeVerified=0 spawnVisibilityVerified=0
[2026-10-10 03:30:26.629] [INFO] Road-candidate observations: count=4 exactUsable=0 [CurrentRoad:RoadInvalid,seg=0,lane=0,distWorld=1882.1,projWorld=0.0,pointOccupancy=clear,fleetChecked=15,fleetInvalid=0,nearestVehicleGapWorld=1560.6,selectedRivalId=18331059014694192571,selectedVehicleKey=0x79054b53,preconstructionOverlap=unverified,overlapVerified=0,promotion=RoadInvalid,primaryCamera=unverified,separatingPlane=-1,completeSpawnVisibilityVerified=0] [FutureRoad:RoadInvalid,seg=0,lane=0,distWorld=1882.1,projWorld=0.0,pointOccupancy=clear,fleetChecked=15,fleetInvalid=0,nearestVehicleGapWorld=1560.6,selectedRivalId=18331059014694192571,selectedVehicleKey=0x79054b53,preconstructionOverlap=unverified,overlapVerified=0,promotion=RoadInvalid,primaryCamera=unverified,separatingPlane=-1,completeSpawnVisibilityVerified=0] [SeekAhead:RoadGeometryAssociationUnverified,seg=0,lane=0,distWorld=1882.1,projWorld=0.0,pointOccupancy=clear,fleetChecked=15,fleetInvalid=0,nearestVehicleGapWorld=1560.6,selectedRivalId=18331059014694192571,selectedVehicleKey=0x79054b53,preconstructionOverlap=unverified,overlapVerified=0,promotion=RoadGeometryAssociationUnverified,primaryCamera=unverified,separatingPlane=-1,completeSpawnVisibilityVerified=0] [FarFuture:RoadGeometryAssociationUnverified,seg=0,lane=0,distWorld=1882.1,projWorld=0.0,pointOccupancy=clear,fleetChecked=15,fleetInvalid=0,nearestVehicleGapWorld=1560.6,selectedRivalId=18331059014694192571,selectedVehicleKey=0x79054b53,preconstructionOverlap=unverified,overlapVerified=0,promotion=RoadGeometryAssociationUnverified,primaryCamera=unverified,separatingPlane=-1,completeSpawnVisibilityVerified=0]
[2026-10-10 03:30:26.629] [INFO] World-collision evidence: addressAvailable=1 gameplayThreadConfirmed=1 result=pending_or_unavailable cameraVisibilityVerified=0 streamingVerified=0
[2026-10-10 03:30:26.629] [INFO] Motion-scale observation: accepted=421 rejected=53 window=25 worldUnitsPerSpeedUnitSecond=0.99805 cv=0.01697 speedometerToSpeedRatio=0.99322 absoluteToSpeedRatio=1.00000 speedToLocalRatio=1.00000 speedToLinearRatio=1.00000 stable=1 metricVerified=1 worldUnitsPerMeter=0.99855
[2026-10-10 03:30:26.631] [INFO] PostRace observation: phase=Roaming complete=1 liveCount=18 registryStatus=Stable observedRacerCount=1 capturedRaceCount=0 matchingRaceIdentities=0 readOnly=1 lifetimeProven=0
[2026-10-10 03:30:27.003] [INFO] FRR_MOTION_V1 capture=707000 cohort=147 generation=1 model=2030390099 timeMs=860640 dt=0.374543488 valid=1 safe=1 grounded=1 x=654.554993 y=116.191544 z=1748.21008 speed=33.9686928 speedometer=33.9437218 absolute=33.9686928 local=33.9687004 linear=33.9686928 vx=-2.54744387 vy=-0.365714312 vz=-33.8710632 slip=-0.00218200684 accepted=1 window=26 ratio=0.997599006 cv=0.0168037638 stable=1 metricVerified=1 worldUnitsPerMeter=0.99855119
[2026-10-10 03:30:27.126] [INFO] PostRace observation: phase=Roaming complete=1 liveCount=18 registryStatus=Stable observedRacerCount=1 capturedRaceCount=0 matchingRaceIdentities=0 readOnly=1 lifetimeProven=0
[2026-10-10 03:30:27.203] [INFO] NativePrototype observation: active=1 model=0x79054b53 x=722.945 y=115.587 z=1476.73 speedMps=34.4423 displacementMeters=552.265 movementObserved=1 playerPursuitState=1 lifecycleProven=0
[2026-10-10 03:30:27.372] [INFO] FRR_MOTION_V1 capture=707000 cohort=147 generation=1 model=2030390099 timeMs=861015 dt=0.368992597 valid=1 safe=1 grounded=1 x=653.747559 y=116.059402 z=1735.5979 speed=34.3645172 speedometer=34.3409348 absolute=34.3645172 local=34.364521 linear=34.3645172 vx=-1.67147529 vy=-0.356550783 vz=-34.3219948 slip=0.00163269043 accepted=1 window=27 ratio=0.997780383 cv=0.0165126845 stable=1 metricVerified=1 worldUnitsPerMeter=0.99855119
[2026-10-10 03:30:27.630] [INFO] PostRace observation: phase=Roaming complete=1 liveCount=18 registryStatus=Stable observedRacerCount=1 capturedRaceCount=0 matchingRaceIdentities=0 readOnly=1 lifetimeProven=0
[2026-10-10 03:30:27.743] [INFO] FRR_MOTION_V1 capture=707000 cohort=147 generation=1 model=2030390099 timeMs=861390 dt=0.371482491 valid=1 safe=1 grounded=1 x=653.535339 y=115.943604 z=1722.67334 speed=35.3595734 speedometer=35.3374786 absolute=35.3595734 local=35.3595734 linear=35.3595734 vx=0.17938295 vy=-0.313371956 vz=-35.3577309 slip=0.000595092773 accepted=1 window=28 ratio=0.997793972 cv=0.0162150674 stable=1 metricVerified=1 worldUnitsPerMeter=0.99855119
[2026-10-10 03:30:28.111] [INFO] FRR_MOTION_V1 capture=707000 cohort=147 generation=1 model=2030390099 timeMs=861750 dt=0.367524296 valid=1 safe=1 grounded=1 x=653.730591 y=115.830818 z=1709.53064 speed=36.276741 speedometer=36.2536011 absolute=36.276741 local=36.276741 linear=36.276741 vx=0.764533818 vy=-0.321432084 vz=-36.2672577 slip=0.000137329102 accepted=1 window=29 ratio=0.997819185 cv=0.0159332044 stable=1 metricVerified=1 worldUnitsPerMeter=0.99855119
[2026-10-10 03:30:28.124] [INFO] PostRace observation: phase=Roaming complete=1 liveCount=18 registryStatus=Stable observedRacerCount=1 capturedRaceCount=0 matchingRaceIdentities=0 readOnly=1 lifetimeProven=0
[2026-10-10 03:30:28.210] [INFO] NativePrototype observation: active=1 model=0x79054b53 x=737.984 y=117.993 z=1444.51 speedMps=36.2171 displacementMeters=587.591 movementObserved=1 playerPursuitState=1 lifecycleProven=0
[2026-10-10 03:30:28.477] [INFO] FRR_MOTION_V1 capture=707000 cohort=147 generation=1 model=2030390099 timeMs=862125 dt=0.366136283 valid=1 safe=1 grounded=1 x=654.047913 y=115.726547 z=1696.0614 speed=37.2122879 speedometer=37.1909752 absolute=37.2122879 local=37.2122955 linear=37.2122879 vx=0.931807697 vy=-0.218520761 vz=-37.1999779 slip=4.57763672e-05 accepted=1 window=30 ratio=0.997941136 cv=0.0156773031 stable=1 metricVerified=1 worldUnitsPerMeter=0.99855119
[2026-10-10 03:30:28.620] [INFO] PostRace observation: phase=Roaming complete=1 liveCount=18 registryStatus=Stable observedRacerCount=1 capturedRaceCount=0 matchingRaceIdentities=0 readOnly=1 lifetimeProven=0
[2026-10-10 03:30:28.837] [INFO] FRR_MOTION_V1 capture=707000 cohort=147 generation=1 model=2030390099 timeMs=862468 dt=0.359716505 valid=1 safe=1 grounded=1 x=654.86499 y=115.63578 z=1682.53101 speed=37.742466 speedometer=37.7189331 absolute=37.742466 local=37.7424698 linear=37.742466 vx=3.30802536 vy=-0.24215202 vz=-37.5964355 slip=0.00166320801 accepted=1 window=31 ratio=0.998184919 cv=0.0154765137 stable=1 metricVerified=1 worldUnitsPerMeter=0.99855119
[2026-10-10 03:30:29.127] [INFO] PostRace observation: phase=Roaming complete=1 liveCount=18 registryStatus=Stable observedRacerCount=1 capturedRaceCount=0 matchingRaceIdentities=0 readOnly=1 lifetimeProven=0
[2026-10-10 03:30:29.200] [INFO] FRR_MOTION_V1 capture=707000 cohort=147 generation=1 model=2030390099 timeMs=862843 dt=0.363382787 valid=1 safe=1 grounded=1 x=656.337524 y=115.548393 z=1668.78528 speed=38.2594376 speedometer=38.0744057 absolute=38.2594376 local=38.2594376 linear=38.2594376 vx=3.28757715 vy=-0.209826738 vz=-38.1173515 slip=0.00471496582 accepted=1 window=32 ratio=0.998277307 cv=0.0152400769 stable=1 metricVerified=1 worldUnitsPerMeter=0.99855119
[2026-10-10 03:30:29.205] [INFO] NativePrototype observation: active=1 model=0x79054b53 x=758.647 y=121.028 z=1414.19 speedMps=37.7502 displacementMeters=622.907 movementObserved=1 playerPursuitState=1 lifecycleProven=0
[2026-10-10 03:30:29.560] [INFO] FRR_MOTION_V1 capture=707000 cohort=147 generation=1 model=2030390099 timeMs=863203 dt=0.359130591 valid=1 safe=1 grounded=1 x=657.422546 y=115.477036 z=1654.98071 speed=38.8911667 speedometer=38.4632721 absolute=38.8911667 local=38.8911629 linear=38.8911667 vx=3.12119341 vy=-0.180643201 vz=-38.7652969 slip=-0.00477600098 accepted=1 window=33 ratio=0.998315871 cv=0.0150084002 stable=1 metricVerified=1 worldUnitsPerMeter=0.99855119
[2026-10-10 03:30:29.629] [INFO] PostRace observation: phase=Roaming complete=1 liveCount=18 registryStatus=Stable observedRacerCount=1 capturedRaceCount=0 matchingRaceIdentities=0 readOnly=1 lifetimeProven=0
[2026-10-10 03:30:29.913] [INFO] FRR_MOTION_V1 capture=707000 cohort=147 generation=1 model=2030390099 timeMs=863546 dt=0.352639794 valid=1 safe=1 grounded=1 x=658.852051 y=115.415474 z=1641.4032 speed=39.3888817 speedometer=39.3676605 absolute=39.3888817 local=39.3888893 linear=39.3888817 vx=5.29519701 vy=-0.129062086 vz=-39.0311165 slip=0.00183105469 accepted=1 window=34 ratio=0.998046517 cv=0.0148710441 stable=1 metricVerified=1 worldUnitsPerMeter=0.99855119
[2026-10-10 03:30:30.121] [INFO] PostRace observation: phase=Roaming complete=1 liveCount=18 registryStatus=Stable observedRacerCount=1 capturedRaceCount=0 matchingRaceIdentities=0 readOnly=1 lifetimeProven=0
[2026-10-10 03:30:30.202] [INFO] NativePrototype observation: active=1 model=0x79054b53 x=780.706 y=122.97 z=1382.64 speedMps=39.6607 displacementMeters=659.995 movementObserved=1 playerPursuitState=1 lifecycleProven=0
[2026-10-10 03:30:30.260] [INFO] FRR_MOTION_V1 capture=707000 cohort=147 generation=1 model=2030390099 timeMs=863906 dt=0.347768277 valid=1 safe=1 grounded=1 x=661.189087 y=115.364822 z=1627.68384 speed=39.8995857 speedometer=39.4126511 absolute=39.8995857 local=39.8995972 linear=39.8995857 vx=8.5857687 vy=-0.167317376 vz=-38.9645157 slip=-0.00273132324 accepted=1 window=35 ratio=0.998371899 cv=0.0147750042 stable=1 metricVerified=1 worldUnitsPerMeter=0.99855119
[2026-10-10 03:30:30.604] [INFO] FRR_MOTION_V1 capture=707000 cohort=147 generation=1 model=2030390099 timeMs=864250 dt=0.343564689 valid=1 safe=1 grounded=1 x=664.540527 y=115.310188 z=1614.2428 speed=41.2715073 speedometer=40.0540848 absolute=41.2715073 local=41.2715225 linear=41.2715073 vx=11.2568607 vy=-0.15610908 vz=-39.7063713 slip=0.00151062012 accepted=1 window=36 ratio=0.998235703 cv=0.0145926885 stable=1 metricVerified=1 worldUnitsPerMeter=0.99855119
[2026-10-10 03:30:30.628] [INFO] PostRace observation: phase=Roaming complete=1 liveCount=18 registryStatus=Stable observedRacerCount=1 capturedRaceCount=0 matchingRaceIdentities=0 readOnly=1 lifetimeProven=0
[2026-10-10 03:30:30.950] [INFO] FRR_MOTION_V1 capture=707000 cohort=147 generation=1 model=2030390099 timeMs=864593 dt=0.345645696 valid=1 safe=1 grounded=1 x=668.770569 y=115.251732 z=1600.50537 speed=41.8483047 speedometer=41.8322906 absolute=41.8483047 local=41.8483086 linear=41.8483047 vx=12.9427767 vy=-0.194610804 vz=-39.7960701 slip=0.000274658203 accepted=1 window=37 ratio=0.998300374 cv=0.0143984612 stable=1 metricVerified=1 worldUnitsPerMeter=0.99855119
[2026-10-10 03:30:31.122] [INFO] PostRace observation: phase=Roaming complete=1 liveCount=18 registryStatus=Stable observedRacerCount=1 capturedRaceCount=0 matchingRaceIdentities=0 readOnly=1 lifetimeProven=0
[2026-10-10 03:30:31.204] [INFO] NativePrototype observation: active=1 model=0x79054b53 x=799.274 y=125.136 z=1347.17 speedMps=40.6337 displacementMeters=699.741 movementObserved=1 playerPursuitState=1 lifecycleProven=0
[2026-10-10 03:30:31.294] [INFO] FRR_MOTION_V1 capture=707000 cohort=147 generation=1 model=2030390099 timeMs=864937 dt=0.344700694 valid=1 safe=1 grounded=1 x=673.359436 y=115.20153 z=1586.66577 speed=42.464817 speedometer=42.4500008 absolute=42.464817 local=42.4648247 linear=42.464817 vx=13.5402212 vy=-0.127800763 vz=-40.2480659 slip=0.00016784668 accepted=1 window=38 ratio=0.998434305 cv=0.0142292371 stable=1 metricVerified=1 worldUnitsPerMeter=0.99855119
[2026-10-10 03:30:31.416] [INFO] Runtime hook health after 158s: renderFrames=19001 inputPolls=0 gameplayLoopCalls=19008 gameplayLoopCompleted=19007 gameplayCallbacks=19007 gameplayLoopInstalled=1 gameplayLoopSourceVerified=1 gameplayLoopThreadConsistent=1 gameplayLoopThread=3548 frameTicks=19008 samples=634 challengeFallbackPresses=0 renderThread=3548 inputThread=0 frameTickThread=3548 renderWorkerStarted=1 endSceneInstalled=1 presentInstalled=1 endSceneCalls=19001 presentCalls=19001 deviceGlobal=0x982bdc device=0x95fd800 vtable=0x960075c frameTickEqualsGameplayLoop=1 frameTickEqualsRender=1
[2026-10-10 03:30:31.416] [INFO] Construction readiness after 158s: BLOCKED blocker=ExactRoadCandidateUnavailable gameplayThreadConfirmed=1 freeRoamObserved=1 roadLookaheadObserved=1 exactRoadCandidateObserved=0 vehicleSpatialEvidenceObserved=1 vehicleFootprintVerified=1 verifiedFootprintVehicleKey=0x79054B53 groundEvidenceVerified=0 worldOcclusionEvidenceObserved=0 metricCalibrationVerified=1 worldUnitsPerMeter=0.998551 spawnCandidateVerified=0
[2026-10-10 03:30:31.628] [INFO] FRR_MOTION_V1 capture=707000 cohort=147 generation=1 model=2030390099 timeMs=865265 dt=0.334021807 valid=1 safe=1 grounded=1 x=677.934875 y=115.170761 z=1573.16516 speed=43.041851 speedometer=43.0256042 absolute=43.041851 local=43.0418625 linear=43.041851 vx=13.8801441 vy=-0.0930497497 vz=-40.7422867 slip=4.57763672e-05 accepted=1 window=39 ratio=0.998428404 cv=0.0140457572 stable=1 metricVerified=1 worldUnitsPerMeter=0.99855119
[2026-10-10 03:30:31.630] [INFO] PostRace observation: phase=Roaming complete=1 liveCount=18 registryStatus=Stable observedRacerCount=1 capturedRaceCount=0 matchingRaceIdentities=0 readOnly=1 lifetimeProven=0
[2026-10-10 03:30:31.951] [INFO] FRR_MOTION_V1 capture=707000 cohort=147 generation=1 model=2030390099 timeMs=865593 dt=0.322393686 valid=1 safe=1 grounded=1 x=682.538635 y=115.159454 z=1559.86572 speed=43.410202 speedometer=43.0196648 absolute=43.410202 local=43.410202 linear=43.410202 vx=15.2911568 vy=-0.0274284277 vz=-40.6278915 slip=-0.0032043457 accepted=1 window=40 ratio=0.998715103 cv=0.0139805311 stable=1 metricVerified=1 worldUnitsPerMeter=0.99855119
[2026-10-10 03:30:32.121] [INFO] PostRace observation: phase=Roaming complete=1 liveCount=18 registryStatus=Stable observedRacerCount=1 capturedRaceCount=0 matchingRaceIdentities=0 readOnly=1 lifetimeProven=0
[2026-10-10 03:30:32.204] [INFO] NativePrototype observation: active=1 model=0x79054b53 x=812.338 y=127.254 z=1308.3 speedMps=41.2807 displacementMeters=740.849 movementObserved=1 playerPursuitState=1 lifecycleProven=0
[2026-10-10 03:30:32.264] [INFO] FRR_MOTION_V1 capture=707000 cohort=147 generation=1 model=2030390099 timeMs=865906 dt=0.314051986 valid=1 safe=1 grounded=1 x=687.593628 y=115.173721 z=1547.21606 speed=43.7609901 speedometer=43.7449608 absolute=43.7609901 local=43.7610092 linear=43.7609901 vx=17.5985279 vy=0.0700517595 vz=-40.0663338 slip=0.00100708008 accepted=1 window=41 ratio=0.998629093 cv=0.0138209062 stable=1 metricVerified=1 worldUnitsPerMeter=0.99855119
[2026-10-10 03:30:32.567] [INFO] FRR_MOTION_V1 capture=707000 cohort=147 generation=1 model=2030390099 timeMs=866203 dt=0.303183407 valid=1 safe=1 grounded=1 x=693.407349 y=115.222153 z=1535.20508 speed=43.3362808 speedometer=43.503418 absolute=43.3362808 local=43.3362846 linear=43.3362808 vx=20.1704159 vy=0.0889315605 vz=-38.3559608 slip=0.00172424316 accepted=1 window=42 ratio=0.998915851 cv=0.0137746194 stable=1 metricVerified=1 worldUnitsPerMeter=0.99855119
[2026-10-10 03:30:32.628] [INFO] PostRace observation: phase=Roaming complete=1 liveCount=18 registryStatus=Stable observedRacerCount=1 capturedRaceCount=0 matchingRaceIdentities=0 readOnly=1 lifetimeProven=0
[2026-10-10 03:30:32.865] [INFO] FRR_MOTION_V1 capture=707000 cohort=147 generation=1 model=2030390099 timeMs=866500 dt=0.297745228 valid=1 safe=1 grounded=1 x=699.317566 y=115.263428 z=1524.6792 speed=37.230835 speedometer=37.3969269 absolute=37.230835 local=37.230835 linear=37.230835 vx=19.0272846 vy=0.126587793 vz=-32.0012741 slip=0.00120544434 accepted=1 window=43 ratio=0.999091268 cv=0.0136586148 stable=1 metricVerified=1 worldUnitsPerMeter=0.99855119
[2026-10-10 03:30:33.128] [INFO] PostRace observation: phase=Roaming complete=1 liveCount=18 registryStatus=Stable observedRacerCount=1 capturedRaceCount=0 matchingRaceIdentities=0 readOnly=1 lifetimeProven=0
[2026-10-10 03:30:33.168] [INFO] FRR_MOTION_V1 capture=707000 cohort=147 generation=1 model=2030390099 timeMs=866812 dt=0.303215474 valid=1 safe=1 grounded=1 x=704.675476 y=115.307762 z=1515.93958 speed=31.2984028 speedometer=31.0393162 absolute=31.2984028 local=31.2984123 linear=31.2984028 vx=16.0985355 vy=0.150872827 vz=-26.8403511 slip=0.00364685059 accepted=1 window=44 ratio=0.998809576 cv=0.0136323422 stable=1 metricVerified=1 worldUnitsPerMeter=0.99855119
[2026-10-10 03:30:33.202] [INFO] NativePrototype observation: active=1 model=0x79054b53 x=808.904 y=127.638 z=1267.38 speedMps=41.7594 displacementMeters=778.433 movementObserved=1 playerPursuitState=1 lifecycleProven=0
[2026-10-10 03:30:33.470] [INFO] FRR_MOTION_V1 capture=707000 cohort=147 generation=1 model=2030390099 timeMs=867109 dt=0.301395476 valid=1 safe=1 grounded=1 x=708.826904 y=115.355316 z=1508.57935 speed=25.8064327 speedometer=25.9458256 absolute=25.8064327 local=25.8064404 linear=25.8064327 vx=12.2602186 vy=0.137105837 vz=-22.7077122 slip=-0.0015411377 accepted=1 window=45 ratio=0.998435378 cv=0.0137123093 stable=1 metricVerified=1 worldUnitsPerMeter=0.99855119
[2026-10-10 03:30:33.470] [INFO] Runtime heartbeat: mode=FreeRoamCandidate inWorld=1 raceMode=Roaming loading=0 inNIS=0 fade=0 flow=6 IVehicle=0x46EB41C PVehicle=0x46EB370 raceStatus=0xED291F8 roadNetwork=0x46CD390 pvehicleCount=57 playerCrossCheck=1 vehicles=18 human=1 traffic=13 cops=1 racers=1 none=2 nisCars=0 remote=0 unknown=0 cash=335950 careerCars=3 currentCarHandle=89 careerCompleted=0 profileKey=pseudonymous caps=[world:1,player:1,freeroam:1,road:1,roadNav:1,careerRead:1,spawnWrite:0,economyWrite:0,garageWrite:0] motion=[speed:25.806,speedometer:25.946,absSpeed:25.806,localMag:25.806,linearMag:25.806,slip:-0.002,wheels:4,units:engine/unverified] roadNav=[ai:0xECE270C,curSeg:0,curLane:0,curWidthWorld:0.0,curSpanWorld:0.0,curSegTime:0.000,curCurve:0.0000,curRoadOcc:0,curAvoidOcc:0,curOccBehind:0,futureSeg:0,futureLane:0,futureWidthWorld:0.0,navGapWorld:0.0,futureRoadOcc:0,futureAvoidOcc:0,seekDistWorld:1670.8,seekProjWorld:0.0,farDistWorld:1670.8,farProjWorld:0.0,playerPos:(708.8,115.4,1508.6),seek:(0.0,0.0,0.0),far:(0.0,0.0,0.0),units:world]
[2026-10-10 03:30:33.470] [INFO] Vehicle-spatial observation: registryComplete=1 registryCount=18 enabledActive=15 ignoredInactive=3 boxes=15 failedSpatialReads=0 halfExtentSemanticsResearchBacked=1 learnedModels=12 verifiedLearnedModels=12 catalogFootprintKey=0x79054B53
[2026-10-10 03:30:33.470] [INFO] Primary-camera observation: coherent=1 viewId=1 coordinateMapping=sim(z,-x,y)_to_render fullPlayerViewCoverageVerified=0 renderEnvelopeVerified=0 spawnVisibilityVerified=0
[2026-10-10 03:30:33.470] [INFO] Road-candidate observations: count=4 exactUsable=0 [CurrentRoad:RoadInvalid,seg=0,lane=0,distWorld=1670.8,projWorld=0.0,pointOccupancy=clear,fleetChecked=15,fleetInvalid=0,nearestVehicleGapWorld=1404.6,selectedRivalId=18331059014694192571,selectedVehicleKey=0x79054b53,preconstructionOverlap=unverified,overlapVerified=0,promotion=RoadInvalid,primaryCamera=unverified,separatingPlane=-1,completeSpawnVisibilityVerified=0] [FutureRoad:RoadInvalid,seg=0,lane=0,distWorld=1670.8,projWorld=0.0,pointOccupancy=clear,fleetChecked=15,fleetInvalid=0,nearestVehicleGapWorld=1404.6,selectedRivalId=18331059014694192571,selectedVehicleKey=0x79054b53,preconstructionOverlap=unverified,overlapVerified=0,promotion=RoadInvalid,primaryCamera=unverified,separatingPlane=-1,completeSpawnVisibilityVerified=0] [SeekAhead:RoadGeometryAssociationUnverified,seg=0,lane=0,distWorld=1670.8,projWorld=0.0,pointOccupancy=clear,fleetChecked=15,fleetInvalid=0,nearestVehicleGapWorld=1404.6,selectedRivalId=18331059014694192571,selectedVehicleKey=0x79054b53,preconstructionOverlap=unverified,overlapVerified=0,promotion=RoadGeometryAssociationUnverified,primaryCamera=unverified,separatingPlane=-1,completeSpawnVisibilityVerified=0] [FarFuture:RoadGeometryAssociationUnverified,seg=0,lane=0,distWorld=1670.8,projWorld=0.0,pointOccupancy=clear,fleetChecked=15,fleetInvalid=0,nearestVehicleGapWorld=1404.6,selectedRivalId=18331059014694192571,selectedVehicleKey=0x79054b53,preconstructionOverlap=unverified,overlapVerified=0,promotion=RoadGeometryAssociationUnverified,primaryCamera=unverified,separatingPlane=-1,completeSpawnVisibilityVerified=0]
[2026-10-10 03:30:33.470] [INFO] World-collision evidence: addressAvailable=1 gameplayThreadConfirmed=1 result=pending_or_unavailable cameraVisibilityVerified=0 streamingVerified=0
[2026-10-10 03:30:33.470] [INFO] Motion-scale observation: accepted=441 rejected=53 window=45 worldUnitsPerSpeedUnitSecond=0.99844 cv=0.01371 speedometerToSpeedRatio=0.99467 absoluteToSpeedRatio=1.00000 speedToLocalRatio=1.00000 speedToLinearRatio=1.00000 stable=1 metricVerified=1 worldUnitsPerMeter=0.99855
[2026-10-10 03:30:33.626] [INFO] PostRace observation: phase=Roaming complete=1 liveCount=18 registryStatus=Stable observedRacerCount=1 capturedRaceCount=0 matchingRaceIdentities=0 readOnly=1 lifetimeProven=0
[2026-10-10 03:30:33.769] [INFO] FRR_MOTION_V1 capture=707000 cohort=147 generation=1 model=2030390099 timeMs=867406 dt=0.2992616 valid=1 safe=1 grounded=1 x=712.000916 y=115.391273 z=1502.43958 speed=19.8252144 speedometer=19.6432667 absolute=19.8252144 local=19.8252201 linear=19.8252144 vx=9.76019096 vy=0.112747349 vz=-17.2558708 slip=-0.00955200195 accepted=0 window=0 ratio=0 cv=0 stable=0 metricVerified=1 worldUnitsPerMeter=0.99855119
[2026-10-10 03:30:34.070] [INFO] FRR_MOTION_V1 capture=707000 cohort=147 generation=1 model=2030390099 timeMs=867703 dt=0.300568283 valid=1 safe=1 grounded=1 x=714.519897 y=115.424767 z=1497.94214 speed=13.9785061 speedometer=14.1246204 absolute=13.9785061 local=13.9785061 linear=13.9785061 vx=6.26224709 vy=0.11369282 vz=-12.4967976 slip=-0.000518798828 accepted=0 window=0 ratio=0 cv=0 stable=0 metricVerified=1 worldUnitsPerMeter=0.99855119
[2026-10-10 03:30:34.120] [INFO] PostRace observation: phase=Roaming complete=1 liveCount=18 registryStatus=Stable observedRacerCount=1 capturedRaceCount=0 matchingRaceIdentities=0 readOnly=1 lifetimeProven=0
[2026-10-10 03:30:34.207] [INFO] NativePrototype observation: active=1 model=0x79054b53 x=789.805 y=126.55 z=1229.37 speedMps=43.4004 displacementMeters=808.969 movementObserved=1 playerPursuitState=1 lifecycleProven=0
[2026-10-10 03:30:34.375] [INFO] FRR_MOTION_V1 capture=707000 cohort=147 generation=1 model=2030390099 timeMs=868015 dt=0.305116504 valid=1 safe=1 grounded=1 x=716.025696 y=115.449432 z=1494.90405 speed=8.05819702 speedometer=10.4328508 absolute=8.05819702 local=8.05819798 linear=8.05819702 vx=3.55292225 vy=0.0589800887 vz=-7.23241282 slip=-0.00122070312 accepted=0 window=0 ratio=0 cv=0 stable=0 metricVerified=1 worldUnitsPerMeter=0.99855119
[2026-10-10 03:30:34.627] [INFO] PostRace observation: phase=Roaming complete=1 liveCount=18 registryStatus=Stable observedRacerCount=1 capturedRaceCount=0 matchingRaceIdentities=0 readOnly=1 lifetimeProven=0
[2026-10-10 03:30:34.677] [INFO] FRR_MOTION_V1 capture=707000 cohort=147 generation=1 model=2030390099 timeMs=868312 dt=0.302076191 valid=1 safe=1 grounded=1 x=716.680115 y=115.461792 z=1493.56592 speed=2.21147299 speedometer=2.17900538 absolute=2.21147299 local=2.2114737 linear=2.21147299 vx=0.975896955 vy=0.0257051717 vz=-1.98433292 slip=-0.00347900391 accepted=0 window=0 ratio=0 cv=0 stable=0 metricVerified=1 worldUnitsPerMeter=0.99855119
[2026-10-10 03:30:34.980] [INFO] FRR_MOTION_V1 capture=707000 cohort=147 generation=1 model=2030390099 timeMs=868625 dt=0.302762598 valid=1 safe=1 grounded=1 x=716.750122 y=115.464134 z=1493.42505 speed=0 speedometer=-1.75332787e-07 absolute=0 local=0 linear=0 vx=0 vy=0 vz=0 slip=0 accepted=0 window=0 ratio=0 cv=0 stable=0 metricVerified=1 worldUnitsPerMeter=0.99855119
[2026-10-10 03:30:35.125] [INFO] PostRace observation: phase=Roaming complete=1 liveCount=18 registryStatus=Stable observedRacerCount=1 capturedRaceCount=0 matchingRaceIdentities=0 readOnly=1 lifetimeProven=0
[2026-10-10 03:30:35.201] [INFO] NativePrototype observation: active=1 model=0x79054b53 x=765.1 y=123.982 z=1192.82 speedMps=45.7127 displacementMeters=837.735 movementObserved=1 playerPursuitState=1 lifecycleProven=0
[2026-10-10 03:30:35.280] [INFO] FRR_MOTION_V1 capture=707000 cohort=147 generation=1 model=2030390099 timeMs=868921 dt=0.300711095 valid=1 safe=1 grounded=1 x=716.750122 y=115.464134 z=1493.42505 speed=0 speedometer=-1.75332787e-07 absolute=0 local=0 linear=0 vx=0 vy=0 vz=0 slip=0 accepted=0 window=0 ratio=0 cv=0 stable=0 metricVerified=1 worldUnitsPerMeter=0.99855119
[2026-10-10 03:30:35.577] [INFO] FRR_MOTION_V1 capture=707000 cohort=147 generation=1 model=2030390099 timeMs=869218 dt=0.296664715 valid=1 safe=1 grounded=1 x=716.750122 y=115.464134 z=1493.42505 speed=0 speedometer=-1.75332787e-07 absolute=0 local=0 linear=0 vx=0 vy=0 vz=0 slip=0 accepted=0 window=0 ratio=0 cv=0 stable=0 metricVerified=1 worldUnitsPerMeter=0.99855119
[2026-10-10 03:30:35.627] [INFO] PostRace observation: phase=Roaming complete=1 liveCount=18 registryStatus=Stable observedRacerCount=1 capturedRaceCount=0 matchingRaceIdentities=0 readOnly=1 lifetimeProven=0
[2026-10-10 03:30:35.874] [INFO] FRR_MOTION_V1 capture=707000 cohort=147 generation=1 model=2030390099 timeMs=869515 dt=0.297250807 valid=1 safe=1 grounded=1 x=716.750122 y=115.464134 z=1493.42505 speed=0 speedometer=-1.75332787e-07 absolute=0 local=0 linear=0 vx=0 vy=0 vz=0 slip=0 accepted=0 window=0 ratio=0 cv=0 stable=0 metricVerified=1 worldUnitsPerMeter=0.99855119
[2026-10-10 03:30:36.015] [WARN] NativePrototype cleanup requested reason=F8
[2026-10-10 03:30:36.015] [INFO] NativePrototype stage=retiring maxOwned=1 gameplayCallback=1
[2026-10-10 03:30:36.125] [INFO] PostRace observation: phase=Roaming complete=1 liveCount=18 registryStatus=Stable observedRacerCount=1 capturedRaceCount=0 matchingRaceIdentities=0 readOnly=1 lifetimeProven=0
[2026-10-10 03:30:36.177] [INFO] FRR_MOTION_V1 capture=707000 cohort=147 generation=1 model=2030390099 timeMs=869812 dt=0.302269697 valid=1 safe=1 grounded=1 x=716.750122 y=115.464134 z=1493.42505 speed=0 speedometer=-1.75332787e-07 absolute=0 local=0 linear=0 vx=0 vy=0 vz=0 slip=0 accepted=0 window=0 ratio=0 cv=0 stable=0 metricVerified=1 worldUnitsPerMeter=0.99855119
[2026-10-10 03:30:36.203] [WARN] NativePrototype blocked=cleanup_deferred_until_hidden_and_300m_away stage=retiring
[2026-10-10 03:30:36.491] [INFO] FRR_MOTION_V1 capture=707000 cohort=147 generation=1 model=2030390099 timeMs=870125 dt=0.315346122 valid=1 safe=1 grounded=1 x=716.750122 y=115.464134 z=1493.42505 speed=0 speedometer=-1.75332787e-07 absolute=0 local=0 linear=0 vx=0 vy=0 vz=0 slip=0 accepted=0 window=0 ratio=0 cv=0 stable=0 metricVerified=1 worldUnitsPerMeter=0.99855119
[2026-10-10 03:30:36.620] [INFO] PostRace observation: phase=Roaming complete=1 liveCount=18 registryStatus=Stable observedRacerCount=1 capturedRaceCount=0 matchingRaceIdentities=0 readOnly=1 lifetimeProven=0
[2026-10-10 03:30:36.793] [INFO] FRR_MOTION_V1 capture=707000 cohort=147 generation=1 model=2030390099 timeMs=870437 dt=0.301769972 valid=1 safe=1 grounded=1 x=716.750122 y=115.464134 z=1493.42505 speed=0 speedometer=-1.75332787e-07 absolute=0 local=0 linear=0 vx=0 vy=0 vz=0 slip=0 accepted=0 window=0 ratio=0 cv=0 stable=0 metricVerified=1 worldUnitsPerMeter=0.99855119
[2026-10-10 03:30:37.094] [INFO] FRR_MOTION_V1 capture=707000 cohort=147 generation=1 model=2030390099 timeMs=870734 dt=0.300045699 valid=1 safe=1 grounded=1 x=716.750122 y=115.464134 z=1493.42505 speed=0 speedometer=-1.75332787e-07 absolute=0 local=0 linear=0 vx=0 vy=0 vz=0 slip=0 accepted=0 window=0 ratio=0 cv=0 stable=0 metricVerified=1 worldUnitsPerMeter=0.99855119
[2026-10-10 03:30:37.124] [INFO] PostRace observation: phase=Roaming complete=1 liveCount=18 registryStatus=Stable observedRacerCount=1 capturedRaceCount=0 matchingRaceIdentities=0 readOnly=1 lifetimeProven=0
[2026-10-10 03:30:37.395] [INFO] FRR_MOTION_V1 capture=707000 cohort=147 generation=1 model=2030390099 timeMs=871031 dt=0.301730603 valid=1 safe=1 grounded=1 x=716.750122 y=115.464134 z=1493.42505 speed=0 speedometer=-1.75332787e-07 absolute=0 local=0 linear=0 vx=0 vy=0 vz=0 slip=0 accepted=0 window=0 ratio=0 cv=0 stable=0 metricVerified=1 worldUnitsPerMeter=0.99855119
[2026-10-10 03:30:37.626] [INFO] PostRace observation: phase=Roaming complete=1 liveCount=18 registryStatus=Stable observedRacerCount=1 capturedRaceCount=0 matchingRaceIdentities=0 readOnly=1 lifetimeProven=0
[2026-10-10 03:30:37.695] [INFO] FRR_MOTION_V1 capture=707000 cohort=147 generation=1 model=2030390099 timeMs=871328 dt=0.299654216 valid=1 safe=1 grounded=1 x=716.750122 y=115.464134 z=1493.42505 speed=0 speedometer=-1.75332787e-07 absolute=0 local=0 linear=0 vx=0 vy=0 vz=0 slip=0 accepted=0 window=0 ratio=0 cv=0 stable=0 metricVerified=1 worldUnitsPerMeter=0.99855119
[2026-10-10 03:30:37.996] [INFO] FRR_MOTION_V1 capture=707000 cohort=147 generation=1 model=2030390099 timeMs=871640 dt=0.300736904 valid=1 safe=1 grounded=1 x=716.750122 y=115.464134 z=1493.42505 speed=0 speedometer=-1.75332787e-07 absolute=0 local=0 linear=0 vx=0 vy=0 vz=0 slip=0 accepted=0 window=0 ratio=0 cv=0 stable=0 metricVerified=1 worldUnitsPerMeter=0.99855119
[2026-10-10 03:30:38.124] [INFO] PostRace observation: phase=Roaming complete=1 liveCount=18 registryStatus=Stable observedRacerCount=1 capturedRaceCount=0 matchingRaceIdentities=0 readOnly=1 lifetimeProven=0
[2026-10-10 03:30:38.297] [INFO] FRR_MOTION_V1 capture=707000 cohort=147 generation=1 model=2030390099 timeMs=871937 dt=0.301252186 valid=1 safe=1 grounded=1 x=716.750122 y=115.464134 z=1493.42505 speed=0 speedometer=-1.75332787e-07 absolute=0 local=0 linear=0 vx=0 vy=0 vz=0 slip=0 accepted=0 window=0 ratio=0 cv=0 stable=0 metricVerified=1 worldUnitsPerMeter=0.99855119
[2026-10-10 03:30:38.596] [INFO] FRR_MOTION_V1 capture=707000 cohort=147 generation=1 model=2030390099 timeMs=872234 dt=0.298599809 valid=1 safe=1 grounded=1 x=716.750122 y=115.464134 z=1493.42505 speed=0 speedometer=-1.75332787e-07 absolute=0 local=0 linear=0 vx=0 vy=0 vz=0 slip=0 accepted=0 window=0 ratio=0 cv=0 stable=0 metricVerified=1 worldUnitsPerMeter=0.99855119
[2026-10-10 03:30:38.626] [INFO] PostRace observation: phase=Roaming complete=1 liveCount=18 registryStatus=Stable observedRacerCount=1 capturedRaceCount=0 matchingRaceIdentities=0 readOnly=1 lifetimeProven=0
[2026-10-10 03:30:38.892] [INFO] FRR_MOTION_V1 capture=707000 cohort=147 generation=1 model=2030390099 timeMs=872531 dt=0.296172202 valid=1 safe=1 grounded=1 x=716.750122 y=115.464134 z=1493.42505 speed=0 speedometer=-1.75332787e-07 absolute=0 local=0 linear=0 vx=0 vy=0 vz=0 slip=0 accepted=0 window=0 ratio=0 cv=0 stable=0 metricVerified=1 worldUnitsPerMeter=0.99855119
[2026-10-10 03:30:39.128] [INFO] PostRace observation: phase=Roaming complete=1 liveCount=18 registryStatus=Stable observedRacerCount=1 capturedRaceCount=0 matchingRaceIdentities=0 readOnly=1 lifetimeProven=0
[2026-10-10 03:30:39.187] [INFO] FRR_MOTION_V1 capture=707000 cohort=147 generation=1 model=2030390099 timeMs=872828 dt=0.294814408 valid=1 safe=1 grounded=1 x=716.750122 y=115.464134 z=1493.42505 speed=0 speedometer=-1.75332787e-07 absolute=0 local=0 linear=0 vx=0 vy=0 vz=0 slip=0 accepted=0 window=0 ratio=0 cv=0 stable=0 metricVerified=1 worldUnitsPerMeter=0.99855119
[2026-10-10 03:30:39.497] [INFO] FRR_MOTION_V1 capture=707000 cohort=147 generation=1 model=2030390099 timeMs=873140 dt=0.311158001 valid=1 safe=1 grounded=1 x=716.750122 y=115.464134 z=1493.42505 speed=0 speedometer=-1.75332787e-07 absolute=0 local=0 linear=0 vx=0 vy=0 vz=0 slip=0 accepted=0 window=0 ratio=0 cv=0 stable=0 metricVerified=1 worldUnitsPerMeter=0.99855119
[2026-10-10 03:30:39.497] [INFO] Runtime heartbeat: mode=FreeRoamCandidate inWorld=1 raceMode=Roaming loading=0 inNIS=0 fade=0 flow=6 IVehicle=0x46EB41C PVehicle=0x46EB370 raceStatus=0xED291F8 roadNetwork=0x46CD390 pvehicleCount=57 playerCrossCheck=1 vehicles=18 human=1 traffic=13 cops=1 racers=1 none=2 nisCars=0 remote=0 unknown=0 cash=335950 careerCars=3 currentCarHandle=89 careerCompleted=0 profileKey=pseudonymous caps=[world:1,player:1,freeroam:1,road:1,roadNav:1,careerRead:1,spawnWrite:0,economyWrite:0,garageWrite:0] motion=[speed:0.000,speedometer:-0.000,absSpeed:0.000,localMag:0.000,linearMag:0.000,slip:0.000,wheels:4,units:engine/unverified] roadNav=[ai:0xECE270C,curSeg:0,curLane:0,curWidthWorld:0.0,curSpanWorld:0.0,curSegTime:0.000,curCurve:0.0000,curRoadOcc:0,curAvoidOcc:0,curOccBehind:0,futureSeg:0,futureLane:0,futureWidthWorld:0.0,navGapWorld:0.0,futureRoadOcc:0,futureAvoidOcc:0,seekDistWorld:1660.5,seekProjWorld:0.0,farDistWorld:1660.5,farProjWorld:0.0,playerPos:(716.8,115.5,1493.4),seek:(0.0,0.0,0.0),far:(0.0,0.0,0.0),units:world]
[2026-10-10 03:30:39.497] [INFO] Vehicle-spatial observation: registryComplete=1 registryCount=18 enabledActive=15 ignoredInactive=3 boxes=15 failedSpatialReads=0 halfExtentSemanticsResearchBacked=1 learnedModels=12 verifiedLearnedModels=12 catalogFootprintKey=0x79054B53
[2026-10-10 03:30:39.497] [INFO] Primary-camera observation: coherent=1 viewId=1 coordinateMapping=sim(z,-x,y)_to_render fullPlayerViewCoverageVerified=0 renderEnvelopeVerified=0 spawnVisibilityVerified=0
[2026-10-10 03:30:39.497] [INFO] Road-candidate observations: count=4 exactUsable=0 [CurrentRoad:RoadInvalid,seg=0,lane=0,distWorld=1660.5,projWorld=0.0,pointOccupancy=clear,fleetChecked=15,fleetInvalid=0,nearestVehicleGapWorld=1204.2,selectedRivalId=18331059014694192571,selectedVehicleKey=0x79054b53,preconstructionOverlap=unverified,overlapVerified=0,promotion=RoadInvalid,primaryCamera=unverified,separatingPlane=-1,completeSpawnVisibilityVerified=0] [FutureRoad:RoadInvalid,seg=0,lane=0,distWorld=1660.5,projWorld=0.0,pointOccupancy=clear,fleetChecked=15,fleetInvalid=0,nearestVehicleGapWorld=1204.2,selectedRivalId=18331059014694192571,selectedVehicleKey=0x79054b53,preconstructionOverlap=unverified,overlapVerified=0,promotion=RoadInvalid,primaryCamera=unverified,separatingPlane=-1,completeSpawnVisibilityVerified=0] [SeekAhead:RoadGeometryAssociationUnverified,seg=0,lane=0,distWorld=1660.5,projWorld=0.0,pointOccupancy=clear,fleetChecked=15,fleetInvalid=0,nearestVehicleGapWorld=1204.2,selectedRivalId=18331059014694192571,selectedVehicleKey=0x79054b53,preconstructionOverlap=unverified,overlapVerified=0,promotion=RoadGeometryAssociationUnverified,primaryCamera=unverified,separatingPlane=-1,completeSpawnVisibilityVerified=0] [FarFuture:RoadGeometryAssociationUnverified,seg=0,lane=0,distWorld=1660.5,projWorld=0.0,pointOccupancy=clear,fleetChecked=15,fleetInvalid=0,nearestVehicleGapWorld=1204.2,selectedRivalId=18331059014694192571,selectedVehicleKey=0x79054b53,preconstructionOverlap=unverified,overlapVerified=0,promotion=RoadGeometryAssociationUnverified,primaryCamera=unverified,separatingPlane=-1,completeSpawnVisibilityVerified=0]
[2026-10-10 03:30:39.498] [INFO] World-collision evidence: addressAvailable=1 gameplayThreadConfirmed=1 result=pending_or_unavailable cameraVisibilityVerified=0 streamingVerified=0
[2026-10-10 03:30:39.498] [INFO] Motion-scale observation: accepted=441 rejected=73 window=0 worldUnitsPerSpeedUnitSecond=0.00000 cv=0.00000 speedometerToSpeedRatio=0.00000 absoluteToSpeedRatio=0.00000 speedToLocalRatio=0.00000 speedToLinearRatio=0.00000 stable=0 metricVerified=1 worldUnitsPerMeter=0.99855
[2026-10-10 03:30:39.625] [INFO] PostRace observation: phase=Roaming complete=1 liveCount=18 registryStatus=Stable observedRacerCount=1 capturedRaceCount=0 matchingRaceIdentities=0 readOnly=1 lifetimeProven=0
[2026-10-10 03:30:39.795] [INFO] FRR_MOTION_V1 capture=707000 cohort=147 generation=1 model=2030390099 timeMs=873437 dt=0.297194302 valid=1 safe=1 grounded=1 x=716.750122 y=115.464134 z=1493.42505 speed=0 speedometer=-1.75332787e-07 absolute=0 local=0 linear=0 vx=0 vy=0 vz=0 slip=0 accepted=0 window=0 ratio=0 cv=0 stable=0 metricVerified=1 worldUnitsPerMeter=0.99855119
[2026-10-10 03:30:40.085] [INFO] FRR_MOTION_V1 capture=707000 cohort=147 generation=1 model=2030390099 timeMs=873718 dt=0.28936258 valid=1 safe=1 grounded=1 x=716.750122 y=115.464134 z=1493.42505 speed=0 speedometer=-1.75332787e-07 absolute=0 local=0 linear=0 vx=0 vy=0 vz=0 slip=0 accepted=0 window=0 ratio=0 cv=0 stable=0 metricVerified=1 worldUnitsPerMeter=0.99855119
[2026-10-10 03:30:40.124] [INFO] PostRace observation: phase=Roaming complete=1 liveCount=18 registryStatus=Stable observedRacerCount=1 capturedRaceCount=0 matchingRaceIdentities=0 readOnly=1 lifetimeProven=0
[2026-10-10 03:30:40.382] [INFO] FRR_MOTION_V1 capture=707000 cohort=147 generation=1 model=2030390099 timeMs=874015 dt=0.297458827 valid=1 safe=1 grounded=1 x=716.750122 y=115.464134 z=1493.42505 speed=0 speedometer=-1.75332787e-07 absolute=0 local=0 linear=0 vx=0 vy=0 vz=0 slip=0 accepted=0 window=0 ratio=0 cv=0 stable=0 metricVerified=1 worldUnitsPerMeter=0.99855119
[2026-10-10 03:30:40.624] [INFO] PostRace observation: phase=Roaming complete=1 liveCount=18 registryStatus=Stable observedRacerCount=1 capturedRaceCount=0 matchingRaceIdentities=0 readOnly=1 lifetimeProven=0
[2026-10-10 03:30:40.687] [INFO] FRR_MOTION_V1 capture=707000 cohort=147 generation=1 model=2030390099 timeMs=874328 dt=0.305283725 valid=1 safe=1 grounded=1 x=716.750122 y=115.464134 z=1493.42505 speed=0 speedometer=-1.75332787e-07 absolute=0 local=0 linear=0 vx=0 vy=0 vz=0 slip=0 accepted=0 window=0 ratio=0 cv=0 stable=0 metricVerified=1 worldUnitsPerMeter=0.99855119
[2026-10-10 03:30:41.001] [INFO] FRR_MOTION_V1 capture=707000 cohort=147 generation=1 model=2030390099 timeMs=874640 dt=0.313435286 valid=1 safe=1 grounded=1 x=716.750122 y=115.464134 z=1493.42505 speed=0 speedometer=-1.75332787e-07 absolute=0 local=0 linear=0 vx=0 vy=0 vz=0 slip=0 accepted=0 window=0 ratio=0 cv=0 stable=0 metricVerified=1 worldUnitsPerMeter=0.99855119
[2026-10-10 03:30:41.128] [INFO] PostRace observation: phase=Roaming complete=1 liveCount=18 registryStatus=Stable observedRacerCount=1 capturedRaceCount=0 matchingRaceIdentities=0 readOnly=1 lifetimeProven=0
[2026-10-10 03:30:41.211] [WARN] NativePrototype blocked=cleanup_deferred_until_hidden_and_300m_away stage=retiring
[2026-10-10 03:30:41.299] [INFO] FRR_MOTION_V1 capture=707000 cohort=147 generation=1 model=2030390099 timeMs=874937 dt=0.29818508 valid=1 safe=1 grounded=1 x=716.750122 y=115.464134 z=1493.42505 speed=0 speedometer=-1.75332787e-07 absolute=0 local=0 linear=0 vx=0 vy=0 vz=0 slip=0 accepted=0 window=0 ratio=0 cv=0 stable=0 metricVerified=1 worldUnitsPerMeter=0.99855119
[2026-10-10 03:30:41.599] [INFO] FRR_MOTION_V1 capture=707000 cohort=147 generation=1 model=2030390099 timeMs=875234 dt=0.300135404 valid=1 safe=1 grounded=1 x=716.750122 y=115.464172 z=1493.42505 speed=-0.00485559367 speedometer=-1.75332787e-07 absolute=0.00485559367 local=0.00485559367 linear=0.00485559367 vx=-0.000820201705 vy=0.00451851357 vz=0.00157705205 slip=0.00735473633 accepted=0 window=0 ratio=0 cv=0 stable=0 metricVerified=1 worldUnitsPerMeter=0.99855119
[2026-10-10 03:30:41.619] [INFO] PostRace observation: phase=Roaming complete=1 liveCount=18 registryStatus=Stable observedRacerCount=1 capturedRaceCount=0 matchingRaceIdentities=0 readOnly=1 lifetimeProven=0
[2026-10-10 03:30:41.896] [INFO] FRR_MOTION_V1 capture=707000 cohort=147 generation=1 model=2030390099 timeMs=875531 dt=0.29733789 valid=1 safe=1 grounded=1 x=716.676636 y=115.464676 z=1493.58374 speed=-1.27126408 speedometer=1.75284374 absolute=1.27126408 local=1.27126408 linear=1.27126408 vx=-0.533452272 vy=-0.0087328786 vz=1.15389109 slip=0.000289916992 accepted=0 window=0 ratio=0 cv=0 stable=0 metricVerified=1 worldUnitsPerMeter=0.99855119
[2026-10-10 03:30:42.121] [INFO] PostRace observation: phase=Roaming complete=1 liveCount=18 registryStatus=Stable observedRacerCount=1 capturedRaceCount=0 matchingRaceIdentities=0 readOnly=1 lifetimeProven=0
[2026-10-10 03:30:42.189] [INFO] FRR_MOTION_V1 capture=707000 cohort=147 generation=1 model=2030390099 timeMs=875828 dt=0.292770505 valid=1 safe=1 grounded=1 x=716.425598 y=115.461235 z=1494.1272 speed=-2.8430233 speedometer=3.54180503 absolute=2.8430233 local=2.84302282 linear=2.8430233 vx=-1.19252765 vy=-0.0153596234 vz=2.58077955 slip=0.000259399414 accepted=0 window=0 ratio=0 cv=0 stable=0 metricVerified=1 worldUnitsPerMeter=0.99855119
[2026-10-10 03:30:42.490] [INFO] FRR_MOTION_V1 capture=707000 cohort=147 generation=1 model=2030390099 timeMs=876125 dt=0.30099538 valid=1 safe=1 grounded=1 x=715.95575 y=115.455269 z=1495.1438 speed=-4.61851788 speedometer=5.14253807 absolute=4.61851788 local=4.61851788 linear=4.61851788 vx=-1.93731332 vy=-0.023909159 vz=4.19248772 slip=0.000259399414 accepted=0 window=0 ratio=0 cv=0 stable=0 metricVerified=1 worldUnitsPerMeter=0.99855119
[2026-10-10 03:30:42.624] [INFO] PostRace observation: phase=Roaming complete=1 liveCount=18 registryStatus=Stable observedRacerCount=1 capturedRaceCount=0 matchingRaceIdentities=0 readOnly=1 lifetimeProven=0
[2026-10-10 03:30:42.783] [INFO] FRR_MOTION_V1 capture=707000 cohort=147 generation=1 model=2030390099 timeMs=876421 dt=0.293228596 valid=1 safe=1 grounded=1 x=715.269409 y=115.445305 z=1496.63379 speed=-6.45487022 speedometer=6.47634649 absolute=6.45487022 local=6.45487118 linear=6.45487022 vx=-2.70417929 vy=-0.0332078449 vz=5.86102867 slip=0.00016784668 accepted=0 window=0 ratio=0 cv=0 stable=0 metricVerified=1 worldUnitsPerMeter=0.99855119
[2026-10-10 03:30:43.076] [INFO] FRR_MOTION_V1 capture=707000 cohort=147 generation=1 model=2030390099 timeMs=876718 dt=0.292289704 valid=1 safe=1 grounded=1 x=714.371826 y=115.431778 z=1498.58203 speed=-8.2104702 speedometer=8.15969849 absolute=8.2104702 local=8.21047211 linear=8.2104702 vx=-3.43394351 vy=-0.0652097687 vz=7.45758724 slip=6.10351562e-05 accepted=0 window=0 ratio=0 cv=0 stable=0 metricVerified=1 worldUnitsPerMeter=0.99855119
[2026-10-10 03:30:43.125] [INFO] PostRace observation: phase=Roaming complete=1 liveCount=18 registryStatus=Stable observedRacerCount=1 capturedRaceCount=0 matchingRaceIdentities=0 readOnly=1 lifetimeProven=0
[2026-10-10 03:30:43.365] [INFO] FRR_MOTION_V1 capture=707000 cohort=147 generation=1 model=2030390099 timeMs=877000 dt=0.288674414 valid=1 safe=1 grounded=1 x=713.279724 y=115.415199 z=1500.95532 speed=-9.92751122 speedometer=9.87715912 absolute=9.92751122 local=9.92751217 linear=9.92751122 vx=-4.14421463 vy=-0.0671629086 vz=9.02089024 slip=-3.05175781e-05 accepted=0 window=0 ratio=0 cv=0 stable=0 metricVerified=1 worldUnitsPerMeter=0.99855119
[2026-10-10 03:30:43.625] [INFO] PostRace observation: phase=Roaming complete=1 liveCount=18 registryStatus=Stable observedRacerCount=1 capturedRaceCount=0 matchingRaceIdentities=0 readOnly=1 lifetimeProven=0
[2026-10-10 03:30:43.663] [INFO] FRR_MOTION_V1 capture=707000 cohort=147 generation=1 model=2030390099 timeMs=877296 dt=0.299220085 valid=1 safe=1 grounded=1 x=711.92218 y=115.397781 z=1503.91052 speed=-11.7184076 speedometer=11.6696491 absolute=11.7184076 local=11.7184105 linear=11.7184076 vx=-4.89163685 vy=-0.057781361 vz=10.6484566 slip=-3.05175781e-05 accepted=0 window=0 ratio=0 cv=0 stable=0 metricVerified=1 worldUnitsPerMeter=0.99855119
[2026-10-10 03:30:43.956] [INFO] FRR_MOTION_V1 capture=707000 cohort=147 generation=1 model=2030390099 timeMs=877593 dt=0.292704105 valid=1 safe=1 grounded=1 x=710.390259 y=115.381462 z=1507.24451 speed=-13.4070673 speedometer=13.3592997 absolute=13.4070673 local=13.4070692 linear=13.4070673 vx=-5.59887791 vy=-0.06406793 vz=12.1818686 slip=0 accepted=0 window=0 ratio=0 cv=0 stable=0 metricVerified=1 worldUnitsPerMeter=0.99855119
[2026-10-10 03:30:44.124] [INFO] PostRace observation: phase=Roaming complete=1 liveCount=18 registryStatus=Stable observedRacerCount=1 capturedRaceCount=0 matchingRaceIdentities=0 readOnly=1 lifetimeProven=0
[2026-10-10 03:30:44.254] [INFO] FRR_MOTION_V1 capture=707000 cohort=147 generation=1 model=2030390099 timeMs=877890 dt=0.298617601 valid=1 safe=1 grounded=1 x=708.67926 y=115.36084 z=1511.13965 speed=-14.5376205 speedometer=13.8922739 absolute=14.5376205 local=14.5376205 linear=14.5376205 vx=-5.07301664 vy=-0.0657004416 vz=13.6236038 slip=-0.0140686035 accepted=0 window=0 ratio=0 cv=0 stable=0 metricVerified=1 worldUnitsPerMeter=0.99855119
[2026-10-10 03:30:44.549] [INFO] FRR_MOTION_V1 capture=707000 cohort=147 generation=1 model=2030390099 timeMs=878187 dt=0.293695986 valid=1 safe=1 grounded=1 x=707.32135 y=115.34333 z=1514.95337 speed=-13.1638775 speedometer=13.1734152 absolute=13.1638775 local=13.1638813 linear=13.1638775 vx=-4.40743256 vy=-0.0576686338 vz=12.403986 slip=-0.0498962402 accepted=0 window=0 ratio=0 cv=0 stable=0 metricVerified=1 worldUnitsPerMeter=0.99855119
[2026-10-10 03:30:44.626] [INFO] PostRace observation: phase=Roaming complete=1 liveCount=18 registryStatus=Stable observedRacerCount=1 capturedRaceCount=0 matchingRaceIdentities=0 readOnly=1 lifetimeProven=0
[2026-10-10 03:30:44.839] [INFO] FRR_MOTION_V1 capture=707000 cohort=147 generation=1 model=2030390099 timeMs=878484 dt=0.290125698 valid=1 safe=1 grounded=1 x=705.925781 y=115.323792 z=1518.35962 speed=-12.2245216 speedometer=13.5261011 absolute=12.2245216 local=12.2245226 linear=12.2245216 vx=-6.27052736 vy=-0.0650008097 vz=10.4935789 slip=-0.0912628174 accepted=0 window=0 ratio=0 cv=0 stable=0 metricVerified=1 worldUnitsPerMeter=0.99855119
[2026-10-10 03:30:45.074] [INFO] FRR_MOTION_V1 capture=707000 cohort=147 generation=1 model=2030390099 timeMs=878718 dt=0.235288799 valid=1 safe=1 grounded=1 x=704.238892 y=115.311951 z=1520.45752 speed=-8.89654922 speedometer=9.90701389 absolute=8.89654922 local=8.89655113 linear=8.89654922 vx=-6.20617294 vy=-0.0339759439 vz=6.37423372 slip=-0.126266479 accepted=0 window=0 ratio=0 cv=0 stable=0 metricVerified=1 worldUnitsPerMeter=0.99855119
[2026-10-10 03:30:45.121] [INFO] PostRace observation: phase=Roaming complete=1 liveCount=18 registryStatus=Stable observedRacerCount=1 capturedRaceCount=0 matchingRaceIdentities=0 readOnly=1 lifetimeProven=0
[2026-10-10 03:30:45.271] [INFO] FRR_MOTION_V1 capture=707000 cohort=147 generation=1 model=2030390099 timeMs=878906 dt=0.197508305 valid=1 safe=1 grounded=1 x=703.359192 y=115.309624 z=1521.36804 speed=-4.19626474 speedometer=1.87204504 absolute=4.19626474 local=4.19626474 linear=4.19626474 vx=-2.79629183 vy=-0.00357313245 vz=3.12879777 slip=-0.189468384 accepted=0 window=0 ratio=0 cv=0 stable=0 metricVerified=1 worldUnitsPerMeter=0.99855119
[2026-10-10 03:30:45.271] [INFO] Runtime heartbeat: mode=FreeRoamCandidate inWorld=1 raceMode=Roaming loading=0 inNIS=0 fade=0 flow=6 IVehicle=0x46EB41C PVehicle=0x46EB370 raceStatus=0xED291F8 roadNetwork=0x46CD390 pvehicleCount=57 playerCrossCheck=1 vehicles=18 human=1 traffic=13 cops=1 racers=1 none=2 nisCars=0 remote=0 unknown=0 cash=335950 careerCars=3 currentCarHandle=89 careerCompleted=0 profileKey=pseudonymous caps=[world:1,player:1,freeroam:1,road:1,roadNav:1,careerRead:1,spawnWrite:0,economyWrite:0,garageWrite:0] motion=[speed:-4.196,speedometer:1.872,absSpeed:4.196,localMag:4.196,linearMag:4.196,slip:-0.189,wheels:4,units:engine/unverified] roadNav=[ai:0xECE270C,curSeg:0,curLane:0,curWidthWorld:0.0,curSpanWorld:0.0,curSegTime:0.000,curCurve:0.0000,curRoadOcc:0,curAvoidOcc:0,curOccBehind:0,futureSeg:0,futureLane:0,futureWidthWorld:0.0,navGapWorld:0.0,futureRoadOcc:0,futureAvoidOcc:0,seekDistWorld:1680.1,seekProjWorld:0.0,farDistWorld:1680.1,farProjWorld:0.0,playerPos:(703.4,115.3,1521.4),seek:(0.0,0.0,0.0),far:(0.0,0.0,0.0),units:world]
[2026-10-10 03:30:45.271] [INFO] Vehicle-spatial observation: registryComplete=1 registryCount=18 enabledActive=15 ignoredInactive=3 boxes=15 failedSpatialReads=0 halfExtentSemanticsResearchBacked=1 learnedModels=12 verifiedLearnedModels=12 catalogFootprintKey=0x79054B53
[2026-10-10 03:30:45.271] [INFO] Primary-camera observation: coherent=1 viewId=1 coordinateMapping=sim(z,-x,y)_to_render fullPlayerViewCoverageVerified=0 renderEnvelopeVerified=0 spawnVisibilityVerified=0
[2026-10-10 03:30:45.272] [INFO] Road-candidate observations: count=4 exactUsable=0 [CurrentRoad:RoadInvalid,seg=0,lane=0,distWorld=1680.1,projWorld=0.0,pointOccupancy=clear,fleetChecked=15,fleetInvalid=0,nearestVehicleGapWorld=938.5,selectedRivalId=18331059014694192571,selectedVehicleKey=0x79054b53,preconstructionOverlap=unverified,overlapVerified=0,promotion=RoadInvalid,primaryCamera=unverified,separatingPlane=-1,completeSpawnVisibilityVerified=0] [FutureRoad:RoadInvalid,seg=0,lane=0,distWorld=1680.1,projWorld=0.0,pointOccupancy=clear,fleetChecked=15,fleetInvalid=0,nearestVehicleGapWorld=938.5,selectedRivalId=18331059014694192571,selectedVehicleKey=0x79054b53,preconstructionOverlap=unverified,overlapVerified=0,promotion=RoadInvalid,primaryCamera=unverified,separatingPlane=-1,completeSpawnVisibilityVerified=0] [SeekAhead:RoadGeometryAssociationUnverified,seg=0,lane=0,distWorld=1680.1,projWorld=0.0,pointOccupancy=clear,fleetChecked=15,fleetInvalid=0,nearestVehicleGapWorld=938.5,selectedRivalId=18331059014694192571,selectedVehicleKey=0x79054b53,preconstructionOverlap=unverified,overlapVerified=0,promotion=RoadGeometryAssociationUnverified,primaryCamera=unverified,separatingPlane=-1,completeSpawnVisibilityVerified=0] [FarFuture:RoadGeometryAssociationUnverified,seg=0,lane=0,distWorld=1680.1,projWorld=0.0,pointOccupancy=clear,fleetChecked=15,fleetInvalid=0,nearestVehicleGapWorld=938.5,selectedRivalId=18331059014694192571,selectedVehicleKey=0x79054b53,preconstructionOverlap=unverified,overlapVerified=0,promotion=RoadGeometryAssociationUnverified,primaryCamera=unverified,separatingPlane=-1,completeSpawnVisibilityVerified=0]
[2026-10-10 03:30:45.272] [INFO] World-collision evidence: addressAvailable=1 gameplayThreadConfirmed=1 result=pending_or_unavailable cameraVisibilityVerified=0 streamingVerified=0
[2026-10-10 03:30:45.272] [INFO] Motion-scale observation: accepted=441 rejected=93 window=0 worldUnitsPerSpeedUnitSecond=0.00000 cv=0.00000 speedometerToSpeedRatio=0.00000 absoluteToSpeedRatio=0.00000 speedToLocalRatio=0.00000 speedToLinearRatio=0.00000 stable=0 metricVerified=1 worldUnitsPerMeter=0.99855
[2026-10-10 03:30:45.463] [INFO] FRR_MOTION_V1 capture=707000 cohort=147 generation=1 model=2030390099 timeMs=879109 dt=0.191776186 valid=1 safe=1 grounded=1 x=702.993896 y=115.307617 z=1521.80493 speed=2.34513474 speedometer=1.87204504 absolute=2.34513474 local=2.34513497 linear=2.34513474 vx=-1.25431061 vy=-0.00948861428 vz=1.98148227 slip=-0.230926514 accepted=0 window=0 ratio=0 cv=0 stable=0 metricVerified=1 worldUnitsPerMeter=0.99855119
[2026-10-10 03:30:45.621] [INFO] PostRace observation: phase=Roaming complete=1 liveCount=18 registryStatus=Stable observedRacerCount=1 capturedRaceCount=0 matchingRaceIdentities=0 readOnly=1 lifetimeProven=0
[2026-10-10 03:30:45.670] [INFO] FRR_MOTION_V1 capture=707000 cohort=147 generation=1 model=2030390099 timeMs=879312 dt=0.207862213 valid=1 safe=1 grounded=1 x=702.812866 y=115.305428 z=1522.29919 speed=2.66753507 speedometer=1.87204504 absolute=2.66753507 local=2.66753507 linear=2.66753507 vx=-0.48451969 vy=-0.0126112839 vz=2.62313271 slip=-0.115768433 accepted=1 window=1 ratio=1.01037359 cv=0 stable=0 metricVerified=1 worldUnitsPerMeter=0.99855119
[2026-10-10 03:30:45.901] [INFO] FRR_MOTION_V1 capture=707000 cohort=147 generation=1 model=2030390099 timeMs=879546 dt=0.230514899 valid=1 safe=1 grounded=1 x=702.706909 y=115.302139 z=1523.02466 speed=3.75877762 speedometer=1.87204504 absolute=3.75877762 local=3.75877786 linear=3.75877762 vx=-0.391380042 vy=-0.0156876128 vz=3.7383132 slip=-0.0577850342 accepted=0 window=0 ratio=0 cv=0 stable=0 metricVerified=1 worldUnitsPerMeter=0.99855119
[2026-10-10 03:30:46.120] [INFO] PostRace observation: phase=Roaming complete=1 liveCount=18 registryStatus=Stable observedRacerCount=1 capturedRaceCount=0 matchingRaceIdentities=0 readOnly=1 lifetimeProven=0
[2026-10-10 03:30:46.185] [INFO] FRR_MOTION_V1 capture=707000 cohort=147 generation=1 model=2030390099 timeMs=879828 dt=0.283781409 valid=1 safe=1 grounded=1 x=702.606018 y=115.297005 z=1524.21997 speed=4.10092449 speedometer=4.39332676 absolute=4.10092449 local=4.10092449 linear=4.10092449 vx=0.167124197 vy=-0.0166222882 vz=4.09748411 slip=0.00207519531 accepted=1 window=1 ratio=1.07564008 cv=0 stable=0 metricVerified=1 worldUnitsPerMeter=0.99855119
[2026-10-10 03:30:46.210] [WARN] NativePrototype blocked=cleanup_deferred_until_hidden_and_300m_away stage=retiring
[2026-10-10 03:30:46.474] [INFO] FRR_MOTION_V1 capture=707000 cohort=147 generation=1 model=2030390099 timeMs=880109 dt=0.288634926 valid=1 safe=1 grounded=1 x=702.623291 y=115.293503 z=1525.54639 speed=4.94850063 speedometer=5.05857229 absolute=4.94850063 local=4.94850063 linear=4.94850063 vx=-0.277209133 vy=-0.0104814041 vz=4.94071913 slip=0.0009765625 accepted=1 window=2 ratio=1.04568493 cv=0.0286464375 stable=0 metricVerified=1 worldUnitsPerMeter=0.99855119
[2026-10-10 03:30:46.621] [INFO] PostRace observation: phase=Roaming complete=1 liveCount=18 registryStatus=Stable observedRacerCount=1 capturedRaceCount=0 matchingRaceIdentities=0 readOnly=1 lifetimeProven=0
[2026-10-10 03:30:46.759] [INFO] FRR_MOTION_V1 capture=707000 cohort=147 generation=1 model=2030390099 timeMs=880406 dt=0.286038011 valid=1 safe=1 grounded=1 x=702.573059 y=115.292679 z=1526.39343 speed=1.75088525 speedometer=4.64739323 absolute=1.75088525 local=1.75088525 linear=1.75088525 vx=-0.15847975 vy=0.00862195808 vz=1.7436769 slip=-0.00314331055 accepted=0 window=0 ratio=0 cv=0 stable=0 metricVerified=1 worldUnitsPerMeter=0.99855119
[2026-10-10 03:30:47.040] [INFO] FRR_MOTION_V1 capture=707000 cohort=147 generation=1 model=2030390099 timeMs=880687 dt=0.280486673 valid=1 safe=1 grounded=1 x=702.453613 y=115.291138 z=1527.06079 speed=2.85707307 speedometer=3.48661661 absolute=2.85707307 local=2.85707283 linear=2.85707307 vx=-0.82400775 vy=-0.0136498269 vz=2.73563361 slip=-0.0293731689 accepted=0 window=0 ratio=0 cv=0 stable=0 metricVerified=1 worldUnitsPerMeter=0.99855119
[2026-10-10 03:30:47.124] [INFO] PostRace observation: phase=Roaming complete=1 liveCount=18 registryStatus=Stable observedRacerCount=1 capturedRaceCount=0 matchingRaceIdentities=0 readOnly=1 lifetimeProven=0
[2026-10-10 03:30:47.321] [INFO] FRR_MOTION_V1 capture=707000 cohort=147 generation=1 model=2030390099 timeMs=880953 dt=0.280209899 valid=1 safe=1 grounded=1 x=702.357239 y=115.286835 z=1527.37073 speed=0 speedometer=-1.75332787e-07 absolute=0 local=0 linear=0 vx=-0 vy=0 vz=0 slip=0 accepted=0 window=0 ratio=0 cv=0 stable=0 metricVerified=1 worldUnitsPerMeter=0.99855119
[2026-10-10 03:30:47.599] [INFO] FRR_MOTION_V1 capture=707000 cohort=147 generation=1 model=2030390099 timeMs=881234 dt=0.278643906 valid=1 safe=1 grounded=1 x=702.357239 y=115.286835 z=1527.37073 speed=0 speedometer=-1.75332787e-07 absolute=0 local=0 linear=0 vx=-0 vy=0 vz=0 slip=0 accepted=0 window=0 ratio=0 cv=0 stable=0 metricVerified=1 worldUnitsPerMeter=0.99855119
[2026-10-10 03:30:47.620] [INFO] PostRace observation: phase=Roaming complete=1 liveCount=18 registryStatus=Stable observedRacerCount=1 capturedRaceCount=0 matchingRaceIdentities=0 readOnly=1 lifetimeProven=0
[2026-10-10 03:30:47.886] [INFO] FRR_MOTION_V1 capture=707000 cohort=147 generation=1 model=2030390099 timeMs=881531 dt=0.286797196 valid=1 safe=1 grounded=1 x=702.357239 y=115.286835 z=1527.37073 speed=0 speedometer=-1.75332787e-07 absolute=0 local=0 linear=0 vx=-0 vy=0 vz=0 slip=0 accepted=0 window=0 ratio=0 cv=0 stable=0 metricVerified=1 worldUnitsPerMeter=0.99855119
[2026-10-10 03:30:48.127] [INFO] PostRace observation: phase=Roaming complete=1 liveCount=18 registryStatus=Stable observedRacerCount=1 capturedRaceCount=0 matchingRaceIdentities=0 readOnly=1 lifetimeProven=0
[2026-10-10 03:30:48.165] [INFO] FRR_MOTION_V1 capture=707000 cohort=147 generation=1 model=2030390099 timeMs=881812 dt=0.2791273 valid=1 safe=1 grounded=1 x=702.357239 y=115.286835 z=1527.37073 speed=0 speedometer=-1.75332787e-07 absolute=0 local=0 linear=0 vx=-0 vy=0 vz=0 slip=0 accepted=0 window=0 ratio=0 cv=0 stable=0 metricVerified=1 worldUnitsPerMeter=0.99855119
[2026-10-10 03:30:48.394] [INFO] FRR_MOTION_V1 capture=707000 cohort=148 generation=1 model=2030390099 timeMs=882031 dt=0 valid=1 safe=0 grounded=1 x=702.357239 y=115.286835 z=1527.37073 speed=0 speedometer=-1.75332787e-07 absolute=0 local=0 linear=0 vx=-0 vy=0 vz=0 slip=0 accepted=0 window=0 ratio=0 cv=0 stable=0 metricVerified=1 worldUnitsPerMeter=0.99855119
[2026-10-10 03:30:48.394] [INFO] Runtime state changed: mode=Transition inWorld=1 raceMode=Roaming loading=0 inNIS=0 fade=1 flow=6 IVehicle=0x46EB41C PVehicle=0x46EB370 raceStatus=0xED291F8 roadNetwork=0x46CD390 pvehicleCount=57 playerCrossCheck=1 vehicles=18 human=1 traffic=13 cops=1 racers=1 none=2 nisCars=0 remote=0 unknown=0 cash=335950 careerCars=3 currentCarHandle=89 careerCompleted=0 profileKey=pseudonymous caps=[world:1,player:1,freeroam:0,road:1,roadNav:1,careerRead:1,spawnWrite:0,economyWrite:0,garageWrite:0] motion=[speed:0.000,speedometer:-0.000,absSpeed:0.000,localMag:0.000,linearMag:0.000,slip:0.000,wheels:4,units:engine/unverified] roadNav=[ai:0xECE270C,curSeg:0,curLane:0,curWidthWorld:0.0,curSpanWorld:0.0,curSegTime:0.000,curCurve:0.0000,curRoadOcc:0,curAvoidOcc:0,curOccBehind:0,futureSeg:0,futureLane:0,futureWidthWorld:0.0,navGapWorld:0.0,futureRoadOcc:0,futureAvoidOcc:0,seekDistWorld:1685.1,seekProjWorld:0.0,farDistWorld:1685.1,farProjWorld:0.0,playerPos:(702.4,115.3,1527.4),seek:(0.0,0.0,0.0),far:(0.0,0.0,0.0),units:world]
[2026-10-10 03:30:48.450] [WARN] NativePrototype blocked=world_transition_no_old_pointer_reads stage=retiring
[2026-10-10 03:30:48.598] [INFO] FRR_MOTION_V1 capture=707000 cohort=149 generation=1 model=2030390099 timeMs=882234 dt=0 valid=1 safe=0 grounded=1 x=702.357239 y=115.286835 z=1527.37073 speed=0 speedometer=-1.75332787e-07 absolute=0 local=0 linear=0 vx=-0 vy=0 vz=0 slip=0 accepted=0 window=0 ratio=0 cv=0 stable=0 metricVerified=1 worldUnitsPerMeter=0.99855119
[2026-10-10 03:30:48.620] [INFO] PostRace observation revoked: inWorld=1 nis=0 fade=1 loading=0 playerCrossCheck=1 raceEvidenceRetained=0 capturedRaceCount=0 readOnly=1 lifetimeProven=0
[2026-10-10 03:30:48.812] [INFO] FRR_MOTION_V1 capture=707000 cohort=150 generation=1 model=2030390099 timeMs=882453 dt=0 valid=1 safe=0 grounded=1 x=702.357239 y=115.286835 z=1527.37073 speed=0 speedometer=-1.75332787e-07 absolute=0 local=0 linear=0 vx=-0 vy=0 vz=0 slip=0 accepted=0 window=0 ratio=0 cv=0 stable=0 metricVerified=1 worldUnitsPerMeter=0.99855119
[2026-10-10 03:30:49.018] [INFO] FRR_MOTION_V1 capture=707000 cohort=151 generation=1 model=2030390099 timeMs=882656 dt=0 valid=1 safe=0 grounded=1 x=702.357239 y=115.286835 z=1527.37073 speed=0 speedometer=-1.75332787e-07 absolute=0 local=0 linear=0 vx=-0 vy=0 vz=0 slip=0 accepted=0 window=0 ratio=0 cv=0 stable=0 metricVerified=1 worldUnitsPerMeter=0.99855119
[2026-10-10 03:30:49.120] [INFO] PostRace observation revoked: inWorld=1 nis=0 fade=1 loading=0 playerCrossCheck=1 raceEvidenceRetained=0 capturedRaceCount=0 readOnly=1 lifetimeProven=0
[2026-10-10 03:30:49.226] [INFO] FRR_MOTION_V1 capture=707000 cohort=152 generation=1 model=2030390099 timeMs=882859 dt=0 valid=1 safe=0 grounded=1 x=702.357239 y=115.286835 z=1527.37073 speed=0 speedometer=-1.75332787e-07 absolute=0 local=0 linear=0 vx=-0 vy=0 vz=0 slip=0 accepted=0 window=0 ratio=0 cv=0 stable=0 metricVerified=1 worldUnitsPerMeter=0.99855119
[2026-10-10 03:30:49.428] [INFO] FRR_MOTION_V1 capture=707000 cohort=153 generation=1 model=2030390099 timeMs=883062 dt=0 valid=1 safe=0 grounded=1 x=702.357239 y=115.286835 z=1527.37073 speed=0 speedometer=-1.75332787e-07 absolute=0 local=0 linear=0 vx=-0 vy=0 vz=0 slip=0 accepted=0 window=0 ratio=0 cv=0 stable=0 metricVerified=1 worldUnitsPerMeter=0.99855119
[2026-10-10 03:30:49.624] [INFO] PostRace observation revoked: inWorld=1 nis=0 fade=1 loading=0 playerCrossCheck=1 raceEvidenceRetained=0 capturedRaceCount=0 readOnly=1 lifetimeProven=0
[2026-10-10 03:30:49.640] [INFO] FRR_MOTION_V1 capture=707000 cohort=154 generation=1 model=2030390099 timeMs=883281 dt=0 valid=1 safe=0 grounded=1 x=702.357239 y=115.286835 z=1527.37073 speed=0 speedometer=-1.75332787e-07 absolute=0 local=0 linear=0 vx=-0 vy=0 vz=0 slip=0 accepted=0 window=0 ratio=0 cv=0 stable=0 metricVerified=1 worldUnitsPerMeter=0.99855119
[2026-10-10 03:30:49.855] [INFO] FRR_MOTION_V1 capture=707000 cohort=155 generation=1 model=2030390099 timeMs=883500 dt=0 valid=1 safe=0 grounded=1 x=702.357239 y=115.286835 z=1527.37073 speed=0 speedometer=-1.75332787e-07 absolute=0 local=0 linear=0 vx=-0 vy=0 vz=0 slip=0 accepted=0 window=0 ratio=0 cv=0 stable=0 metricVerified=1 worldUnitsPerMeter=0.99855119
[2026-10-10 03:30:50.064] [INFO] FRR_MOTION_V1 capture=707000 cohort=156 generation=1 model=2030390099 timeMs=883703 dt=0 valid=1 safe=0 grounded=1 x=702.357239 y=115.286835 z=1527.37073 speed=0 speedometer=-1.75332787e-07 absolute=0 local=0 linear=0 vx=-0 vy=0 vz=0 slip=0 accepted=0 window=0 ratio=0 cv=0 stable=0 metricVerified=1 worldUnitsPerMeter=0.99855119
[2026-10-10 03:30:50.064] [INFO] Runtime heartbeat: mode=Transition inWorld=1 raceMode=Roaming loading=0 inNIS=0 fade=1 flow=6 IVehicle=0x46EB41C PVehicle=0x46EB370 raceStatus=0xED291F8 roadNetwork=0x46CD390 pvehicleCount=57 playerCrossCheck=1 vehicles=18 human=1 traffic=13 cops=1 racers=1 none=2 nisCars=0 remote=0 unknown=0 cash=335950 careerCars=3 currentCarHandle=89 careerCompleted=0 profileKey=pseudonymous caps=[world:1,player:1,freeroam:0,road:1,roadNav:1,careerRead:1,spawnWrite:0,economyWrite:0,garageWrite:0] motion=[speed:0.000,speedometer:-0.000,absSpeed:0.000,localMag:0.000,linearMag:0.000,slip:0.000,wheels:4,units:engine/unverified] roadNav=[ai:0xECE270C,curSeg:0,curLane:0,curWidthWorld:0.0,curSpanWorld:0.0,curSegTime:0.000,curCurve:0.0000,curRoadOcc:0,curAvoidOcc:0,curOccBehind:0,futureSeg:0,futureLane:0,futureWidthWorld:0.0,navGapWorld:0.0,futureRoadOcc:0,futureAvoidOcc:0,seekDistWorld:1685.1,seekProjWorld:0.0,farDistWorld:1685.1,farProjWorld:0.0,playerPos:(702.4,115.3,1527.4),seek:(0.0,0.0,0.0),far:(0.0,0.0,0.0),units:world]
[2026-10-10 03:30:50.064] [INFO] Vehicle-spatial observation: registryComplete=0 registryCount=0 enabledActive=0 ignoredInactive=0 boxes=0 failedSpatialReads=0 halfExtentSemanticsResearchBacked=1 learnedModels=0 verifiedLearnedModels=0 catalogFootprintKey=0x0
[2026-10-10 03:30:50.064] [INFO] Primary-camera observation: coherent=0 viewId=0 coordinateMapping=sim(z,-x,y)_to_render fullPlayerViewCoverageVerified=0 renderEnvelopeVerified=0 spawnVisibilityVerified=0
[2026-10-10 03:30:50.064] [INFO] Road-candidate observations: count=4 exactUsable=0 [CurrentRoad:RoadInvalid,seg=0,lane=0,distWorld=1685.1,projWorld=0.0,pointOccupancy=unverified,fleetChecked=0,fleetInvalid=0,selectedRivalId=18331059014694192571,selectedVehicleKey=0x79054b53,preconstructionOverlap=unverified,overlapVerified=0,promotion=RoadInvalid,primaryCamera=unverified,separatingPlane=-1,completeSpawnVisibilityVerified=0] [FutureRoad:RoadInvalid,seg=0,lane=0,distWorld=1685.1,projWorld=0.0,pointOccupancy=unverified,fleetChecked=0,fleetInvalid=0,selectedRivalId=18331059014694192571,selectedVehicleKey=0x79054b53,preconstructionOverlap=unverified,overlapVerified=0,promotion=RoadInvalid,primaryCamera=unverified,separatingPlane=-1,completeSpawnVisibilityVerified=0] [SeekAhead:RoadGeometryAssociationUnverified,seg=0,lane=0,distWorld=1685.1,projWorld=0.0,pointOccupancy=unverified,fleetChecked=0,fleetInvalid=0,selectedRivalId=18331059014694192571,selectedVehicleKey=0x79054b53,preconstructionOverlap=unverified,overlapVerified=0,promotion=RoadGeometryAssociationUnverified,primaryCamera=unverified,separatingPlane=-1,completeSpawnVisibilityVerified=0] [FarFuture:RoadGeometryAssociationUnverified,seg=0,lane=0,distWorld=1685.1,projWorld=0.0,pointOccupancy=unverified,fleetChecked=0,fleetInvalid=0,selectedRivalId=18331059014694192571,selectedVehicleKey=0x79054b53,preconstructionOverlap=unverified,overlapVerified=0,promotion=RoadGeometryAssociationUnverified,primaryCamera=unverified,separatingPlane=-1,completeSpawnVisibilityVerified=0]
[2026-10-10 03:30:50.064] [INFO] World-collision evidence: addressAvailable=1 gameplayThreadConfirmed=1 result=pending_or_unavailable cameraVisibilityVerified=0 streamingVerified=0
[2026-10-10 03:30:50.120] [INFO] PostRace observation revoked: inWorld=1 nis=0 fade=1 loading=0 playerCrossCheck=1 raceEvidenceRetained=0 capturedRaceCount=0 readOnly=1 lifetimeProven=0
[2026-10-10 03:30:50.271] [INFO] FRR_MOTION_V1 capture=707000 cohort=157 generation=1 model=2030390099 timeMs=883906 dt=0 valid=1 safe=0 grounded=1 x=702.357239 y=115.286835 z=1527.37073 speed=0 speedometer=-1.75332787e-07 absolute=0 local=0 linear=0 vx=-0 vy=0 vz=0 slip=0 accepted=0 window=0 ratio=0 cv=0 stable=0 metricVerified=1 worldUnitsPerMeter=0.99855119
[2026-10-10 03:30:50.476] [INFO] FRR_MOTION_V1 capture=707000 cohort=158 generation=1 model=2030390099 timeMs=884109 dt=0 valid=1 safe=0 grounded=1 x=702.357239 y=115.286835 z=1527.37073 speed=0 speedometer=-1.75332787e-07 absolute=0 local=0 linear=0 vx=-0 vy=0 vz=0 slip=0 accepted=0 window=0 ratio=0 cv=0 stable=0 metricVerified=1 worldUnitsPerMeter=0.99855119
[2026-10-10 03:30:50.630] [INFO] PostRace observation revoked: inWorld=0 nis=0 fade=1 loading=0 playerCrossCheck=0 raceEvidenceRetained=0 capturedRaceCount=0 readOnly=1 lifetimeProven=0
[2026-10-10 03:30:50.659] [INFO] FRR_MOTION_V1 capture=707000 cohort=159 generation=1 model=0 timeMs=884296 dt=0 valid=0 safe=0 grounded=0 x=0 y=0 z=0 speed=0 speedometer=0 absolute=0 local=0 linear=0 vx=0 vy=0 vz=0 slip=0 accepted=0 window=0 ratio=0 cv=0 stable=0 metricVerified=1 worldUnitsPerMeter=0.99855119
[2026-10-10 03:30:50.659] [INFO] Runtime state changed: mode=NoWorld inWorld=0 raceMode=Unknown loading=0 inNIS=0 fade=1 flow=1 IVehicle=0x0 PVehicle=0x0 raceStatus=0x0 roadNetwork=0x0 pvehicleCount=57 playerCrossCheck=0 vehicles=0 human=0 traffic=0 cops=0 racers=0 none=0 nisCars=0 remote=0 unknown=0 cash=335950 careerCars=3 currentCarHandle=89 careerCompleted=0 profileKey=pseudonymous caps=[world:0,player:0,freeroam:0,road:0,roadNav:0,careerRead:1,spawnWrite:0,economyWrite:0,garageWrite:0] motion=unavailable roadNav=unavailable
[2026-10-10 03:30:50.790] [INFO] FRR_MOTION_V1 capture=707000 cohort=160 generation=1 model=0 timeMs=884437 dt=0 valid=0 safe=0 grounded=0 x=0 y=0 z=0 speed=0 speedometer=0 absolute=0 local=0 linear=0 vx=0 vy=0 vz=0 slip=0 accepted=0 window=0 ratio=0 cv=0 stable=0 metricVerified=1 worldUnitsPerMeter=0.99855119
[2026-10-10 03:30:50.790] [INFO] Runtime state changed: mode=NoWorld inWorld=0 raceMode=Unknown loading=0 inNIS=0 fade=0 flow=3 IVehicle=0x0 PVehicle=0x0 raceStatus=0x0 roadNetwork=0x0 pvehicleCount=57 playerCrossCheck=0 vehicles=0 human=0 traffic=0 cops=0 racers=0 none=0 nisCars=0 remote=0 unknown=0 cash=335950 careerCars=3 currentCarHandle=89 careerCompleted=0 profileKey=pseudonymous caps=[world:0,player:0,freeroam:0,road:0,roadNav:0,careerRead:1,spawnWrite:0,economyWrite:0,garageWrite:0] motion=unavailable roadNav=unavailable
[2026-10-10 03:30:50.915] [INFO] FRR_MOTION_V1 capture=707000 cohort=161 generation=1 model=0 timeMs=884562 dt=0 valid=0 safe=0 grounded=0 x=0 y=0 z=0 speed=0 speedometer=0 absolute=0 local=0 linear=0 vx=0 vy=0 vz=0 slip=0 accepted=0 window=0 ratio=0 cv=0 stable=0 metricVerified=1 worldUnitsPerMeter=0.99855119
[2026-10-10 03:30:51.040] [INFO] FRR_MOTION_V1 capture=707000 cohort=162 generation=1 model=0 timeMs=884671 dt=0 valid=0 safe=0 grounded=0 x=0 y=0 z=0 speed=0 speedometer=0 absolute=0 local=0 linear=0 vx=0 vy=0 vz=0 slip=0 accepted=0 window=0 ratio=0 cv=0 stable=0 metricVerified=1 worldUnitsPerMeter=0.99855119
[2026-10-10 03:30:51.122] [INFO] PostRace observation revoked: inWorld=0 nis=0 fade=0 loading=0 playerCrossCheck=0 raceEvidenceRetained=0 capturedRaceCount=0 readOnly=1 lifetimeProven=0
[2026-10-10 03:30:51.165] [INFO] FRR_MOTION_V1 capture=707000 cohort=163 generation=1 model=0 timeMs=884796 dt=0 valid=0 safe=0 grounded=0 x=0 y=0 z=0 speed=0 speedometer=0 absolute=0 local=0 linear=0 vx=0 vy=0 vz=0 slip=0 accepted=0 window=0 ratio=0 cv=0 stable=0 metricVerified=1 worldUnitsPerMeter=0.99855119
[2026-10-10 03:30:51.290] [INFO] FRR_MOTION_V1 capture=707000 cohort=164 generation=1 model=0 timeMs=884937 dt=0 valid=0 safe=0 grounded=0 x=0 y=0 z=0 speed=0 speedometer=0 absolute=0 local=0 linear=0 vx=0 vy=0 vz=0 slip=0 accepted=0 window=0 ratio=0 cv=0 stable=0 metricVerified=1 worldUnitsPerMeter=0.99855119
[2026-10-10 03:30:51.415] [INFO] FRR_MOTION_V1 capture=707000 cohort=165 generation=1 model=0 timeMs=885062 dt=0 valid=0 safe=0 grounded=0 x=0 y=0 z=0 speed=0 speedometer=0 absolute=0 local=0 linear=0 vx=0 vy=0 vz=0 slip=0 accepted=0 window=0 ratio=0 cv=0 stable=0 metricVerified=1 worldUnitsPerMeter=0.99855119
[2026-10-10 03:30:51.540] [INFO] FRR_MOTION_V1 capture=707000 cohort=166 generation=1 model=0 timeMs=885171 dt=0 valid=0 safe=0 grounded=0 x=0 y=0 z=0 speed=0 speedometer=0 absolute=0 local=0 linear=0 vx=0 vy=0 vz=0 slip=0 accepted=0 window=0 ratio=0 cv=0 stable=0 metricVerified=1 worldUnitsPerMeter=0.99855119
[2026-10-10 03:30:51.622] [INFO] PostRace observation revoked: inWorld=0 nis=0 fade=0 loading=0 playerCrossCheck=0 raceEvidenceRetained=0 capturedRaceCount=0 readOnly=1 lifetimeProven=0
[2026-10-10 03:30:51.665] [INFO] FRR_MOTION_V1 capture=707000 cohort=167 generation=1 model=0 timeMs=885296 dt=0 valid=0 safe=0 grounded=0 x=0 y=0 z=0 speed=0 speedometer=0 absolute=0 local=0 linear=0 vx=0 vy=0 vz=0 slip=0 accepted=0 window=0 ratio=0 cv=0 stable=0 metricVerified=1 worldUnitsPerMeter=0.99855119
[2026-10-10 03:30:51.790] [INFO] FRR_MOTION_V1 capture=707000 cohort=168 generation=1 model=0 timeMs=885437 dt=0 valid=0 safe=0 grounded=0 x=0 y=0 z=0 speed=0 speedometer=0 absolute=0 local=0 linear=0 vx=0 vy=0 vz=0 slip=0 accepted=0 window=0 ratio=0 cv=0 stable=0 metricVerified=1 worldUnitsPerMeter=0.99855119
[2026-10-10 03:30:51.915] [INFO] FRR_MOTION_V1 capture=707000 cohort=169 generation=1 model=0 timeMs=885546 dt=0 valid=0 safe=0 grounded=0 x=0 y=0 z=0 speed=0 speedometer=0 absolute=0 local=0 linear=0 vx=0 vy=0 vz=0 slip=0 accepted=0 window=0 ratio=0 cv=0 stable=0 metricVerified=1 worldUnitsPerMeter=0.99855119
[2026-10-10 03:30:52.040] [INFO] FRR_MOTION_V1 capture=707000 cohort=170 generation=1 model=0 timeMs=885687 dt=0 valid=0 safe=0 grounded=0 x=0 y=0 z=0 speed=0 speedometer=0 absolute=0 local=0 linear=0 vx=0 vy=0 vz=0 slip=0 accepted=0 window=0 ratio=0 cv=0 stable=0 metricVerified=1 worldUnitsPerMeter=0.99855119
[2026-10-10 03:30:52.122] [INFO] PostRace observation revoked: inWorld=0 nis=0 fade=0 loading=0 playerCrossCheck=0 raceEvidenceRetained=0 capturedRaceCount=0 readOnly=1 lifetimeProven=0
[2026-10-10 03:30:52.165] [INFO] FRR_MOTION_V1 capture=707000 cohort=171 generation=1 model=0 timeMs=885812 dt=0 valid=0 safe=0 grounded=0 x=0 y=0 z=0 speed=0 speedometer=0 absolute=0 local=0 linear=0 vx=0 vy=0 vz=0 slip=0 accepted=0 window=0 ratio=0 cv=0 stable=0 metricVerified=1 worldUnitsPerMeter=0.99855119
[2026-10-10 03:30:52.291] [INFO] FRR_MOTION_V1 capture=707000 cohort=172 generation=1 model=0 timeMs=885921 dt=0 valid=0 safe=0 grounded=0 x=0 y=0 z=0 speed=0 speedometer=0 absolute=0 local=0 linear=0 vx=0 vy=0 vz=0 slip=0 accepted=0 window=0 ratio=0 cv=0 stable=0 metricVerified=1 worldUnitsPerMeter=0.99855119
[2026-10-10 03:30:52.416] [INFO] FRR_MOTION_V1 capture=707000 cohort=173 generation=1 model=0 timeMs=886062 dt=0 valid=0 safe=0 grounded=0 x=0 y=0 z=0 speed=0 speedometer=0 absolute=0 local=0 linear=0 vx=0 vy=0 vz=0 slip=0 accepted=0 window=0 ratio=0 cv=0 stable=0 metricVerified=1 worldUnitsPerMeter=0.99855119
[2026-10-10 03:30:52.540] [INFO] FRR_MOTION_V1 capture=707000 cohort=174 generation=1 model=0 timeMs=886171 dt=0 valid=0 safe=0 grounded=0 x=0 y=0 z=0 speed=0 speedometer=0 absolute=0 local=0 linear=0 vx=0 vy=0 vz=0 slip=0 accepted=0 window=0 ratio=0 cv=0 stable=0 metricVerified=1 worldUnitsPerMeter=0.99855119
[2026-10-10 03:30:52.622] [INFO] PostRace observation revoked: inWorld=0 nis=0 fade=0 loading=0 playerCrossCheck=0 raceEvidenceRetained=0 capturedRaceCount=0 readOnly=1 lifetimeProven=0
[2026-10-10 03:30:52.665] [INFO] FRR_MOTION_V1 capture=707000 cohort=175 generation=1 model=0 timeMs=886296 dt=0 valid=0 safe=0 grounded=0 x=0 y=0 z=0 speed=0 speedometer=0 absolute=0 local=0 linear=0 vx=0 vy=0 vz=0 slip=0 accepted=0 window=0 ratio=0 cv=0 stable=0 metricVerified=1 worldUnitsPerMeter=0.99855119
[2026-10-10 03:30:52.790] [INFO] FRR_MOTION_V1 capture=707000 cohort=176 generation=1 model=0 timeMs=886437 dt=0 valid=0 safe=0 grounded=0 x=0 y=0 z=0 speed=0 speedometer=0 absolute=0 local=0 linear=0 vx=0 vy=0 vz=0 slip=0 accepted=0 window=0 ratio=0 cv=0 stable=0 metricVerified=1 worldUnitsPerMeter=0.99855119
[2026-10-10 03:30:52.790] [INFO] Runtime heartbeat: mode=NoWorld inWorld=0 raceMode=Unknown loading=0 inNIS=0 fade=0 flow=3 IVehicle=0x0 PVehicle=0x0 raceStatus=0x0 roadNetwork=0x0 pvehicleCount=57 playerCrossCheck=0 vehicles=0 human=0 traffic=0 cops=0 racers=0 none=0 nisCars=0 remote=0 unknown=0 cash=335950 careerCars=3 currentCarHandle=89 careerCompleted=0 profileKey=pseudonymous caps=[world:0,player:0,freeroam:0,road:0,roadNav:0,careerRead:1,spawnWrite:0,economyWrite:0,garageWrite:0] motion=unavailable roadNav=unavailable
[2026-10-10 03:30:52.790] [INFO] Primary-camera observation: coherent=0 viewId=0 coordinateMapping=sim(z,-x,y)_to_render fullPlayerViewCoverageVerified=0 renderEnvelopeVerified=0 spawnVisibilityVerified=0
[2026-10-10 03:30:52.790] [INFO] World-collision evidence: addressAvailable=1 gameplayThreadConfirmed=1 result=pending_or_unavailable cameraVisibilityVerified=0 streamingVerified=0
[2026-10-10 03:30:52.915] [INFO] FRR_MOTION_V1 capture=707000 cohort=177 generation=1 model=0 timeMs=886562 dt=0 valid=0 safe=0 grounded=0 x=0 y=0 z=0 speed=0 speedometer=0 absolute=0 local=0 linear=0 vx=0 vy=0 vz=0 slip=0 accepted=0 window=0 ratio=0 cv=0 stable=0 metricVerified=1 worldUnitsPerMeter=0.99855119
[2026-10-10 03:30:53.040] [INFO] FRR_MOTION_V1 capture=707000 cohort=178 generation=1 model=0 timeMs=886687 dt=0 valid=0 safe=0 grounded=0 x=0 y=0 z=0 speed=0 speedometer=0 absolute=0 local=0 linear=0 vx=0 vy=0 vz=0 slip=0 accepted=0 window=0 ratio=0 cv=0 stable=0 metricVerified=1 worldUnitsPerMeter=0.99855119
[2026-10-10 03:30:53.122] [INFO] PostRace observation revoked: inWorld=0 nis=0 fade=0 loading=0 playerCrossCheck=0 raceEvidenceRetained=0 capturedRaceCount=0 readOnly=1 lifetimeProven=0
[2026-10-10 03:30:53.165] [INFO] FRR_MOTION_V1 capture=707000 cohort=179 generation=1 model=0 timeMs=886796 dt=0 valid=0 safe=0 grounded=0 x=0 y=0 z=0 speed=0 speedometer=0 absolute=0 local=0 linear=0 vx=0 vy=0 vz=0 slip=0 accepted=0 window=0 ratio=0 cv=0 stable=0 metricVerified=1 worldUnitsPerMeter=0.99855119
[2026-10-10 03:30:53.290] [INFO] FRR_MOTION_V1 capture=707000 cohort=180 generation=1 model=0 timeMs=886937 dt=0 valid=0 safe=0 grounded=0 x=0 y=0 z=0 speed=0 speedometer=0 absolute=0 local=0 linear=0 vx=0 vy=0 vz=0 slip=0 accepted=0 window=0 ratio=0 cv=0 stable=0 metricVerified=1 worldUnitsPerMeter=0.99855119
[2026-10-10 03:30:53.415] [INFO] FRR_MOTION_V1 capture=707000 cohort=181 generation=1 model=0 timeMs=887062 dt=0 valid=0 safe=0 grounded=0 x=0 y=0 z=0 speed=0 speedometer=0 absolute=0 local=0 linear=0 vx=0 vy=0 vz=0 slip=0 accepted=0 window=0 ratio=0 cv=0 stable=0 metricVerified=1 worldUnitsPerMeter=0.99855119
[2026-10-10 03:30:53.450] [WARN] NativePrototype blocked=world_transition_no_old_pointer_reads stage=retiring
[2026-10-10 03:30:53.540] [INFO] FRR_MOTION_V1 capture=707000 cohort=182 generation=1 model=0 timeMs=887187 dt=0 valid=0 safe=0 grounded=0 x=0 y=0 z=0 speed=0 speedometer=0 absolute=0 local=0 linear=0 vx=0 vy=0 vz=0 slip=0 accepted=0 window=0 ratio=0 cv=0 stable=0 metricVerified=1 worldUnitsPerMeter=0.99855119
[2026-10-10 03:30:53.623] [INFO] PostRace observation revoked: inWorld=0 nis=0 fade=0 loading=0 playerCrossCheck=0 raceEvidenceRetained=0 capturedRaceCount=0 readOnly=1 lifetimeProven=0
[2026-10-10 03:30:53.665] [INFO] FRR_MOTION_V1 capture=707000 cohort=183 generation=1 model=0 timeMs=887312 dt=0 valid=0 safe=0 grounded=0 x=0 y=0 z=0 speed=0 speedometer=0 absolute=0 local=0 linear=0 vx=0 vy=0 vz=0 slip=0 accepted=0 window=0 ratio=0 cv=0 stable=0 metricVerified=1 worldUnitsPerMeter=0.99855119
[2026-10-10 03:30:53.790] [INFO] FRR_MOTION_V1 capture=707000 cohort=184 generation=1 model=0 timeMs=887437 dt=0 valid=0 safe=0 grounded=0 x=0 y=0 z=0 speed=0 speedometer=0 absolute=0 local=0 linear=0 vx=0 vy=0 vz=0 slip=0 accepted=0 window=0 ratio=0 cv=0 stable=0 metricVerified=1 worldUnitsPerMeter=0.99855119
[2026-10-10 03:30:53.915] [INFO] FRR_MOTION_V1 capture=707000 cohort=185 generation=1 model=0 timeMs=887562 dt=0 valid=0 safe=0 grounded=0 x=0 y=0 z=0 speed=0 speedometer=0 absolute=0 local=0 linear=0 vx=0 vy=0 vz=0 slip=0 accepted=0 window=0 ratio=0 cv=0 stable=0 metricVerified=1 worldUnitsPerMeter=0.99855119
[2026-10-10 03:30:54.040] [INFO] FRR_MOTION_V1 capture=707000 cohort=186 generation=1 model=0 timeMs=887687 dt=0 valid=0 safe=0 grounded=0 x=0 y=0 z=0 speed=0 speedometer=0 absolute=0 local=0 linear=0 vx=0 vy=0 vz=0 slip=0 accepted=0 window=0 ratio=0 cv=0 stable=0 metricVerified=1 worldUnitsPerMeter=0.99855119
[2026-10-10 03:30:54.123] [INFO] PostRace observation revoked: inWorld=0 nis=0 fade=0 loading=0 playerCrossCheck=0 raceEvidenceRetained=0 capturedRaceCount=0 readOnly=1 lifetimeProven=0
[2026-10-10 03:30:54.165] [INFO] FRR_MOTION_V1 capture=707000 cohort=187 generation=1 model=0 timeMs=887796 dt=0 valid=0 safe=0 grounded=0 x=0 y=0 z=0 speed=0 speedometer=0 absolute=0 local=0 linear=0 vx=0 vy=0 vz=0 slip=0 accepted=0 window=0 ratio=0 cv=0 stable=0 metricVerified=1 worldUnitsPerMeter=0.99855119
[2026-10-10 03:30:54.290] [INFO] FRR_MOTION_V1 capture=707000 cohort=188 generation=1 model=0 timeMs=887937 dt=0 valid=0 safe=0 grounded=0 x=0 y=0 z=0 speed=0 speedometer=0 absolute=0 local=0 linear=0 vx=0 vy=0 vz=0 slip=0 accepted=0 window=0 ratio=0 cv=0 stable=0 metricVerified=1 worldUnitsPerMeter=0.99855119
[2026-10-10 03:30:54.415] [INFO] FRR_MOTION_V1 capture=707000 cohort=189 generation=1 model=0 timeMs=888062 dt=0 valid=0 safe=0 grounded=0 x=0 y=0 z=0 speed=0 speedometer=0 absolute=0 local=0 linear=0 vx=0 vy=0 vz=0 slip=0 accepted=0 window=0 ratio=0 cv=0 stable=0 metricVerified=1 worldUnitsPerMeter=0.99855119
[2026-10-10 03:30:54.540] [INFO] FRR_MOTION_V1 capture=707000 cohort=190 generation=1 model=0 timeMs=888171 dt=0 valid=0 safe=0 grounded=0 x=0 y=0 z=0 speed=0 speedometer=0 absolute=0 local=0 linear=0 vx=0 vy=0 vz=0 slip=0 accepted=0 window=0 ratio=0 cv=0 stable=0 metricVerified=1 worldUnitsPerMeter=0.99855119
[2026-10-10 03:30:54.623] [INFO] PostRace observation revoked: inWorld=0 nis=0 fade=0 loading=0 playerCrossCheck=0 raceEvidenceRetained=0 capturedRaceCount=0 readOnly=1 lifetimeProven=0
[2026-10-10 03:30:54.666] [INFO] FRR_MOTION_V1 capture=707000 cohort=191 generation=1 model=0 timeMs=888312 dt=0 valid=0 safe=0 grounded=0 x=0 y=0 z=0 speed=0 speedometer=0 absolute=0 local=0 linear=0 vx=0 vy=0 vz=0 slip=0 accepted=0 window=0 ratio=0 cv=0 stable=0 metricVerified=1 worldUnitsPerMeter=0.99855119
[2026-10-10 03:30:54.790] [INFO] FRR_MOTION_V1 capture=707000 cohort=192 generation=1 model=0 timeMs=888437 dt=0 valid=0 safe=0 grounded=0 x=0 y=0 z=0 speed=0 speedometer=0 absolute=0 local=0 linear=0 vx=0 vy=0 vz=0 slip=0 accepted=0 window=0 ratio=0 cv=0 stable=0 metricVerified=1 worldUnitsPerMeter=0.99855119
[2026-10-10 03:30:54.916] [INFO] FRR_MOTION_V1 capture=707000 cohort=193 generation=1 model=0 timeMs=888562 dt=0 valid=0 safe=0 grounded=0 x=0 y=0 z=0 speed=0 speedometer=0 absolute=0 local=0 linear=0 vx=0 vy=0 vz=0 slip=0 accepted=0 window=0 ratio=0 cv=0 stable=0 metricVerified=1 worldUnitsPerMeter=0.99855119
[2026-10-10 03:30:55.040] [INFO] FRR_MOTION_V1 capture=707000 cohort=194 generation=1 model=0 timeMs=888687 dt=0 valid=0 safe=0 grounded=0 x=0 y=0 z=0 speed=0 speedometer=0 absolute=0 local=0 linear=0 vx=0 vy=0 vz=0 slip=0 accepted=0 window=0 ratio=0 cv=0 stable=0 metricVerified=1 worldUnitsPerMeter=0.99855119
[2026-10-10 03:30:55.123] [INFO] PostRace observation revoked: inWorld=0 nis=0 fade=0 loading=0 playerCrossCheck=0 raceEvidenceRetained=0 capturedRaceCount=0 readOnly=1 lifetimeProven=0
[2026-10-10 03:30:55.166] [INFO] FRR_MOTION_V1 capture=707000 cohort=195 generation=1 model=0 timeMs=888812 dt=0 valid=0 safe=0 grounded=0 x=0 y=0 z=0 speed=0 speedometer=0 absolute=0 local=0 linear=0 vx=0 vy=0 vz=0 slip=0 accepted=0 window=0 ratio=0 cv=0 stable=0 metricVerified=1 worldUnitsPerMeter=0.99855119
[2026-10-10 03:30:55.291] [INFO] FRR_MOTION_V1 capture=707000 cohort=196 generation=1 model=0 timeMs=888937 dt=0 valid=0 safe=0 grounded=0 x=0 y=0 z=0 speed=0 speedometer=0 absolute=0 local=0 linear=0 vx=0 vy=0 vz=0 slip=0 accepted=0 window=0 ratio=0 cv=0 stable=0 metricVerified=1 worldUnitsPerMeter=0.99855119
[2026-10-10 03:30:55.291] [INFO] Runtime heartbeat: mode=NoWorld inWorld=0 raceMode=Unknown loading=0 inNIS=0 fade=0 flow=3 IVehicle=0x0 PVehicle=0x0 raceStatus=0x0 roadNetwork=0x0 pvehicleCount=57 playerCrossCheck=0 vehicles=0 human=0 traffic=0 cops=0 racers=0 none=0 nisCars=0 remote=0 unknown=0 cash=335950 careerCars=3 currentCarHandle=89 careerCompleted=0 profileKey=pseudonymous caps=[world:0,player:0,freeroam:0,road:0,roadNav:0,careerRead:1,spawnWrite:0,economyWrite:0,garageWrite:0] motion=unavailable roadNav=unavailable
[2026-10-10 03:30:55.291] [INFO] Primary-camera observation: coherent=0 viewId=0 coordinateMapping=sim(z,-x,y)_to_render fullPlayerViewCoverageVerified=0 renderEnvelopeVerified=0 spawnVisibilityVerified=0
[2026-10-10 03:30:55.291] [INFO] World-collision evidence: addressAvailable=1 gameplayThreadConfirmed=1 result=pending_or_unavailable cameraVisibilityVerified=0 streamingVerified=0
[2026-10-10 03:30:55.415] [INFO] FRR_MOTION_V1 capture=707000 cohort=197 generation=1 model=0 timeMs=889062 dt=0 valid=0 safe=0 grounded=0 x=0 y=0 z=0 speed=0 speedometer=0 absolute=0 local=0 linear=0 vx=0 vy=0 vz=0 slip=0 accepted=0 window=0 ratio=0 cv=0 stable=0 metricVerified=1 worldUnitsPerMeter=0.99855119
